transaction_id,account_id,merchant_id,amount,currency,status,payment_method,transaction_timestamp
TXN_000000001,ACC_000655,MER_00040,153.21,INR,success,upi,2026-07-20T15:49:51.760363
TXN_000000002,ACC_000724,MER_00106,150.31,INR,success,net_banking,2026-08-23T08:30:20.760363
TXN_000000003,ACC_000070,MER_00096,246.54,INR,success,net_banking,2026-07-06T17:11:59.760363
TXN_000000004,ACC_000035,MER_00140,320.04,INR,success,upi,2026-07-08T23:58:27.760363
TXN_000000005,ACC_000957,MER_00104,136.06,INR,success,card,2026-08-21T08:08:58.760363
TXN_000000006,ACC_000988,MER_00188,189.45,INR,success,upi,2026-08-09T09:42:29.760363
TXN_000000007,ACC_000829,MER_00100,283.48,INR,success,net_banking,2026-07-05T20:28:32.760363
TXN_000000008,ACC_000656,MER_00094,28.2,INR,success,card,2026-08-07T03:47:05.760363
TXN_000000009,ACC_000506,MER_00070,64.6,INR,failed,net_banking,2026-06-29T18:15:19.760363
TXN_000000010,ACC_000667,MER_00109,270.94,INR,pending,upi,2026-08-04T05:02:20.760363
TXN_000000011,ACC_000241,MER_00093,132.16,INR,pending,net_banking,2026-06-23T10:03:42.760363
TXN_000000012,ACC_000953,MER_00196,498.11,INR,success,upi,2026-06-11T09:04:57.760363
TXN_000000013,ACC_000665,MER_00173,212.83,INR,success,net_banking,2026-05-28T04:22:07.760363
TXN_000000014,ACC_000621,MER_00045,428.57,INR,failed,net_banking,2026-07-04T21:55:32.760363
TXN_000000015,ACC_000391,MER_00144,175.55,INR,success,net_banking,2026-06-30T20:30:59.760363
TXN_000000016,ACC_000696,MER_00194,264.66,INR,success,wallet,2026-07-14T10:09:28.760363
TXN_000000017,ACC_000151,MER_00161,221.71,INR,success,wallet,2026-07-07T12:10:01.760363
TXN_000000018,ACC_000332,MER_00079,728.14,INR,success,wallet,2026-08-17T21:10:28.760363
TXN_000000019,ACC_000502,MER_00024,464.04,INR,success,upi,2026-06-26T03:58:06.760363
TXN_000000020,ACC_000467,MER_00143,147.52,INR,success,net_banking,2026-08-21T14:30:37.760363
TXN_000000021,ACC_000633,MER_00182,426.43,INR,success,card,2026-06-10T22:39:44.760363
TXN_000000022,ACC_000344,MER_00032,361.99,INR,success,card,2026-08-04T03:54:34.760363
TXN_000000023,ACC_000504,MER_00116,359.0,INR,success,net_banking,2026-08-16T22:08:59.760363
TXN_000000024,ACC_000330,MER_00167,74.68,INR,success,upi,2026-08-02T14:52:26.760363
TXN_000000025,ACC_000809,MER_00018,53.79,INR,success,net_banking,2026-07-06T13:59:50.760363
TXN_000000026,ACC_000571,MER_00089,438.63,INR,success,upi,2026-07-10T19:16:15.760363
TXN_000000027,ACC_000867,MER_00161,616.98,INR,success,card,2026-08-12T08:24:32.760363
TXN_000000028,ACC_000714,MER_00015,197.69,INR,pending,card,2026-06-07T17:06:03.760363
TXN_000000029,ACC_000539,MER_00067,158.7,INR,success,upi,2026-08-15T19:03:50.760363
TXN_000000030,ACC_000367,MER_00126,793.05,INR,success,card,2026-07-30T12:46:39.760363
TXN_000000031,ACC_000408,MER_00091,583.06,INR,success,wallet,2026-07-23T17:12:29.760363
TXN_000000032,ACC_000580,MER_00117,1300.54,INR,success,upi,2026-08-11T15:01:55.760363
TXN_000000033,ACC_000558,MER_00116,401.49,INR,success,wallet,2026-08-07T12:40:51.760363
TXN_000000034,ACC_000257,MER_00066,56.55,INR,success,card,2026-06-01T18:55:16.760363
TXN_000000035,ACC_000937,MER_00134,44.53,INR,success,card,2026-07-29T18:50:15.760363
TXN_000000036,ACC_000984,MER_00069,289.53,INR,success,wallet,2026-05-27T16:23:28.760363
TXN_000000037,ACC_000212,MER_00083,55.78,INR,success,card,2026-06-02T02:33:53.760363
TXN_000000038,ACC_000896,MER_00081,803.09,INR,success,net_banking,2026-08-12T22:14:57.760363
TXN_000000039,ACC_000294,MER_00164,338.51,INR,success,card,2026-06-03T07:15:05.760363
TXN_000000040,ACC_000776,MER_00192,402.66,INR,success,upi,2026-07-30T08:18:55.760363
TXN_000000041,ACC_000457,MER_00028,287.15,INR,success,net_banking,2026-08-11T12:53:24.760363
TXN_000000042,ACC_000749,MER_00107,315.93,INR,pending,wallet,2026-08-04T23:02:15.760363
TXN_000000043,ACC_000237,MER_00016,532.62,INR,success,card,2026-08-10T16:37:57.760363
TXN_000000044,ACC_000887,MER_00007,248.67,INR,success,card,2026-07-30T09:09:18.760363
TXN_000000045,ACC_000569,MER_00016,122.43,INR,success,card,2026-07-14T06:20:42.760363
TXN_000000046,ACC_000096,MER_00011,492.97,INR,success,card,2026-08-13T05:27:30.760363
TXN_000000047,ACC_000311,MER_00092,101.07,INR,success,wallet,2026-06-30T05:50:00.760363
TXN_000000048,ACC_000218,MER_00105,125.39,INR,success,wallet,2026-06-23T18:34:57.760363
TXN_000000049,ACC_000503,MER_00064,234.53,INR,success,upi,2026-07-25T16:45:44.760363
TXN_000000050,ACC_000096,MER_00055,86.99,INR,success,upi,2026-07-29T17:15:53.760363
TXN_000000051,ACC_000953,MER_00084,114.24,INR,success,upi,2026-08-03T19:02:58.760363
TXN_000000052,ACC_000071,MER_00088,276.57,INR,failed,wallet,2026-08-04T21:20:06.760363
TXN_000000053,ACC_000273,MER_00179,272.92,INR,success,wallet,2026-08-14T02:22:12.760363
TXN_000000054,ACC_000435,MER_00056,590.98,INR,success,upi,2026-07-23T00:39:00.760363
TXN_000000055,ACC_000535,MER_00192,221.77,INR,success,wallet,2026-06-07T20:12:29.760363
TXN_000000056,ACC_000357,MER_00030,742.63,INR,success,wallet,2026-06-18T12:17:17.760363
TXN_000000057,ACC_000242,MER_00089,345.63,INR,success,net_banking,2026-06-12T18:40:30.760363
TXN_000000058,ACC_000240,MER_00041,755.32,INR,success,net_banking,2026-06-12T23:36:25.760363
TXN_000000059,ACC_000390,MER_00114,475.48,INR,success,card,2026-07-26T05:12:55.760363
TXN_000000060,ACC_000046,MER_00151,187.52,INR,success,net_banking,2026-07-11T00:46:45.760363
TXN_000000061,ACC_000253,MER_00006,302.66,INR,success,wallet,2026-06-19T16:38:30.760363
TXN_000000062,ACC_000300,MER_00112,144.82,INR,success,upi,2026-06-15T14:22:34.760363
TXN_000000063,ACC_000103,MER_00039,282.75,INR,success,wallet,2026-08-11T23:19:30.760363
TXN_000000064,ACC_000108,MER_00170,492.04,INR,success,upi,2026-06-27T08:49:21.760363
TXN_000000065,ACC_000806,MER_00115,18.89,INR,success,card,2026-07-16T11:36:06.760363
TXN_000000066,ACC_000062,MER_00148,447.65,INR,success,net_banking,2026-07-21T21:30:26.760363
TXN_000000067,ACC_000637,MER_00119,199.22,INR,success,upi,2026-06-07T11:40:27.760363
TXN_000000068,ACC_000318,MER_00124,124.96,INR,success,wallet,2026-08-03T23:10:55.760363
TXN_000000069,ACC_000487,MER_00083,137.22,INR,success,wallet,2026-06-22T19:54:47.760363
TXN_000000070,ACC_000369,MER_00193,220.92,INR,success,wallet,2026-08-22T09:33:21.760363
TXN_000000071,ACC_000551,MER_00082,613.32,INR,success,card,2026-08-12T14:44:34.760363
TXN_000000072,ACC_000737,MER_00149,325.82,INR,failed,wallet,2026-06-20T07:40:09.760363
TXN_000000073,ACC_000872,MER_00147,225.73,INR,success,card,2026-07-24T01:23:32.760363
TXN_000000074,ACC_000054,MER_00152,49.13,INR,success,upi,2026-06-24T07:11:30.760363
TXN_000000075,ACC_000194,MER_00121,341.04,INR,success,net_banking,2026-06-13T06:44:43.760363
TXN_000000076,ACC_000632,MER_00197,84.16,INR,success,wallet,2026-08-05T09:36:23.760363
TXN_000000077,ACC_000812,MER_00178,408.14,INR,success,net_banking,2026-06-25T06:42:52.760363
TXN_000000078,ACC_000390,MER_00025,81.87,INR,success,wallet,2026-07-10T00:34:24.760363
TXN_000000079,ACC_000382,MER_00040,318.57,INR,success,net_banking,2026-06-10T16:28:59.760363
TXN_000000080,ACC_000998,MER_00120,69.93,INR,success,card,2026-07-17T08:14:51.760363
TXN_000000081,ACC_000970,MER_00116,464.3,INR,success,wallet,2026-07-11T02:59:01.760363
TXN_000000082,ACC_000261,MER_00083,315.26,INR,success,net_banking,2026-07-02T19:16:48.760363
TXN_000000083,ACC_000586,MER_00152,228.42,INR,success,upi,2026-05-29T07:36:09.760363
TXN_000000084,ACC_000603,MER_00035,420.05,INR,success,wallet,2026-08-08T22:13:38.760363
TXN_000000085,ACC_000662,MER_00166,29.04,INR,success,upi,2026-06-09T02:32:48.760363
TXN_000000086,ACC_000942,MER_00175,694.84,INR,success,wallet,2026-08-02T06:00:51.760363
TXN_000000087,ACC_000173,MER_00047,264.4,INR,success,net_banking,2026-06-27T22:47:54.760363
TXN_000000088,ACC_000361,MER_00183,122.32,INR,success,wallet,2026-05-29T22:42:53.760363
TXN_000000089,ACC_000468,MER_00080,816.39,INR,success,card,2026-07-19T00:41:13.760363
TXN_000000090,ACC_000189,MER_00178,223.06,INR,success,card,2026-07-28T12:56:50.760363
TXN_000000091,ACC_000281,MER_00088,494.1,INR,success,wallet,2026-06-10T11:30:04.760363
TXN_000000092,ACC_000823,MER_00166,94.9,INR,success,net_banking,2026-06-19T00:24:12.760363
TXN_000000093,ACC_000091,MER_00041,585.94,INR,success,upi,2026-07-21T02:04:36.760363
TXN_000000094,ACC_000603,MER_00157,402.61,INR,success,wallet,2026-06-27T13:16:11.760363
TXN_000000095,ACC_000264,MER_00121,997.7,INR,success,card,2026-07-05T12:14:41.760363
TXN_000000096,ACC_000284,MER_00076,706.89,INR,success,card,2026-08-02T13:56:50.760363
TXN_000000097,ACC_000109,MER_00130,116.01,INR,failed,wallet,2026-07-12T09:34:21.760363
TXN_000000098,ACC_000887,MER_00129,289.82,INR,success,net_banking,2026-06-18T18:53:19.760363
TXN_000000099,ACC_000449,MER_00068,59.48,INR,success,card,2026-08-12T19:58:05.760363
TXN_000000100,ACC_000554,MER_00004,340.34,INR,success,wallet,2026-07-04T12:42:26.760363
TXN_000000101,ACC_000407,MER_00096,256.76,INR,success,upi,2026-08-19T20:42:24.760363
TXN_000000102,ACC_000891,MER_00045,505.58,INR,failed,net_banking,2026-08-22T20:39:58.760363
TXN_000000103,ACC_000850,MER_00161,321.0,INR,success,card,2026-07-06T06:54:38.760363
TXN_000000104,ACC_000770,MER_00011,750.69,INR,success,card,2026-06-04T12:15:11.760363
TXN_000000105,ACC_000085,MER_00112,351.46,INR,success,upi,2026-07-27T01:11:54.760363
TXN_000000106,ACC_000961,MER_00050,448.18,INR,success,net_banking,2026-07-06T09:49:02.760363
TXN_000000107,ACC_000691,MER_00060,132.3,INR,success,wallet,2026-07-01T19:52:36.760363
TXN_000000108,ACC_000700,MER_00198,24.59,INR,success,wallet,2026-08-22T21:25:09.760363
TXN_000000109,ACC_000723,MER_00072,323.92,INR,success,wallet,2026-08-09T18:43:09.760363
TXN_000000110,ACC_000287,MER_00001,369.17,INR,success,net_banking,2026-07-23T15:16:02.760363
TXN_000000111,ACC_000339,MER_00180,74.23,INR,success,wallet,2026-08-12T07:08:26.760363
TXN_000000112,ACC_000671,MER_00120,334.11,INR,success,card,2026-05-30T22:01:03.760363
TXN_000000113,ACC_000248,MER_00010,84.74,INR,failed,net_banking,2026-06-10T14:04:54.760363
TXN_000000114,ACC_000643,MER_00059,453.8,INR,success,net_banking,2026-07-01T02:57:28.760363
TXN_000000115,ACC_000082,MER_00079,2333.76,INR,success,card,2026-06-02T14:18:47.760363
TXN_000000116,ACC_000319,MER_00066,208.49,INR,success,net_banking,2026-08-10T21:27:07.760363
TXN_000000117,ACC_000786,MER_00058,73.82,INR,success,wallet,2026-08-20T17:16:07.760363
TXN_000000118,ACC_000864,MER_00025,131.0,INR,success,wallet,2026-06-10T15:39:19.760363
TXN_000000119,ACC_000456,MER_00030,157.66,INR,success,net_banking,2026-07-18T08:24:44.760363
TXN_000000120,ACC_000668,MER_00153,303.81,INR,success,wallet,2026-07-08T09:49:12.760363
TXN_000000121,ACC_000579,MER_00003,73.05,INR,success,upi,2026-07-08T08:19:55.760363
TXN_000000122,ACC_000165,MER_00074,879.41,INR,success,wallet,2026-07-27T10:56:26.760363
TXN_000000123,ACC_000455,MER_00018,162.26,INR,failed,upi,2026-08-08T08:56:11.760363
TXN_000000124,ACC_000508,MER_00075,355.19,INR,success,card,2026-08-01T18:23:25.760363
TXN_000000125,ACC_000789,MER_00012,168.54,INR,success,upi,2026-07-22T11:42:36.760363
TXN_000000126,ACC_000271,MER_00084,98.26,INR,pending,upi,2026-08-05T15:47:52.760363
TXN_000000127,ACC_000776,MER_00135,180.72,INR,success,wallet,2026-07-24T16:52:22.760363
TXN_000000128,ACC_000697,MER_00125,409.31,INR,success,wallet,2026-06-11T12:21:17.760363
TXN_000000129,ACC_000455,MER_00172,1368.78,INR,success,net_banking,2026-08-21T07:04:59.760363
TXN_000000130,ACC_000118,MER_00170,269.37,INR,success,net_banking,2026-07-09T02:11:52.760363
TXN_000000131,ACC_000463,MER_00115,552.91,INR,success,upi,2026-06-17T14:08:02.760363
TXN_000000132,ACC_000373,MER_00125,207.44,INR,success,net_banking,2026-08-17T08:06:22.760363
TXN_000000133,ACC_000510,MER_00172,1386.05,INR,success,wallet,2026-06-27T00:33:36.760363
TXN_000000134,ACC_000533,MER_00011,609.09,INR,success,net_banking,2026-06-27T15:12:23.760363
TXN_000000135,ACC_000496,MER_00026,45.51,INR,success,wallet,2026-07-17T02:59:05.760363
TXN_000000136,ACC_000704,MER_00003,57.52,INR,success,net_banking,2026-08-13T09:40:15.760363
TXN_000000137,ACC_000745,MER_00068,788.86,INR,success,net_banking,2026-05-31T14:28:59.760363
TXN_000000138,ACC_000222,MER_00074,256.82,INR,success,card,2026-08-01T10:21:17.760363
TXN_000000139,ACC_000968,MER_00126,126.73,INR,success,card,2026-06-01T02:09:58.760363
TXN_000000140,ACC_000089,MER_00013,431.09,INR,success,upi,2026-08-03T09:43:19.760363
TXN_000000141,ACC_000975,MER_00162,83.4,INR,success,net_banking,2026-07-16T13:41:11.760363
TXN_000000142,ACC_000469,MER_00033,361.94,INR,success,card,2026-08-19T17:52:14.760363
TXN_000000143,ACC_000762,MER_00182,1204.36,INR,success,net_banking,2026-07-29T04:56:07.760363
TXN_000000144,ACC_000287,MER_00054,236.05,INR,success,net_banking,2026-07-23T23:31:36.760363
TXN_000000145,ACC_000797,MER_00168,48.12,INR,success,net_banking,2026-08-07T11:38:37.760363
TXN_000000146,ACC_000029,MER_00082,338.16,INR,success,wallet,2026-08-24T15:23:31.760363
TXN_000000147,ACC_000163,MER_00087,351.85,INR,success,card,2026-07-29T02:16:53.760363
TXN_000000148,ACC_000328,MER_00002,74.91,INR,success,upi,2026-07-29T19:22:39.760363
TXN_000000149,ACC_000269,MER_00029,145.75,INR,success,wallet,2026-08-24T04:02:11.760363
TXN_000000150,ACC_000587,MER_00019,230.9,INR,success,wallet,2026-07-03T07:41:18.760363
TXN_000000151,ACC_000276,MER_00039,649.36,INR,success,card,2026-07-18T04:30:47.760363
TXN_000000152,ACC_000174,MER_00002,360.46,INR,success,card,2026-07-07T11:54:12.760363
TXN_000000153,ACC_000958,MER_00092,94.16,INR,success,upi,2026-08-20T23:40:31.760363
TXN_000000154,ACC_000537,MER_00198,337.0,INR,success,card,2026-08-23T22:10:58.760363
TXN_000000155,ACC_000732,MER_00035,369.64,INR,success,wallet,2026-08-03T00:37:36.760363
TXN_000000156,ACC_000630,MER_00028,621.73,INR,success,card,2026-06-27T06:25:57.760363
TXN_000000157,ACC_000523,MER_00183,1229.96,INR,success,wallet,2026-07-10T02:45:54.760363
TXN_000000158,ACC_000762,MER_00032,317.43,INR,success,wallet,2026-06-14T02:32:15.760363
TXN_000000159,ACC_000138,MER_00109,685.21,INR,success,net_banking,2026-06-05T22:55:58.760363
TXN_000000160,ACC_000231,MER_00043,329.49,INR,success,net_banking,2026-07-14T04:10:16.760363
TXN_000000161,ACC_000302,MER_00036,226.5,INR,success,upi,2026-05-31T03:15:09.760363
TXN_000000162,ACC_000335,MER_00102,1660.24,INR,success,wallet,2026-06-26T10:45:41.760363
TXN_000000163,ACC_000906,MER_00013,96.44,INR,success,upi,2026-08-18T01:57:50.760363
TXN_000000164,ACC_000714,MER_00076,167.7,INR,success,net_banking,2026-06-16T10:19:14.760363
TXN_000000165,ACC_000703,MER_00092,173.43,INR,success,net_banking,2026-07-17T07:57:04.760363
TXN_000000166,ACC_000971,MER_00114,233.77,INR,failed,card,2026-07-09T02:33:39.760363
TXN_000000167,ACC_000982,MER_00008,183.59,INR,success,wallet,2026-08-21T01:00:14.760363
TXN_000000168,ACC_000421,MER_00121,551.16,INR,success,card,2026-06-16T00:42:02.760363
TXN_000000169,ACC_000275,MER_00002,262.59,INR,pending,upi,2026-08-13T09:51:51.760363
TXN_000000170,ACC_000585,MER_00015,1261.95,INR,success,wallet,2026-08-03T14:11:50.760363
TXN_000000171,ACC_000034,MER_00003,275.36,INR,success,card,2026-07-06T20:22:59.760363
TXN_000000172,ACC_000085,MER_00092,376.87,INR,success,upi,2026-06-25T03:04:01.760363
TXN_000000173,ACC_000179,MER_00186,284.97,INR,success,upi,2026-06-08T10:21:56.760363
TXN_000000174,,MER_00002,723.76,INR,success,net_banking,2026-08-18T12:08:10.760363
TXN_000000175,ACC_000912,MER_00085,268.0,INR,success,card,2026-07-07T12:18:05.760363
TXN_000000176,ACC_000742,MER_00189,484.09,INR,success,wallet,2026-08-01T18:14:13.760363
TXN_000000177,ACC_000777,MER_00047,210.41,INR,success,card,2026-06-18T05:45:30.760363
TXN_000000178,ACC_000947,MER_00176,320.32,INR,success,card,2026-07-21T22:41:16.760363
TXN_000000179,ACC_000672,MER_00157,896.24,INR,success,net_banking,2026-06-21T22:46:00.760363
TXN_000000180,ACC_000976,MER_00045,36.27,INR,success,upi,2026-07-01T08:12:28.760363
TXN_000000181,ACC_000678,MER_00137,72.76,INR,success,wallet,2026-06-03T04:01:55.760363
TXN_000000182,ACC_000668,MER_00151,1012.86,INR,success,upi,2026-08-07T19:30:25.760363
TXN_000000183,ACC_000022,MER_00132,464.03,INR,success,wallet,2026-07-30T16:47:06.760363
TXN_000000184,ACC_000295,MER_00198,673.65,INR,success,card,2026-07-05T22:50:56.760363
TXN_000000185,ACC_000222,MER_00184,51.67,INR,success,card,2026-07-17T20:30:03.760363
TXN_000000186,ACC_000289,MER_00165,1192.41,INR,success,wallet,2026-06-22T14:05:58.760363
TXN_000000187,ACC_000987,MER_00093,592.34,INR,pending,net_banking,2026-08-05T14:24:58.760363
TXN_000000188,ACC_000042,MER_00101,135.42,INR,success,wallet,2026-06-04T11:21:30.760363
TXN_000000189,ACC_000081,MER_00190,514.02,INR,success,wallet,2026-08-02T06:03:15.760363
TXN_000000190,ACC_000860,MER_00109,175.09,INR,success,card,2026-06-12T20:53:33.760363
TXN_000000191,ACC_000436,MER_00109,322.76,INR,success,upi,2026-08-03T10:29:17.760363
TXN_000000192,ACC_000315,MER_00153,159.39,INR,success,upi,2026-06-29T03:43:49.760363
TXN_000000193,ACC_000954,MER_00066,188.02,INR,success,wallet,2026-08-07T01:29:31.760363
TXN_000000194,ACC_000296,MER_00191,454.25,INR,success,card,2026-06-07T15:06:27.760363
TXN_000000195,ACC_000099,MER_00080,46.93,INR,success,card,2026-06-29T19:12:55.760363
TXN_000000196,ACC_000258,MER_00142,168.99,INR,success,net_banking,2026-06-11T19:24:55.760363
TXN_000000197,ACC_000501,MER_00057,36.25,INR,success,net_banking,2026-07-25T02:42:04.760363
TXN_000000198,ACC_000700,MER_00062,117.07,INR,success,upi,2026-06-25T02:40:39.760363
TXN_000000199,ACC_000811,MER_00051,88.6,INR,success,card,2026-06-11T19:59:10.760363
TXN_000000200,ACC_000347,MER_00114,108.07,INR,success,card,2026-06-24T03:37:55.760363
TXN_000000201,ACC_000596,MER_00190,566.76,INR,success,net_banking,2026-08-02T19:28:57.760363
TXN_000000202,ACC_000003,MER_00056,447.03,INR,success,card,2026-07-30T00:32:22.760363
TXN_000000203,ACC_000201,MER_00003,44.96,INR,success,card,2026-07-01T02:32:35.760363
TXN_000000204,ACC_000322,MER_00074,197.48,INR,success,net_banking,2026-08-21T11:56:42.760363
TXN_000000205,ACC_000852,MER_00159,73.35,INR,success,upi,2026-06-22T13:18:58.760363
TXN_000000206,ACC_000150,MER_00009,120.87,INR,success,net_banking,2026-07-10T09:37:05.760363
TXN_000000207,ACC_000701,MER_00080,1161.72,INR,success,card,2026-08-13T08:39:44.760363
TXN_000000208,ACC_000483,MER_00122,777.6,INR,success,card,2026-08-06T04:07:04.760363
TXN_000000209,ACC_000007,MER_00057,248.58,INR,success,upi,2026-08-15T12:53:46.760363
TXN_000000210,ACC_000134,MER_00139,66.88,INR,failed,wallet,2026-08-13T14:15:59.760363
TXN_000000211,ACC_000082,MER_00058,1264.18,INR,success,net_banking,2026-06-13T02:40:42.760363
TXN_000000212,ACC_000750,MER_00117,270.62,INR,success,net_banking,2026-07-04T12:34:24.760363
TXN_000000213,ACC_000486,MER_00025,39.25,INR,success,card,2026-08-17T20:15:35.760363
TXN_000000214,ACC_000959,MER_00041,423.69,INR,success,net_banking,2026-07-16T02:30:29.760363
TXN_000000215,ACC_000145,MER_00003,377.68,INR,success,net_banking,2026-08-08T09:02:56.760363
TXN_000000216,ACC_000096,MER_00043,427.45,INR,success,net_banking,2026-05-31T13:27:08.760363
TXN_000000217,ACC_000385,MER_00046,273.79,INR,success,wallet,2026-06-01T05:06:38.760363
TXN_000000218,ACC_000231,MER_00151,312.18,INR,success,card,2026-06-17T00:20:48.760363
TXN_000000219,ACC_000473,MER_00005,599.05,INR,success,wallet,2026-06-01T08:57:44.760363
TXN_000000220,ACC_000498,MER_00005,74.23,INR,success,upi,2026-08-13T19:47:43.760363
TXN_000000221,ACC_000357,MER_00153,79.51,INR,failed,wallet,2026-06-30T16:17:12.760363
TXN_000000222,ACC_000289,MER_00168,356.05,INR,success,net_banking,2026-06-11T20:35:29.760363
TXN_000000223,ACC_000883,MER_00012,449.62,INR,success,net_banking,2026-08-24T14:54:20.760363
TXN_000000224,ACC_000905,MER_00045,86.87,INR,success,wallet,2026-08-10T18:09:26.760363
TXN_000000225,ACC_000260,MER_00057,301.32,INR,success,wallet,2026-07-31T12:16:08.760363
TXN_000000226,ACC_000279,MER_00059,253.77,INR,success,upi,2026-06-04T18:31:45.760363
TXN_000000227,ACC_INVALID,MER_00103,152.53,INR,success,wallet,2026-08-20T02:53:03.760363
TXN_000000228,ACC_000736,MER_00132,154.3,INR,success,wallet,2026-05-30T12:04:42.760363
TXN_000000229,ACC_000927,MER_00194,50.53,INR,success,net_banking,2026-08-04T13:15:49.760363
TXN_000000230,ACC_000120,MER_00063,1103.96,INR,success,card,2026-08-09T18:10:34.760363
TXN_000000231,ACC_000963,MER_00011,1253.59,INR,success,upi,2026-05-30T10:01:16.760363
TXN_000000232,ACC_000181,MER_00033,254.21,INR,success,upi,2026-07-08T19:45:24.760363
TXN_000000233,ACC_000344,MER_00003,383.25,INR,success,wallet,2026-05-29T02:47:44.760363
TXN_000000234,ACC_000806,MER_00001,233.5,INR,failed,net_banking,2026-07-04T04:27:35.760363
TXN_000000235,ACC_000759,MER_00153,477.91,INR,success,upi,2026-08-08T08:18:34.760363
TXN_000000236,ACC_000058,MER_00053,108.65,INR,failed,net_banking,2026-06-09T17:17:13.760363
TXN_000000237,ACC_000912,MER_00134,269.68,INR,success,wallet,2026-07-29T11:49:40.760363
TXN_000000238,ACC_000300,MER_00108,261.64,INR,success,wallet,2026-08-06T16:20:15.760363
TXN_000000239,ACC_000545,MER_00109,137.17,INR,success,upi,2026-06-07T08:58:27.760363
TXN_000000240,ACC_000525,MER_00109,586.51,INR,success,upi,2026-08-09T15:03:33.760363
TXN_000000241,ACC_000075,MER_00131,80.4,INR,success,card,2026-07-11T07:18:05.760363
TXN_000000242,ACC_000793,MER_00063,262.75,INR,success,wallet,2026-07-11T18:49:32.760363
TXN_000000243,ACC_000851,MER_00156,101.67,INR,success,upi,2026-08-12T20:43:01.760363
TXN_000000244,ACC_000177,MER_00004,1899.53,INR,success,card,2026-08-17T04:39:08.760363
TXN_000000245,ACC_000032,MER_00166,298.47,INR,success,upi,2026-06-14T18:03:19.760363
TXN_000000246,ACC_000670,MER_00180,2105.03,INR,success,wallet,2026-08-23T13:02:26.760363
TXN_000000247,ACC_000497,MER_00058,659.39,INR,success,wallet,2026-08-17T08:58:02.760363
TXN_000000248,ACC_000411,MER_00009,232.86,INR,success,wallet,2026-05-30T02:20:17.760363
TXN_000000249,ACC_000177,MER_00009,74.26,INR,success,net_banking,2026-07-04T16:52:41.760363
TXN_000000250,ACC_000521,MER_00144,5112.23,INR,success,card,2026-06-25T09:55:02.760363
TXN_000000251,ACC_000505,MER_00171,245.89,INR,success,wallet,2026-07-05T15:42:55.760363
TXN_000000252,ACC_000129,MER_00166,41.0,INR,success,card,2026-07-27T04:41:56.760363
TXN_000000253,ACC_000949,MER_00188,232.87,INR,success,card,2026-08-08T08:16:42.760363
TXN_000000254,ACC_000274,MER_00063,377.09,INR,success,card,2026-08-15T19:53:23.760363
TXN_000000255,ACC_000131,MER_00125,283.6,INR,success,card,2026-07-14T18:20:34.760363
TXN_000000256,ACC_000605,MER_00119,94.17,INR,success,card,2026-07-13T11:16:27.760363
TXN_000000257,ACC_000299,MER_00042,113.09,INR,success,net_banking,2026-07-09T17:55:48.760363
TXN_000000258,ACC_000461,MER_00019,101.78,INR,success,card,2026-06-29T03:55:36.760363
TXN_000000259,ACC_000367,MER_00124,125.99,INR,success,card,2026-06-03T00:24:13.760363
TXN_000000260,ACC_000490,MER_00042,1293.2,INR,success,upi,2026-06-10T04:14:50.760363
TXN_000000261,ACC_000669,MER_00159,149.39,INR,success,net_banking,2026-07-04T05:52:03.760363
TXN_000000262,ACC_000499,MER_00041,301.28,INR,success,card,2026-07-19T08:59:14.760363
TXN_000000263,ACC_000519,MER_00177,1952.83,INR,success,wallet,2026-06-25T05:25:49.760363
TXN_000000264,ACC_000032,MER_00052,430.73,INR,success,wallet,2026-07-19T15:40:25.760363
TXN_000000265,ACC_000651,MER_00186,857.5,INR,success,upi,2026-07-05T16:50:57.760363
TXN_000000266,ACC_000340,MER_00092,71.51,INR,success,upi,2026-07-28T02:56:21.760363
TXN_000000267,ACC_000260,MER_00056,186.02,INR,success,upi,2026-05-31T16:36:27.760363
TXN_000000268,ACC_000995,MER_00184,1261.07,INR,success,upi,2026-08-10T08:13:23.760363
TXN_000000269,ACC_000940,MER_00063,548.32,INR,success,net_banking,2026-08-20T21:45:36.760363
TXN_000000270,ACC_000904,MER_00151,741.13,INR,success,wallet,2026-08-21T11:23:10.760363
TXN_000000271,ACC_000718,MER_00048,248.51,INR,success,wallet,2026-08-02T05:29:22.760363
TXN_000000272,ACC_000303,MER_00142,646.73,INR,success,upi,2026-07-07T16:57:14.760363
TXN_000000273,ACC_000510,MER_00087,78.37,INR,success,net_banking,2026-07-17T05:24:25.760363
TXN_000000274,ACC_000852,MER_00165,146.87,INR,success,net_banking,2026-06-23T23:26:45.760363
TXN_000000275,ACC_000817,MER_00023,495.71,INR,success,net_banking,2026-06-07T23:49:12.760363
TXN_000000276,ACC_000764,MER_00054,116.3,INR,success,card,2026-06-10T16:29:29.760363
TXN_000000277,ACC_000902,MER_00126,268.26,INR,success,wallet,2026-08-17T18:27:50.760363
TXN_000000278,ACC_000062,MER_00155,174.72,INR,success,card,2026-06-05T03:35:59.760363
TXN_000000279,ACC_000344,MER_00090,402.93,INR,success,net_banking,2026-07-04T16:17:37.760363
TXN_000000280,ACC_000137,MER_00141,361.96,INR,success,upi,2026-06-18T15:15:26.760363
TXN_000000281,ACC_000446,MER_00078,175.29,INR,failed,card,2026-07-16T05:22:39.760363
TXN_000000282,ACC_000078,MER_00028,110.72,INR,success,card,2026-07-31T02:05:29.760363
TXN_000000283,ACC_000169,MER_00030,36.15,INR,success,card,2026-07-10T15:03:03.760363
TXN_000000284,ACC_000124,MER_00186,256.45,INR,success,wallet,2026-06-20T13:37:20.760363
TXN_000000285,ACC_000761,MER_00068,77.61,INR,success,wallet,2026-07-05T12:40:08.760363
TXN_000000286,ACC_000517,MER_00041,60.24,INR,success,net_banking,2026-07-21T20:01:46.760363
TXN_000000287,ACC_000245,MER_00054,81.6,INR,success,net_banking,2026-07-05T15:06:06.760363
TXN_000000288,ACC_000454,MER_00019,113.0,INR,success,upi,2026-05-29T08:07:24.760363
TXN_000000289,ACC_000757,MER_00082,42.16,INR,pending,upi,2026-06-02T11:02:28.760363
TXN_000000290,ACC_000768,MER_00174,340.41,INR,success,net_banking,2026-08-14T21:19:48.760363
TXN_000000291,ACC_000437,MER_00149,248.52,INR,success,upi,2026-08-15T03:32:15.760363
TXN_000000292,ACC_000913,MER_00033,278.6,INR,pending,upi,2026-07-15T06:24:10.760363
TXN_000000293,ACC_000250,MER_00116,480.51,INR,success,wallet,2026-06-08T21:46:57.760363
TXN_000000294,ACC_000124,MER_00063,51.19,INR,failed,net_banking,2026-06-17T19:57:47.760363
TXN_000000295,ACC_000451,MER_00191,619.81,INR,success,net_banking,2026-06-19T18:59:49.760363
TXN_000000296,ACC_000189,MER_00157,122.73,INR,success,upi,2026-08-20T23:21:02.760363
TXN_000000297,ACC_000268,MER_00092,757.43,INR,success,net_banking,2026-08-15T17:38:32.760363
TXN_000000298,ACC_000024,MER_00078,247.3,INR,success,card,2026-06-25T07:15:39.760363
TXN_000000299,ACC_000281,MER_00066,452.87,INR,failed,net_banking,2026-06-07T23:31:57.760363
TXN_000000300,ACC_000832,MER_00162,263.58,INR,pending,upi,2026-06-24T16:56:22.760363
TXN_000000301,ACC_000716,MER_00050,581.87,INR,failed,net_banking,2026-07-31T16:22:16.760363
TXN_000000302,ACC_000556,MER_00023,655.43,INR,success,upi,2026-07-02T16:57:14.760363
TXN_000000303,ACC_000924,MER_00089,117.7,INR,success,net_banking,2026-07-18T07:12:42.760363
TXN_000000304,ACC_000467,MER_00069,112.25,INR,success,wallet,2026-08-09T12:35:44.760363
TXN_000000305,ACC_000553,MER_00143,337.69,INR,success,card,2026-08-14T02:31:55.760363
TXN_000000306,ACC_000545,MER_00158,104.5,INR,success,wallet,2026-05-30T07:36:56.760363
TXN_000000307,ACC_000715,MER_00069,103.79,INR,success,net_banking,2026-06-19T03:44:25.760363
TXN_000000308,ACC_000980,MER_00189,408.59,INR,success,net_banking,2026-06-15T05:57:52.760363
TXN_000000309,ACC_000098,MER_00142,272.4,INR,success,wallet,2026-06-11T08:41:06.760363
TXN_000000310,ACC_000614,MER_00175,39.15,INR,success,net_banking,2026-07-17T07:07:34.760363
TXN_000000311,ACC_000771,MER_00040,382.44,INR,success,upi,2026-06-08T09:39:34.760363
TXN_000000312,ACC_000836,MER_00140,58.26,INR,success,net_banking,2026-06-07T17:16:01.760363
TXN_000000313,ACC_000051,MER_00036,191.95,INR,success,wallet,2026-06-03T23:58:02.760363
TXN_000000314,ACC_000903,MER_00084,635.94,INR,failed,net_banking,2026-07-12T13:03:35.760363
TXN_000000315,ACC_000568,MER_00132,52.9,INR,success,card,2026-07-12T03:15:51.760363
TXN_000000316,ACC_000597,MER_00157,547.52,INR,success,upi,2026-08-16T13:08:30.760363
TXN_000000317,ACC_000307,MER_00166,252.05,INR,success,net_banking,2026-08-21T16:11:40.760363
TXN_000000318,ACC_000993,MER_00095,132.48,INR,success,net_banking,2026-07-28T22:06:00.760363
TXN_000000319,ACC_000314,MER_00120,141.18,INR,success,net_banking,2026-07-03T10:27:20.760363
TXN_000000320,ACC_000254,MER_00005,157.19,INR,success,wallet,2026-06-20T03:16:01.760363
TXN_000000321,ACC_000704,MER_00141,54.36,INR,success,card,2026-07-22T21:35:36.760363
TXN_000000322,ACC_000815,MER_00133,1213.66,INR,success,net_banking,2026-07-30T08:26:29.760363
TXN_000000323,ACC_000762,MER_00143,250.23,INR,failed,upi,2026-07-27T22:27:23.760363
TXN_000000324,ACC_000550,MER_00179,44.18,INR,success,upi,2026-06-20T17:12:46.760363
TXN_000000325,ACC_000712,MER_00185,497.53,INR,success,net_banking,2026-06-16T00:30:12.760363
TXN_000000326,ACC_000385,MER_00080,99.96,INR,failed,net_banking,2026-08-07T13:19:41.760363
TXN_000000327,ACC_000452,MER_00031,209.78,INR,success,net_banking,2026-06-23T02:58:20.760363
TXN_000000328,ACC_000507,MER_00026,1683.61,INR,success,net_banking,2026-08-01T04:52:57.760363
TXN_000000329,ACC_000056,MER_00134,200.87,INR,success,card,2026-08-15T23:55:40.760363
TXN_000000330,ACC_000631,MER_00084,760.79,INR,success,card,2026-08-18T22:17:22.760363
TXN_000000331,ACC_000906,MER_00185,1127.0,INR,success,wallet,2026-07-05T00:13:19.760363
TXN_000000332,ACC_000740,MER_00095,102.39,INR,success,wallet,2026-07-06T23:20:04.760363
TXN_000000333,ACC_000295,MER_00032,218.59,INR,success,wallet,2026-06-17T02:56:41.760363
TXN_000000334,ACC_000687,MER_00124,1179.66,INR,success,card,2026-07-05T13:26:09.760363
TXN_000000335,ACC_000340,MER_00095,65.45,INR,success,net_banking,2026-07-03T23:53:53.760363
TXN_000000336,ACC_000279,MER_00065,87.9,INR,success,card,2026-08-18T15:11:40.760363
TXN_000000337,ACC_000315,MER_00100,406.7,INR,success,wallet,2026-07-05T01:00:48.760363
TXN_000000338,ACC_000748,MER_00096,206.32,INR,success,card,2026-08-12T15:06:15.760363
TXN_000000339,ACC_000964,MER_00070,493.46,INR,success,wallet,2026-07-05T14:16:44.760363
TXN_000000340,ACC_000562,MER_00147,806.92,INR,success,wallet,2026-08-04T05:36:08.760363
TXN_000000341,ACC_000898,MER_00195,652.3,INR,success,upi,2026-06-07T13:15:31.760363
TXN_000000342,ACC_000857,MER_00055,126.74,INR,success,wallet,2026-07-15T13:34:40.760363
TXN_000000343,ACC_000666,MER_00073,73.27,INR,success,net_banking,2026-06-29T18:40:04.760363
TXN_000000344,ACC_000016,MER_00087,241.17,INR,success,wallet,2026-06-18T14:31:29.760363
TXN_000000345,ACC_000233,MER_00131,328.64,INR,success,upi,2026-08-22T00:01:15.760363
TXN_000000346,ACC_000874,MER_00044,480.34,INR,success,net_banking,2026-05-27T18:58:21.760363
TXN_000000347,ACC_000755,MER_00024,190.92,INR,success,card,2026-08-24T11:23:32.760363
TXN_000000348,ACC_000612,MER_00112,466.24,INR,success,net_banking,2026-06-17T14:20:33.760363
TXN_000000349,ACC_000953,MER_00033,97.38,INR,success,net_banking,2026-06-15T17:37:59.760363
TXN_000000350,ACC_000990,MER_00033,42.16,INR,success,wallet,2026-06-30T02:14:38.760363
TXN_000000351,ACC_000879,MER_00125,64.73,INR,success,net_banking,2026-07-26T21:21:02.760363
TXN_000000352,ACC_000266,MER_00167,1027.47,INR,success,net_banking,2026-08-07T10:47:56.760363
TXN_000000353,ACC_000099,MER_00073,48.95,INR,success,card,2026-08-14T12:49:53.760363
TXN_000000354,ACC_000189,MER_00031,146.69,INR,success,wallet,2026-07-27T18:20:55.760363
TXN_000000355,ACC_000512,MER_00168,239.2,INR,success,upi,2026-06-17T14:23:02.760363
TXN_000000356,ACC_000395,MER_00020,32.89,INR,success,wallet,2026-07-26T17:54:11.760363
TXN_000000357,ACC_000966,MER_00111,241.16,INR,success,net_banking,2026-06-06T11:27:16.760363
TXN_000000358,ACC_000331,MER_00075,1103.18,INR,success,net_banking,2026-06-19T08:18:52.760363
TXN_000000359,ACC_000269,MER_00076,1574.6,INR,success,card,2026-08-19T10:20:27.760363
TXN_000000360,ACC_000679,MER_00182,294.85,INR,success,card,2026-06-26T16:54:54.760363
TXN_000000361,ACC_000609,MER_00119,56.15,INR,success,upi,2026-07-15T06:46:42.760363
TXN_000000362,ACC_000022,MER_00146,905.37,INR,success,wallet,2026-07-03T23:22:13.760363
TXN_000000363,ACC_000832,MER_00062,89.76,INR,success,upi,2026-06-01T11:10:35.760363
TXN_000000364,ACC_000881,MER_00124,593.34,INR,success,card,2026-06-21T15:02:19.760363
TXN_000000365,ACC_000036,MER_00125,129.21,INR,success,card,2026-06-29T22:06:12.760363
TXN_000000366,ACC_000511,MER_00079,157.67,INR,success,card,2026-06-02T04:39:28.760363
TXN_000000367,ACC_000346,MER_00187,205.0,INR,success,wallet,2026-07-31T00:38:57.760363
TXN_000000368,ACC_000413,MER_00085,37.55,INR,success,card,2026-06-12T16:05:14.760363
TXN_000000369,ACC_000827,MER_00033,355.77,INR,success,net_banking,2026-07-20T22:09:47.760363
TXN_000000370,ACC_000989,MER_00003,114.99,INR,success,wallet,2026-08-01T05:15:31.760363
TXN_000000371,ACC_000621,MER_00155,100.74,INR,success,upi,2026-06-22T00:59:30.760363
TXN_000000372,ACC_000059,MER_00149,51.55,INR,success,upi,2026-06-12T12:07:57.760363
TXN_000000373,ACC_000692,MER_00056,826.19,INR,success,net_banking,2026-07-18T03:41:56.760363
TXN_000000374,ACC_000156,MER_00052,110.04,INR,success,upi,2026-05-29T04:23:30.760363
TXN_000000375,ACC_000228,MER_00196,398.68,INR,success,card,2026-08-03T06:51:43.760363
TXN_000000376,ACC_000452,MER_00131,341.27,INR,success,wallet,2026-08-17T19:57:37.760363
TXN_000000377,ACC_000786,MER_00127,213.36,INR,success,upi,2026-05-27T06:10:42.760363
TXN_000000378,ACC_000834,MER_00164,557.05,INR,success,net_banking,2026-07-16T07:56:17.760363
TXN_000000379,ACC_000278,MER_00071,253.63,INR,success,upi,2026-07-01T19:56:04.760363
TXN_000000380,ACC_000645,MER_00083,172.93,INR,success,net_banking,2026-07-09T07:06:13.760363
TXN_000000381,ACC_000802,MER_00145,194.43,INR,success,card,2026-06-16T00:29:42.760363
TXN_000000382,ACC_000143,MER_00117,390.64,INR,success,card,2026-08-05T19:48:43.760363
TXN_000000383,ACC_000797,MER_00052,957.67,INR,success,net_banking,2026-08-05T08:59:32.760363
TXN_000000384,ACC_000861,MER_00188,64.42,INR,success,upi,2026-07-14T16:30:02.760363
TXN_000000385,ACC_000249,MER_00044,906.35,INR,success,upi,2026-07-17T03:42:47.760363
TXN_000000386,ACC_000300,MER_00189,192.6,INR,success,net_banking,2026-06-15T07:15:34.760363
TXN_000000387,ACC_000419,MER_00144,115.46,INR,success,wallet,2026-06-14T01:42:02.760363
TXN_000000388,ACC_000878,MER_00149,46.63,INR,success,net_banking,2026-06-18T04:22:31.760363
TXN_000000389,ACC_000058,MER_00065,1970.56,INR,success,wallet,2026-07-14T16:48:38.760363
TXN_000000390,ACC_000365,MER_00079,192.74,INR,success,net_banking,2026-07-11T05:08:50.760363
TXN_000000391,ACC_000418,MER_00102,114.44,INR,success,net_banking,2026-06-19T19:09:38.760363
TXN_000000392,ACC_000551,MER_00161,1001.6,INR,success,upi,2026-08-15T16:31:32.760363
TXN_000000393,ACC_000386,MER_00034,552.71,INR,failed,wallet,2026-08-02T07:05:25.760363
TXN_000000394,ACC_000257,MER_00058,87.48,INR,success,wallet,2026-06-14T02:01:01.760363
TXN_000000395,ACC_000158,MER_00161,223.02,INR,success,wallet,2026-07-28T13:13:57.760363
TXN_000000396,ACC_000177,MER_00118,81.58,INR,success,card,2026-06-17T16:26:54.760363
TXN_000000397,ACC_000511,MER_00067,1146.03,INR,success,upi,2026-06-25T17:30:21.760363
TXN_000000398,ACC_000396,MER_00183,343.13,INR,success,net_banking,2026-08-12T12:35:32.760363
TXN_000000399,ACC_000273,MER_00185,310.21,INR,success,net_banking,2026-05-26T22:25:24.760363
TXN_000000400,ACC_000404,MER_00106,989.94,INR,success,net_banking,2026-06-07T17:46:41.760363
TXN_000000401,ACC_000074,MER_00069,332.76,INR,success,wallet,2026-07-06T12:18:24.760363
TXN_000000402,ACC_000031,MER_00124,116.11,INR,success,net_banking,2026-07-12T00:03:47.760363
TXN_000000403,ACC_000025,MER_00122,624.87,INR,success,upi,2026-08-20T06:42:44.760363
TXN_000000404,ACC_000849,MER_00178,105.47,INR,success,card,2026-07-24T16:41:46.760363
TXN_000000405,ACC_000566,MER_00158,183.42,INR,success,card,2026-08-24T11:44:01.760363
TXN_000000406,ACC_000597,MER_00116,1459.28,INR,success,card,2026-08-05T14:10:36.760363
TXN_000000407,ACC_000911,MER_00051,895.46,INR,success,wallet,2026-08-17T03:13:07.760363
TXN_000000408,ACC_000311,MER_00120,1402.18,INR,success,net_banking,2026-07-12T02:59:06.760363
TXN_000000409,ACC_000785,MER_00173,230.61,INR,success,card,2026-05-31T18:46:18.760363
TXN_000000410,ACC_000672,MER_00115,448.71,INR,success,net_banking,2026-08-23T12:30:11.760363
TXN_000000411,ACC_000387,MER_00169,111.27,INR,success,card,2026-08-05T03:21:06.760363
TXN_000000412,ACC_000510,MER_00017,204.1,INR,success,upi,2026-06-21T05:29:54.760363
TXN_000000413,ACC_000783,MER_00112,380.02,INR,success,card,2026-08-14T18:50:34.760363
TXN_000000414,ACC_000243,MER_00129,426.82,INR,success,upi,2026-06-15T08:51:46.760363
TXN_000000415,ACC_000171,MER_00087,73.6,INR,success,upi,2026-06-29T04:01:45.760363
TXN_000000416,ACC_000257,MER_00008,718.44,INR,success,net_banking,2026-06-29T03:56:15.760363
TXN_000000417,ACC_000277,MER_00088,1206.19,INR,success,net_banking,2026-08-16T06:40:52.760363
TXN_000000418,ACC_000921,MER_00136,304.42,INR,success,card,2026-07-28T18:15:26.760363
TXN_000000419,ACC_000444,MER_00183,437.33,INR,success,net_banking,2026-08-07T09:14:55.760363
TXN_000000420,ACC_000500,MER_00188,98.76,INR,success,upi,2026-05-28T19:02:27.760363
TXN_000000421,ACC_000369,MER_00020,142.53,INR,success,wallet,2026-05-29T14:40:05.760363
TXN_000000422,ACC_000049,MER_00004,951.98,INR,success,card,2026-07-23T18:41:11.760363
TXN_000000423,ACC_000319,MER_00059,272.87,INR,success,upi,2026-08-03T23:45:30.760363
TXN_000000424,ACC_000826,MER_00091,162.54,INR,success,net_banking,2026-08-14T03:54:06.760363
TXN_000000425,ACC_000133,MER_00051,461.72,INR,success,net_banking,2026-07-02T11:24:29.760363
TXN_000000426,ACC_000545,MER_00198,271.33,INR,success,card,2026-06-18T07:19:29.760363
TXN_000000427,ACC_000391,MER_00019,312.1,INR,success,upi,2026-05-27T13:26:04.760363
TXN_000000428,ACC_000228,MER_00132,545.76,INR,success,wallet,2026-06-18T19:08:54.760363
TXN_000000429,ACC_000850,MER_00156,261.58,INR,success,net_banking,2026-06-06T20:30:28.760363
TXN_000000430,ACC_000069,MER_00170,320.12,INR,success,wallet,2026-05-29T08:32:20.760363
TXN_000000431,ACC_000002,MER_00152,446.68,INR,success,wallet,2026-08-18T15:58:14.760363
TXN_000000432,ACC_000507,MER_00164,437.55,INR,success,wallet,2026-08-19T12:02:06.760363
TXN_000000433,ACC_000959,MER_00124,636.03,INR,success,card,2026-07-29T05:39:27.760363
TXN_000000434,ACC_000212,MER_00174,213.29,INR,success,upi,2026-05-28T17:10:01.760363
TXN_000000435,ACC_000831,MER_00068,203.21,INR,success,card,2026-08-17T09:34:57.760363
TXN_000000436,ACC_000271,MER_00166,170.84,INR,success,net_banking,2026-07-24T13:03:15.760363
TXN_000000437,ACC_000874,,51.47,INR,success,upi,2026-07-17T12:06:08.760363
TXN_000000438,ACC_000510,MER_00025,138.85,INR,success,net_banking,2026-08-10T20:54:37.760363
TXN_000000439,ACC_000715,MER_00043,199.68,INR,success,wallet,2026-07-20T14:55:24.760363
TXN_000000440,ACC_000268,MER_00138,81.17,INR,success,net_banking,2026-06-28T06:49:54.760363
TXN_000000441,ACC_000313,MER_00161,407.12,INR,failed,wallet,2026-07-14T05:21:53.760363
TXN_000000442,ACC_000272,MER_00043,29.05,INR,success,card,2026-08-03T19:28:43.760363
TXN_000000443,ACC_000080,MER_00027,89.45,INR,success,upi,2026-06-05T15:43:53.760363
TXN_000000444,ACC_000246,MER_00022,142.05,INR,success,upi,2026-06-21T18:17:41.760363
TXN_000000445,ACC_000692,MER_00053,451.51,INR,success,upi,2026-07-14T01:47:21.760363
TXN_000000446,ACC_000056,MER_00013,149.05,INR,success,net_banking,2026-08-17T19:22:34.760363
TXN_000000447,ACC_000126,MER_00150,190.6,INR,success,upi,2026-07-13T14:03:01.760363
TXN_000000448,ACC_000128,MER_00102,197.32,INR,success,wallet,2026-06-28T07:39:43.760363
TXN_000000449,ACC_000019,MER_00122,118.47,INR,success,net_banking,2026-07-30T14:19:46.760363
TXN_000000450,ACC_000007,MER_00044,257.64,INR,success,net_banking,2026-06-08T09:34:45.760363
TXN_000000451,ACC_000040,MER_00157,37.66,INR,success,card,2026-08-14T20:39:43.760363
TXN_000000452,ACC_000924,MER_00037,149.12,INR,success,net_banking,2026-06-28T03:25:32.760363
TXN_000000453,ACC_000378,MER_00060,218.17,INR,success,upi,2026-06-19T18:11:45.760363
TXN_000000454,ACC_000134,MER_00005,146.11,INR,success,net_banking,2026-08-16T13:47:30.760363
TXN_000000455,ACC_000711,MER_00044,391.26,INR,success,wallet,2026-08-12T16:47:48.760363
TXN_000000456,ACC_000548,MER_00121,49.18,INR,success,net_banking,2026-07-23T15:21:38.760363
TXN_000000457,ACC_000904,MER_00029,44.3,INR,success,net_banking,2026-07-10T19:31:31.760363
TXN_000000458,ACC_000412,MER_00037,107.05,INR,success,net_banking,2026-06-08T18:46:35.760363
TXN_000000459,ACC_000464,MER_00146,518.96,INR,success,net_banking,2026-08-09T23:59:26.760363
TXN_000000460,ACC_000486,MER_00147,252.1,INR,success,upi,2026-06-02T07:51:24.760363
TXN_000000461,ACC_000931,MER_00074,319.91,INR,success,card,2026-07-21T09:41:53.760363
TXN_000000462,ACC_000702,MER_00021,38.72,INR,success,upi,2026-05-28T03:43:17.760363
TXN_000000463,ACC_000720,MER_00163,222.39,INR,success,upi,2026-07-17T08:53:56.760363
TXN_000000464,ACC_000972,MER_00117,605.02,INR,success,wallet,2026-07-17T00:12:32.760363
TXN_000000465,ACC_000798,MER_00075,134.26,INR,success,wallet,2026-06-02T20:55:52.760363
TXN_000000466,ACC_000141,MER_00194,186.14,INR,success,net_banking,2026-06-25T13:30:12.760363
TXN_000000467,ACC_000490,MER_00054,160.92,INR,success,card,2026-05-30T20:26:53.760363
TXN_000000468,ACC_000662,MER_00066,106.35,INR,success,card,2026-08-17T06:34:10.760363
TXN_000000469,ACC_000414,MER_00179,187.38,INR,success,card,2026-07-25T16:49:24.760363
TXN_000000470,ACC_000683,MER_00131,95.07,INR,success,upi,2026-08-19T15:05:34.760363
TXN_000000471,ACC_000222,MER_00145,78.88,INR,success,card,2026-06-16T21:07:38.760363
TXN_000000472,ACC_000559,MER_00151,332.9,INR,success,wallet,2026-08-04T19:02:02.760363
TXN_000000473,ACC_000615,MER_00149,74.45,INR,success,card,2026-07-06T10:40:11.760363
TXN_000000474,ACC_000203,MER_00034,370.35,INR,success,card,2026-08-12T04:52:10.760363
TXN_000000475,ACC_000015,MER_00149,146.79,INR,success,wallet,2026-07-06T11:27:35.760363
TXN_000000476,ACC_000031,MER_00029,149.43,INR,success,net_banking,2026-07-30T16:48:50.760363
TXN_000000477,ACC_000014,MER_00017,125.19,INR,success,card,2026-06-27T22:58:35.760363
TXN_000000478,ACC_000447,MER_00103,157.07,INR,success,wallet,2026-07-27T17:16:07.760363
TXN_000000479,ACC_000687,MER_00109,517.46,INR,success,card,2026-08-24T14:00:23.760363
TXN_000000480,ACC_000730,MER_00149,43.85,INR,success,net_banking,2026-06-05T22:37:14.760363
TXN_000000481,ACC_000862,MER_00090,195.69,INR,success,card,2026-06-04T21:29:26.760363
TXN_000000482,ACC_000980,MER_00008,579.48,INR,success,net_banking,2026-07-24T12:56:00.760363
TXN_000000483,ACC_000897,MER_00012,80.15,INR,success,card,2026-07-14T15:38:55.760363
TXN_000000484,ACC_000896,MER_00123,52.56,INR,failed,wallet,2026-06-09T17:00:39.760363
TXN_000000485,ACC_000762,MER_00057,273.2,INR,success,net_banking,2026-06-26T21:11:46.760363
TXN_000000486,ACC_000532,MER_00041,162.62,INR,success,card,2026-08-05T08:06:38.760363
TXN_000000487,ACC_000276,MER_00148,532.55,INR,success,wallet,2026-08-10T05:44:30.760363
TXN_000000488,ACC_000085,MER_00044,170.5,INR,success,net_banking,2026-07-29T22:23:00.760363
TXN_000000489,ACC_000632,MER_00133,284.9,INR,failed,card,2026-07-23T22:21:03.760363
TXN_000000490,ACC_000878,MER_00055,270.07,INR,success,net_banking,2026-06-14T03:43:10.760363
TXN_000000491,ACC_000253,MER_00158,1136.68,INR,success,card,2026-07-16T02:57:37.760363
TXN_000000492,ACC_000738,MER_00181,134.78,INR,success,net_banking,2026-07-22T23:47:32.760363
TXN_000000493,ACC_000681,MER_00184,110.22,INR,success,wallet,2026-08-13T21:29:33.760363
TXN_000000494,ACC_000967,MER_00053,433.15,INR,success,wallet,2026-08-16T12:58:34.760363
TXN_000000495,ACC_000248,MER_00038,1122.38,INR,success,wallet,2026-07-06T06:38:01.760363
TXN_000000496,ACC_000217,MER_00146,192.38,INR,success,card,2026-08-02T18:05:50.760363
TXN_000000497,ACC_000689,MER_00165,50.35,INR,success,card,2026-07-24T13:43:58.760363
TXN_000000498,ACC_000486,MER_00123,365.46,INR,success,card,2026-08-15T09:02:32.760363
TXN_000000499,ACC_000866,MER_00116,45.47,INR,success,card,2026-06-08T09:26:53.760363
TXN_000000500,ACC_000992,MER_00164,337.44,INR,success,upi,2026-08-12T01:17:19.760363
TXN_000000501,ACC_000880,MER_00093,1610.64,INR,success,card,2026-06-03T21:10:14.760363
TXN_000000502,ACC_000089,MER_00155,77.17,INR,success,net_banking,2026-07-06T02:58:55.760363
TXN_000000503,ACC_000036,MER_00047,352.48,INR,failed,net_banking,2026-06-16T11:07:37.760363
TXN_000000504,ACC_000774,MER_00069,7095.58,INR,success,wallet,2026-06-03T10:21:02.760363
TXN_000000505,ACC_000843,MER_00182,112.16,INR,success,net_banking,2026-05-28T10:35:05.760363
TXN_000000506,ACC_000621,MER_00190,102.44,INR,success,net_banking,2026-08-10T05:47:15.760363
TXN_000000507,ACC_000286,MER_00154,134.13,INR,success,wallet,2026-06-05T23:14:42.760363
TXN_000000508,ACC_000342,MER_00028,204.77,INR,success,wallet,2026-08-15T18:24:16.760363
TXN_000000509,ACC_000790,MER_00060,1411.78,INR,success,card,2026-08-06T11:36:37.760363
TXN_000000510,ACC_000195,,176.77,INR,success,wallet,2026-08-10T02:50:02.760363
TXN_000000511,ACC_000906,MER_00086,192.17,INR,success,card,2026-08-03T13:13:13.760363
TXN_000000512,ACC_000697,MER_00194,64.98,INR,success,net_banking,2026-08-12T11:24:39.760363
TXN_000000513,ACC_000776,MER_00092,114.76,INR,success,net_banking,2026-06-23T02:44:00.760363
TXN_000000514,ACC_000918,MER_00089,26.56,INR,success,card,2026-07-19T11:22:54.760363
TXN_000000515,ACC_000635,MER_00159,173.86,INR,failed,card,2026-07-24T16:29:55.760363
TXN_000000516,ACC_000468,MER_00069,250.31,INR,success,wallet,2026-08-19T16:48:15.760363
TXN_000000517,ACC_000214,MER_00030,119.4,INR,success,upi,2026-07-20T22:38:15.760363
TXN_000000518,ACC_000942,MER_00147,1095.42,INR,success,net_banking,2026-08-15T04:52:40.760363
TXN_000000519,ACC_000788,MER_00011,166.13,INR,success,card,2026-06-20T11:42:10.760363
TXN_000000520,ACC_000180,MER_00088,620.23,INR,success,upi,2026-08-13T09:02:18.760363
TXN_000000521,ACC_000821,MER_00025,72.16,INR,success,card,2026-08-11T21:16:05.760363
TXN_000000522,ACC_000615,MER_00168,155.61,INR,success,upi,2026-08-02T11:49:21.760363
TXN_000000523,ACC_000469,MER_00056,208.92,INR,success,card,2026-06-19T04:54:18.760363
TXN_000000524,ACC_000023,MER_00161,77.34,INR,success,net_banking,2026-08-18T04:38:45.760363
TXN_000000525,ACC_000774,MER_00074,145.27,INR,success,net_banking,2026-07-02T18:37:14.760363
TXN_000000526,ACC_000004,MER_00161,319.16,INR,success,upi,2026-06-13T14:16:52.760363
TXN_000000527,ACC_000129,MER_00066,159.28,INR,pending,net_banking,2026-07-11T18:28:39.760363
TXN_000000528,ACC_000640,MER_00019,433.04,INR,success,card,2026-08-04T11:16:20.760363
TXN_000000529,ACC_000748,MER_00166,251.0,INR,success,upi,2026-07-08T17:09:49.760363
TXN_000000530,ACC_000998,MER_00057,5136.04,INR,success,wallet,2026-06-18T10:25:10.760363
TXN_000000531,ACC_000482,MER_00170,186.63,INR,success,net_banking,2026-08-01T11:11:03.760363
TXN_000000532,ACC_000875,MER_00170,175.89,INR,success,net_banking,2026-07-05T04:03:30.760363
TXN_000000533,ACC_000068,MER_00016,1039.56,INR,success,net_banking,2026-07-31T14:56:50.760363
TXN_000000534,ACC_000226,MER_00002,192.37,INR,success,card,2026-06-28T13:23:56.760363
TXN_000000535,ACC_000592,MER_00053,202.97,INR,success,card,2026-08-20T10:05:16.760363
TXN_000000536,ACC_000632,MER_00157,463.01,INR,success,net_banking,2026-06-15T12:03:49.760363
TXN_000000537,ACC_000059,MER_00038,29.45,INR,success,net_banking,2026-06-08T06:53:53.760363
TXN_000000538,ACC_000251,MER_00043,217.81,INR,success,upi,2026-07-08T13:25:07.760363
TXN_000000539,ACC_000729,MER_00111,297.19,INR,pending,upi,2026-06-18T20:07:02.760363
TXN_000000540,ACC_000282,MER_00132,52.22,INR,success,wallet,2026-06-14T22:41:09.760363
TXN_000000541,ACC_000026,MER_00061,530.73,INR,success,net_banking,2026-07-02T17:27:32.760363
TXN_000000542,ACC_000332,MER_00182,968.96,INR,success,net_banking,2026-07-17T01:09:27.760363
TXN_000000543,ACC_000190,MER_00093,263.64,INR,success,net_banking,2026-05-31T08:16:09.760363
TXN_000000544,ACC_000202,MER_00034,799.99,INR,pending,card,2026-08-20T19:18:55.760363
TXN_000000545,ACC_000070,MER_00058,290.57,INR,success,wallet,2026-06-18T20:22:58.760363
TXN_000000546,ACC_000439,MER_00012,322.92,INR,success,card,2026-07-30T22:29:57.760363
TXN_000000547,ACC_000791,MER_00076,571.86,INR,success,net_banking,2026-05-28T02:47:21.760363
TXN_000000548,ACC_000391,MER_00192,172.18,INR,success,card,2026-06-23T02:19:07.760363
TXN_000000549,ACC_000965,MER_00151,258.43,INR,success,upi,2026-08-11T16:12:45.760363
TXN_000000550,ACC_000489,MER_00031,85.44,INR,failed,upi,2026-07-08T02:25:15.760363
TXN_000000551,ACC_000745,MER_00031,244.72,INR,success,upi,2026-07-19T03:30:11.760363
TXN_000000552,ACC_000822,MER_00022,651.7,INR,success,card,2026-08-10T18:52:27.760363
TXN_000000553,ACC_000921,MER_00048,170.78,INR,success,net_banking,2026-08-04T09:22:01.760363
TXN_000000554,ACC_000618,MER_00166,326.15,INR,success,wallet,2026-06-28T16:59:53.760363
TXN_000000555,ACC_000373,MER_00108,62.07,INR,success,upi,2026-07-05T15:56:53.760363
TXN_000000556,ACC_000234,MER_00047,475.28,INR,success,wallet,2026-08-17T09:00:13.760363
TXN_000000557,ACC_000459,MER_00150,75.25,INR,success,upi,2026-06-02T14:50:38.760363
TXN_000000558,ACC_000688,MER_00104,431.1,INR,success,wallet,2026-06-14T20:02:11.760363
TXN_000000559,ACC_000819,MER_00143,235.02,INR,failed,card,2026-07-18T09:46:46.760363
TXN_000000560,ACC_000278,MER_00097,525.54,INR,success,card,2026-08-16T03:34:18.760363
TXN_000000561,ACC_000601,MER_00114,202.6,INR,success,upi,2026-06-08T15:44:36.760363
TXN_000000562,ACC_000440,MER_00041,380.92,INR,success,card,2026-08-05T00:50:28.760363
TXN_000000563,ACC_000129,MER_00128,447.44,INR,success,net_banking,2026-05-31T02:03:15.760363
TXN_000000564,ACC_000349,MER_00068,90.93,INR,success,card,2026-06-14T17:02:31.760363
TXN_000000565,ACC_000257,MER_00039,182.96,INR,success,card,2026-06-14T07:53:19.760363
TXN_000000566,ACC_000078,MER_00014,124.37,INR,success,net_banking,2026-08-21T06:26:31.760363
TXN_000000567,ACC_000624,MER_00126,131.56,INR,success,card,2026-06-23T01:18:05.760363
TXN_000000568,ACC_000141,,21.43,INR,success,card,2026-06-16T04:29:42.760363
TXN_000000569,ACC_000300,MER_00164,123.91,INR,success,upi,2026-05-29T06:09:11.760363
TXN_000000570,ACC_000712,MER_00022,414.26,INR,success,upi,2026-07-12T06:06:07.760363
TXN_000000571,ACC_000673,MER_00019,657.0,INR,success,card,2026-06-08T23:03:21.760363
TXN_000000572,ACC_000893,MER_00115,525.46,INR,success,wallet,2026-07-13T05:45:12.760363
TXN_000000573,ACC_000920,MER_00004,512.32,INR,success,net_banking,2026-06-06T15:46:07.760363
TXN_000000574,ACC_000991,MER_00193,74.85,INR,success,upi,2026-07-03T09:26:55.760363
TXN_000000575,ACC_000979,MER_00163,172.83,INR,success,upi,2026-07-16T23:54:00.760363
TXN_000000576,ACC_000015,MER_00186,754.9,INR,success,net_banking,2026-07-26T09:34:34.760363
TXN_000000577,ACC_000575,MER_00172,115.35,INR,success,wallet,2026-06-01T20:15:31.760363
TXN_000000578,ACC_000729,MER_00087,250.91,INR,success,wallet,2026-07-21T19:11:01.760363
TXN_000000579,ACC_000515,MER_00003,115.0,INR,success,card,2026-08-15T07:32:41.760363
TXN_000000580,ACC_000102,MER_00013,1228.98,INR,failed,net_banking,2026-08-08T15:50:46.760363
TXN_000000581,ACC_000014,MER_00198,74.1,INR,success,upi,2026-08-13T00:47:05.760363
TXN_000000582,ACC_000442,MER_00054,474.24,INR,success,upi,2026-07-23T11:59:50.760363
TXN_000000583,ACC_000864,MER_00040,39.08,INR,failed,upi,2026-08-19T15:32:10.760363
TXN_000000584,ACC_000363,MER_00141,275.34,INR,success,upi,2026-07-03T20:46:30.760363
TXN_000000585,ACC_000466,MER_00151,86.95,INR,success,upi,2026-08-12T09:10:40.760363
TXN_000000586,ACC_000088,MER_00018,373.31,INR,success,wallet,2026-08-01T17:35:37.760363
TXN_000000587,ACC_000065,MER_00195,176.41,INR,success,net_banking,2026-06-15T17:22:42.760363
TXN_000000588,ACC_000608,MER_00123,5594.9,INR,success,card,2026-06-30T07:38:22.760363
TXN_000000589,ACC_000112,MER_00060,377.21,INR,success,upi,2026-07-21T02:10:32.760363
TXN_000000590,ACC_000647,MER_00136,218.37,INR,success,upi,2026-07-25T20:26:32.760363
TXN_000000591,ACC_000644,MER_00045,462.96,INR,success,upi,2026-07-20T18:35:16.760363
TXN_000000592,ACC_000965,MER_00134,301.16,INR,success,net_banking,2026-08-10T16:47:36.760363
TXN_000000593,ACC_000220,MER_00036,352.81,INR,success,card,2026-07-03T12:50:55.760363
TXN_000000594,ACC_000302,MER_00161,678.64,INR,success,wallet,2026-07-11T09:56:55.760363
TXN_000000595,ACC_000616,MER_00041,154.31,INR,success,net_banking,2026-06-27T22:37:05.760363
TXN_000000596,ACC_000027,MER_00134,351.49,INR,success,upi,2026-08-13T16:51:37.760363
TXN_000000597,ACC_000621,MER_00075,42.38,INR,pending,card,2026-07-20T02:30:23.760363
TXN_000000598,ACC_000933,MER_00079,356.65,INR,success,wallet,2026-06-11T06:32:18.760363
TXN_000000599,ACC_000419,MER_00068,1555.24,INR,success,card,2026-08-13T18:35:18.760363
TXN_000000600,ACC_000027,MER_00018,105.17,INR,success,net_banking,2026-07-07T07:31:07.760363
TXN_000000601,ACC_000896,MER_00197,636.1,INR,success,net_banking,2026-08-01T11:08:44.760363
TXN_000000602,ACC_000946,MER_00029,54.57,INR,success,card,2026-06-14T12:00:44.760363
TXN_000000603,ACC_000207,MER_00168,54.5,INR,success,wallet,2026-08-02T16:47:59.760363
TXN_000000604,ACC_000081,MER_00053,870.9,INR,failed,net_banking,2026-07-17T10:21:49.760363
TXN_000000605,ACC_000343,MER_00076,712.92,INR,success,wallet,2026-06-27T00:28:43.760363
TXN_000000606,ACC_000892,MER_00011,695.09,INR,success,net_banking,2026-07-14T07:07:38.760363
TXN_000000607,ACC_000786,MER_00200,162.64,INR,success,wallet,2026-08-18T03:45:41.760363
TXN_000000608,ACC_000743,MER_00079,488.14,INR,success,net_banking,2026-07-01T02:43:46.760363
TXN_000000609,ACC_000306,MER_00051,137.87,INR,success,wallet,2026-05-27T06:37:39.760363
TXN_000000610,ACC_000193,MER_00135,187.81,INR,success,wallet,2026-08-22T06:01:59.760363
TXN_000000611,ACC_000693,MER_00073,499.26,INR,success,wallet,2026-07-07T16:19:27.760363
TXN_000000612,ACC_000870,MER_00200,356.31,INR,success,net_banking,2026-06-11T15:45:29.760363
TXN_000000613,ACC_000415,MER_00047,98.92,INR,success,upi,2026-07-02T01:15:22.760363
TXN_000000614,ACC_000725,MER_00144,493.48,INR,success,card,2026-08-18T07:21:12.760363
TXN_000000615,ACC_000220,MER_00114,2052.27,INR,success,wallet,2026-08-12T17:38:04.760363
TXN_000000616,ACC_000050,MER_00135,79.96,INR,success,net_banking,2026-06-23T13:30:12.760363
TXN_000000617,ACC_000621,MER_00075,41.57,INR,success,card,2026-07-22T05:24:56.760363
TXN_000000618,ACC_000539,MER_00192,419.74,INR,success,upi,2026-07-12T06:54:15.760363
TXN_000000619,ACC_000594,MER_00043,100.27,INR,success,upi,2026-08-22T06:07:59.760363
TXN_000000620,ACC_000737,MER_00017,370.75,INR,success,net_banking,2026-06-13T00:28:38.760363
TXN_000000621,ACC_000118,MER_00162,759.02,INR,success,upi,2026-06-06T10:16:28.760363
TXN_000000622,ACC_000885,MER_00081,90.38,INR,success,wallet,2026-08-21T09:40:31.760363
TXN_000000623,ACC_000155,MER_00042,429.5,INR,success,upi,2026-07-09T23:47:58.760363
TXN_000000624,ACC_000906,MER_00006,206.24,INR,success,net_banking,2026-07-19T03:34:37.760363
TXN_000000625,ACC_000310,MER_00017,174.64,INR,failed,net_banking,2026-07-31T01:07:10.760363
TXN_000000626,ACC_000447,MER_00030,1215.61,INR,success,card,2026-07-28T00:21:15.760363
TXN_000000627,ACC_000572,MER_00078,741.95,INR,success,upi,2026-06-29T21:30:44.760363
TXN_000000628,ACC_000697,MER_00054,407.14,INR,success,card,2026-07-05T16:48:32.760363
TXN_000000629,ACC_000680,MER_00185,492.09,INR,pending,card,2026-08-20T19:23:24.760363
TXN_000000630,ACC_000837,MER_00128,438.25,INR,success,net_banking,2026-08-21T01:28:57.760363
TXN_000000631,ACC_000996,MER_00025,42.05,INR,success,net_banking,2026-08-08T01:22:28.760363
TXN_000000632,ACC_000959,MER_00181,62.3,INR,success,card,2026-07-05T08:01:20.760363
TXN_000000633,ACC_000515,MER_00009,187.12,INR,success,wallet,2026-05-27T13:34:39.760363
TXN_000000634,ACC_000769,MER_00175,584.7,INR,success,net_banking,2026-08-13T07:25:20.760363
TXN_000000635,ACC_000438,MER_00044,133.14,INR,success,card,2026-06-17T17:05:10.760363
TXN_000000636,ACC_000047,MER_00106,473.28,INR,success,wallet,2026-08-23T05:33:27.760363
TXN_000000637,ACC_000994,MER_00040,69.82,INR,success,net_banking,2026-06-06T22:37:02.760363
TXN_000000638,ACC_000867,MER_00056,306.4,INR,success,wallet,2026-06-17T11:01:26.760363
TXN_000000639,ACC_000196,MER_00086,1017.6,INR,success,wallet,2026-06-14T08:12:33.760363
TXN_000000640,ACC_000426,MER_00138,1122.93,INR,success,wallet,2026-08-13T07:39:18.760363
TXN_000000641,ACC_000621,MER_00108,30.2,INR,success,net_banking,2026-07-30T09:16:11.760363
TXN_000000642,ACC_000094,MER_00103,827.19,INR,success,card,2026-06-25T16:07:36.760363
TXN_000000643,ACC_000931,,232.03,INR,success,card,2026-06-19T01:35:19.760363
TXN_000000644,ACC_000554,MER_00121,75.21,INR,success,card,2026-08-13T11:02:16.760363
TXN_000000645,ACC_000607,MER_00092,600.89,INR,success,wallet,2026-06-30T08:04:16.760363
TXN_000000646,ACC_000711,MER_00061,1764.72,INR,success,wallet,2026-08-18T10:19:40.760363
TXN_000000647,ACC_000931,MER_00143,184.12,INR,success,card,2026-07-03T00:11:38.760363
TXN_000000648,ACC_000892,MER_00070,549.78,INR,success,upi,2026-07-18T21:54:35.760363
TXN_000000649,ACC_000503,MER_00169,37.3,INR,success,net_banking,2026-06-27T19:46:08.760363
TXN_000000650,ACC_000775,MER_00093,132.17,INR,success,upi,2026-08-10T20:11:50.760363
TXN_000000651,ACC_000024,MER_00193,517.84,INR,success,wallet,2026-06-26T07:17:38.760363
TXN_000000652,ACC_000934,MER_00129,173.83,INR,success,net_banking,2026-06-10T08:55:51.760363
TXN_000000653,ACC_000632,MER_00007,189.31,INR,success,net_banking,2026-06-20T17:02:15.760363
TXN_000000654,ACC_000331,MER_00173,434.56,INR,success,upi,2026-06-14T09:14:00.760363
TXN_000000655,ACC_000534,MER_00005,386.5,INR,success,net_banking,2026-08-21T08:03:42.760363
TXN_000000656,ACC_000088,MER_00182,890.67,INR,success,card,2026-06-01T02:17:18.760363
TXN_000000657,ACC_000862,MER_00041,105.02,INR,success,card,2026-07-30T11:03:22.760363
TXN_000000658,ACC_000977,MER_00001,1606.79,INR,failed,card,2026-07-04T16:09:17.760363
TXN_000000659,ACC_000351,MER_00126,469.79,INR,success,wallet,2026-07-31T06:34:13.760363
TXN_000000660,ACC_000453,MER_00196,91.89,INR,success,wallet,2026-08-24T17:49:49.760363
TXN_000000661,ACC_000205,MER_00182,553.14,INR,success,upi,2026-06-01T04:41:38.760363
TXN_000000662,ACC_000493,MER_00002,629.1,INR,success,net_banking,2026-05-31T03:09:48.760363
TXN_000000663,ACC_000771,MER_00195,89.48,INR,success,upi,2026-08-17T03:57:32.760363
TXN_000000664,ACC_000223,MER_00047,250.9,INR,success,net_banking,2026-08-23T13:31:53.760363
TXN_000000665,ACC_000709,MER_00112,1059.01,INR,failed,wallet,2026-06-12T13:35:24.760363
TXN_000000666,ACC_000341,MER_00190,173.74,INR,success,card,2026-06-19T23:21:27.760363
TXN_000000667,ACC_000867,MER_00131,681.43,INR,success,net_banking,2026-06-22T11:09:24.760363
TXN_000000668,ACC_000253,MER_00116,193.34,INR,success,net_banking,2026-07-27T21:51:49.760363
TXN_000000669,ACC_000529,MER_00121,570.58,INR,success,card,2026-07-12T02:14:38.760363
TXN_000000670,ACC_000911,MER_00062,318.38,INR,success,card,2026-06-14T03:25:37.760363
TXN_000000671,ACC_000712,MER_00068,81.22,INR,success,card,2026-06-24T20:46:48.760363
TXN_000000672,ACC_000766,MER_00019,694.47,INR,success,net_banking,2026-05-28T07:30:42.760363
TXN_000000673,ACC_000677,MER_00009,193.15,INR,success,wallet,2026-06-23T15:02:19.760363
TXN_000000674,ACC_000139,MER_00086,1136.87,INR,success,upi,2026-07-04T02:35:09.760363
TXN_000000675,ACC_000248,MER_00140,579.97,INR,success,net_banking,2026-06-29T13:59:29.760363
TXN_000000676,ACC_000122,MER_00039,386.35,INR,success,net_banking,2026-06-26T08:14:40.760363
TXN_000000677,ACC_000036,MER_00009,355.11,INR,success,card,2026-07-05T12:15:28.760363
TXN_000000678,ACC_000593,MER_00030,248.73,INR,success,net_banking,2026-07-29T02:10:44.760363
TXN_000000679,ACC_000088,MER_00064,231.29,INR,success,card,2026-08-19T23:38:24.760363
TXN_000000680,ACC_000840,MER_00192,138.7,INR,success,net_banking,2026-08-05T02:59:28.760363
TXN_000000681,ACC_000041,MER_00127,38.16,INR,success,wallet,2026-08-24T16:15:33.760363
TXN_000000682,ACC_000215,MER_00182,205.57,INR,success,wallet,2026-07-22T20:01:55.760363
TXN_000000683,ACC_000463,MER_00043,125.13,INR,success,card,2026-08-01T06:26:02.760363
TXN_000000684,ACC_000714,MER_00015,211.3,INR,success,upi,2026-08-08T10:32:55.760363
TXN_000000685,ACC_000014,MER_00122,212.02,INR,success,card,2026-07-04T15:01:48.760363
TXN_000000686,ACC_000678,MER_00047,112.95,INR,success,card,2026-06-26T02:11:36.760363
TXN_000000687,ACC_000592,MER_00013,361.96,INR,success,wallet,2026-08-23T17:19:38.760363
TXN_000000688,ACC_000539,MER_00095,458.81,INR,success,card,2026-08-03T12:18:29.760363
TXN_000000689,ACC_000140,MER_00121,125.67,INR,success,net_banking,2026-08-08T12:11:35.760363
TXN_000000690,ACC_000756,MER_00136,119.61,INR,success,upi,2026-06-22T06:04:00.760363
TXN_000000691,ACC_000992,MER_00126,331.42,INR,success,card,2026-08-15T22:42:06.760363
TXN_000000692,ACC_000397,MER_00185,131.17,INR,success,upi,2026-08-06T21:15:22.760363
TXN_000000693,ACC_000885,MER_00192,231.2,INR,failed,card,2026-07-05T08:56:17.760363
TXN_000000694,ACC_000712,MER_00135,428.69,INR,success,card,2026-06-18T22:27:03.760363
TXN_000000695,ACC_000279,MER_00198,404.08,INR,success,upi,2026-07-11T03:39:34.760363
TXN_000000696,ACC_000113,MER_00101,549.53,INR,success,wallet,2026-08-11T00:17:54.760363
TXN_000000697,ACC_000395,MER_00136,116.68,INR,success,card,2026-06-04T05:05:29.760363
TXN_000000698,ACC_000387,MER_00050,193.13,INR,success,wallet,2026-06-11T06:06:22.760363
TXN_000000699,ACC_000386,MER_00165,819.61,INR,success,net_banking,2026-07-27T03:29:17.760363
TXN_000000700,ACC_000899,MER_00105,567.82,INR,success,upi,2026-06-17T21:59:39.760363
TXN_000000701,ACC_000208,MER_00106,694.94,INR,success,wallet,2026-08-06T14:37:07.760363
TXN_000000702,ACC_000394,MER_00079,329.76,INR,success,upi,2026-07-25T05:02:51.760363
TXN_000000703,ACC_000648,MER_00188,681.87,INR,success,net_banking,2026-06-02T01:26:11.760363
TXN_000000704,ACC_000898,MER_00186,111.37,INR,success,net_banking,2026-08-14T03:53:41.760363
TXN_000000705,ACC_000801,MER_00156,29.08,INR,success,wallet,2026-08-10T15:32:06.760363
TXN_000000706,ACC_000511,MER_00136,461.07,INR,success,card,2026-07-25T13:18:25.760363
TXN_000000707,ACC_000521,MER_00002,429.79,INR,success,upi,2026-05-30T21:22:44.760363
TXN_000000708,ACC_000818,MER_00060,178.92,INR,success,net_banking,2026-07-16T02:08:57.760363
TXN_000000709,ACC_000528,MER_00092,93.94,INR,success,upi,2026-06-19T07:07:49.760363
TXN_000000710,ACC_000338,MER_00108,524.63,INR,success,net_banking,2026-08-18T06:56:53.760363
TXN_000000711,ACC_000285,MER_00118,106.92,INR,success,card,2026-06-07T00:24:00.760363
TXN_000000712,ACC_000870,MER_00055,276.89,INR,success,net_banking,2026-06-25T06:43:54.760363
TXN_000000713,ACC_000352,MER_00045,1081.91,INR,success,wallet,2026-06-16T23:59:49.760363
TXN_000000714,ACC_000486,MER_00098,53.8,INR,success,upi,2026-06-15T02:12:35.760363
TXN_000000715,ACC_000702,MER_00174,440.51,INR,success,card,2026-05-29T12:58:15.760363
TXN_000000716,ACC_000444,MER_00132,832.42,INR,success,wallet,2026-06-25T17:58:30.760363
TXN_000000717,ACC_000395,MER_00137,414.49,INR,failed,net_banking,2026-08-14T01:28:04.760363
TXN_000000718,ACC_000488,MER_00024,288.66,INR,success,wallet,2026-05-27T10:42:51.760363
TXN_000000719,ACC_000185,MER_00190,124.13,INR,success,wallet,2026-07-20T09:48:29.760363
TXN_000000720,ACC_000665,MER_00184,99.11,INR,success,upi,2026-07-31T00:38:44.760363
TXN_000000721,ACC_000283,MER_00048,211.41,INR,success,upi,2026-08-12T11:21:54.760363
TXN_000000722,ACC_000664,MER_00142,244.13,INR,success,wallet,2026-08-10T00:11:32.760363
TXN_000000723,ACC_000312,MER_00151,288.54,INR,success,upi,2026-08-15T02:06:18.760363
TXN_000000724,ACC_000982,MER_00003,202.93,INR,success,card,2026-05-27T09:29:44.760363
TXN_000000725,ACC_000105,MER_00123,512.86,INR,success,upi,2026-07-03T14:29:04.760363
TXN_000000726,ACC_000529,MER_00053,708.65,INR,success,net_banking,2026-08-04T11:23:53.760363
TXN_000000727,ACC_000382,MER_00079,1369.11,INR,success,wallet,2026-08-06T00:06:44.760363
TXN_000000728,ACC_000800,MER_00047,149.07,INR,success,wallet,2026-06-11T13:35:39.760363
TXN_000000729,ACC_000967,MER_00189,39.23,INR,success,card,2026-07-02T06:39:13.760363
TXN_000000730,ACC_000967,MER_00126,539.89,INR,success,wallet,2026-07-24T22:12:15.760363
TXN_000000731,ACC_000456,MER_00084,220.86,INR,success,upi,2026-06-24T03:13:01.760363
TXN_000000732,ACC_000544,MER_00109,502.87,INR,success,wallet,2026-08-19T06:22:32.760363
TXN_000000733,ACC_000971,MER_00098,21.67,INR,success,net_banking,2026-06-25T16:18:21.760363
TXN_000000734,ACC_000599,MER_00196,1358.53,INR,success,card,2026-06-20T15:38:21.760363
TXN_000000735,ACC_000644,MER_00042,144.98,INR,success,upi,2026-07-28T11:14:11.760363
TXN_000000736,ACC_000578,MER_00109,67.79,INR,success,net_banking,2026-07-28T16:51:26.760363
TXN_000000737,ACC_000520,MER_00081,502.01,INR,success,net_banking,2026-08-12T08:25:12.760363
TXN_000000738,ACC_000287,MER_00171,419.56,INR,success,net_banking,2026-08-23T23:49:22.760363
TXN_000000739,ACC_000933,MER_00121,237.77,INR,success,upi,2026-08-23T03:12:31.760363
TXN_000000740,ACC_000726,MER_00179,112.93,INR,success,net_banking,2026-05-26T19:04:05.760363
TXN_000000741,ACC_000021,MER_00047,761.56,INR,success,upi,2026-06-07T03:28:24.760363
TXN_000000742,ACC_000568,MER_00118,99.58,INR,success,wallet,2026-07-08T11:14:17.760363
TXN_000000743,ACC_000902,MER_00151,465.1,INR,success,card,2026-08-05T18:55:30.760363
TXN_000000744,ACC_000899,MER_00175,288.42,INR,success,net_banking,2026-06-20T18:58:21.760363
TXN_000000745,ACC_000985,MER_00055,163.22,INR,success,wallet,2026-07-16T15:07:34.760363
TXN_000000746,ACC_000594,MER_00178,63.86,INR,success,net_banking,2026-06-26T20:58:33.760363
TXN_000000747,ACC_000849,MER_00184,798.4,INR,success,card,2026-05-29T14:17:53.760363
TXN_000000748,ACC_000711,MER_00131,153.28,INR,success,net_banking,2026-07-07T09:32:18.760363
TXN_000000749,ACC_000550,MER_00053,62.56,INR,success,net_banking,2026-06-29T17:27:05.760363
TXN_000000750,ACC_000672,MER_00134,106.98,INR,success,upi,2026-06-20T08:21:01.760363
TXN_000000751,ACC_000438,MER_00150,207.04,INR,failed,upi,2026-08-08T05:10:24.760363
TXN_000000752,ACC_000087,MER_00191,197.6,INR,success,wallet,2026-07-24T06:58:11.760363
TXN_000000753,ACC_000475,MER_00016,422.6,INR,success,wallet,2026-06-03T15:23:22.760363
TXN_000000754,ACC_000433,MER_00054,74.46,INR,failed,card,2026-06-05T07:44:08.760363
TXN_000000755,ACC_000650,MER_00084,1687.01,INR,success,card,2026-08-07T13:51:18.760363
TXN_000000756,ACC_000850,MER_00045,575.29,INR,success,net_banking,2026-07-27T23:16:27.760363
TXN_000000757,ACC_000653,MER_00186,254.83,INR,pending,net_banking,2026-08-11T17:47:16.760363
TXN_000000758,ACC_000737,MER_00038,724.0,INR,success,upi,2026-06-08T15:23:01.760363
TXN_000000759,ACC_000781,MER_00095,528.55,INR,success,upi,2026-06-18T19:03:47.760363
TXN_000000760,ACC_000927,MER_00017,488.25,INR,success,card,2026-07-30T07:34:05.760363
TXN_000000761,,MER_00052,1268.8,INR,success,upi,2026-07-03T13:15:48.760363
TXN_000000762,ACC_000895,MER_00012,76.15,INR,success,card,2026-08-21T08:03:34.760363
TXN_000000763,ACC_000847,MER_00048,254.38,INR,success,net_banking,2026-05-30T12:37:16.760363
TXN_000000764,ACC_000501,MER_00044,150.11,INR,failed,upi,2026-07-16T10:56:43.760363
TXN_000000765,ACC_000920,MER_00181,411.82,INR,success,card,2026-05-28T18:02:54.760363
TXN_000000766,ACC_000993,MER_00155,417.61,INR,success,upi,2026-07-12T05:20:00.760363
TXN_000000767,ACC_000619,MER_00160,2625.83,INR,success,upi,2026-05-27T05:55:10.760363
TXN_000000768,ACC_000139,MER_00039,293.22,INR,success,card,2026-06-30T14:12:38.760363
TXN_000000769,ACC_000058,MER_00110,220.68,INR,success,upi,2026-06-02T02:55:52.760363
TXN_000000770,ACC_000708,MER_00163,301.52,INR,success,upi,2026-08-20T06:57:33.760363
TXN_000000771,ACC_000244,MER_00094,61.17,INR,success,net_banking,2026-05-29T22:52:22.760363
TXN_000000772,ACC_000640,MER_00181,70.38,INR,success,upi,2026-07-06T16:00:59.760363
TXN_000000773,ACC_000617,MER_00122,139.5,INR,success,card,2026-07-12T11:03:00.760363
TXN_000000774,ACC_000714,MER_00138,1105.31,INR,failed,wallet,2026-06-19T23:25:21.760363
TXN_000000775,ACC_000466,MER_00153,207.54,INR,success,upi,2026-06-12T16:33:18.760363
TXN_000000776,ACC_000134,MER_00099,767.03,INR,success,upi,2026-06-12T21:51:03.760363
TXN_000000777,ACC_000684,MER_00040,128.85,INR,success,net_banking,2026-06-22T22:41:41.760363
TXN_000000778,ACC_000049,MER_00108,125.0,INR,success,upi,2026-08-23T10:16:24.760363
TXN_000000779,ACC_000673,MER_00182,507.2,INR,success,card,2026-06-03T18:44:55.760363
TXN_000000780,ACC_000571,MER_00172,58.83,INR,success,wallet,2026-07-27T06:07:05.760363
TXN_000000781,ACC_000034,MER_00004,59.57,INR,success,card,2026-07-16T00:42:29.760363
TXN_000000782,ACC_000656,MER_00088,81.89,INR,success,wallet,2026-05-30T11:03:23.760363
TXN_000000783,ACC_000836,MER_00170,809.3,INR,failed,wallet,2026-08-06T03:21:07.760363
TXN_000000784,ACC_000067,MER_00192,376.71,INR,success,upi,2026-06-11T16:32:44.760363
TXN_000000785,ACC_000053,MER_00063,96.03,INR,success,upi,2026-07-07T16:03:31.760363
TXN_000000786,ACC_000891,MER_00131,422.63,INR,success,net_banking,2026-07-19T17:23:15.760363
TXN_000000787,ACC_000323,MER_00153,68.0,INR,success,wallet,2026-07-31T00:05:05.760363
TXN_000000788,ACC_000339,MER_00096,147.08,INR,success,wallet,2026-06-25T14:24:32.760363
TXN_000000789,ACC_000327,MER_00136,166.01,INR,success,card,2026-08-04T06:35:55.760363
TXN_000000790,ACC_000128,MER_00158,97.57,INR,success,net_banking,2026-06-02T17:48:24.760363
TXN_000000791,ACC_000339,MER_00044,1028.19,INR,success,wallet,2026-06-21T23:51:08.760363
TXN_000000792,ACC_000703,MER_00017,149.03,INR,success,card,2026-07-09T11:20:42.760363
TXN_000000793,ACC_000365,MER_00182,444.54,INR,success,wallet,2026-05-29T22:35:23.760363
TXN_000000794,ACC_000563,MER_00090,277.86,INR,success,net_banking,2026-08-01T18:52:10.760363
TXN_000000795,ACC_000295,MER_00038,73.91,INR,failed,card,2026-07-12T09:02:16.760363
TXN_000000796,ACC_000991,MER_00055,344.6,INR,success,net_banking,2026-08-16T10:55:35.760363
TXN_000000797,ACC_000493,MER_00029,330.41,INR,success,upi,2026-06-01T06:14:20.760363
TXN_000000798,ACC_000134,MER_00172,148.67,INR,success,net_banking,2026-08-21T00:46:26.760363
TXN_000000799,ACC_000234,MER_00164,393.51,INR,success,upi,2026-08-03T13:32:04.760363
TXN_000000800,ACC_000490,MER_00027,124.17,INR,failed,net_banking,2026-08-14T00:41:54.760363
TXN_000000801,ACC_000702,MER_00011,69.71,INR,success,card,2026-07-31T12:42:15.760363
TXN_000000802,ACC_000991,MER_00016,19.88,INR,success,wallet,2026-08-19T00:25:55.760363
TXN_000000803,ACC_000226,MER_00101,383.65,INR,success,upi,2026-06-05T11:35:22.760363
TXN_000000804,ACC_000999,MER_00022,89.01,INR,success,wallet,2026-07-20T06:53:01.760363
TXN_000000805,ACC_000713,MER_00074,39.65,INR,success,net_banking,2026-06-22T14:09:36.760363
TXN_000000806,ACC_000961,MER_00174,375.1,INR,pending,net_banking,2026-07-24T13:13:46.760363
TXN_000000807,ACC_000767,MER_00181,196.02,INR,success,net_banking,2026-05-31T13:31:19.760363
TXN_000000808,ACC_000142,MER_00083,1783.88,INR,success,wallet,2026-07-25T13:01:09.760363
TXN_000000809,ACC_000585,MER_00196,140.13,INR,success,upi,2026-07-04T16:08:13.760363
TXN_000000810,ACC_000216,MER_00123,522.86,INR,success,upi,2026-06-29T11:58:35.760363
TXN_000000811,ACC_000166,MER_00127,1366.18,INR,success,card,2026-07-11T17:53:50.760363
TXN_000000812,ACC_000046,MER_00092,317.44,INR,success,wallet,2026-07-16T14:12:52.760363
TXN_000000813,ACC_000747,MER_00022,332.62,INR,success,net_banking,2026-08-08T05:50:44.760363
TXN_000000814,ACC_000018,MER_00006,320.05,INR,success,wallet,2026-07-29T16:18:37.760363
TXN_000000815,ACC_000337,MER_00188,506.81,INR,success,card,2026-05-31T17:33:55.760363
TXN_000000816,ACC_000728,MER_00194,192.43,INR,success,card,2026-06-09T06:50:40.760363
TXN_000000817,ACC_000267,MER_00017,679.81,INR,success,wallet,2026-05-28T11:23:52.760363
TXN_000000818,ACC_000686,MER_00128,1156.1,INR,success,wallet,2026-06-06T19:11:06.760363
TXN_000000819,ACC_000518,MER_00004,371.32,INR,success,card,2026-08-14T10:27:08.760363
TXN_000000820,ACC_000300,MER_00136,1004.37,INR,success,upi,2026-07-13T12:53:08.760363
TXN_000000821,ACC_000499,MER_00044,561.12,INR,success,wallet,2026-08-23T17:14:14.760363
TXN_000000822,ACC_000894,MER_00156,377.05,INR,success,card,2026-07-05T14:14:19.760363
TXN_000000823,ACC_000960,MER_00195,126.25,INR,success,card,2026-07-04T00:25:38.760363
TXN_000000824,ACC_000824,MER_00132,1123.56,INR,success,upi,2026-06-07T06:43:53.760363
TXN_000000825,ACC_000261,MER_00178,594.8,INR,success,net_banking,2026-06-11T18:41:35.760363
TXN_000000826,ACC_000415,MER_00067,665.83,INR,success,upi,2026-06-20T07:00:50.760363
TXN_000000827,ACC_000133,MER_00144,155.43,INR,success,net_banking,2026-07-13T18:30:52.760363
TXN_000000828,ACC_000209,MER_00038,101.6,INR,success,net_banking,2026-06-27T14:23:49.760363
TXN_000000829,ACC_000390,MER_00057,46.24,INR,success,card,2026-07-26T19:14:01.760363
TXN_000000830,ACC_000138,MER_00157,180.8,INR,success,card,2026-07-22T14:37:00.760363
TXN_000000831,,MER_00136,202.19,INR,success,net_banking,2026-07-24T16:16:44.760363
TXN_000000832,ACC_000925,MER_00196,40.19,INR,success,upi,2026-08-04T03:08:37.760363
TXN_000000833,ACC_000082,MER_00045,129.84,INR,success,upi,2026-06-24T10:59:50.760363
TXN_000000834,ACC_000930,MER_00156,513.92,INR,success,net_banking,2026-08-11T06:45:11.760363
TXN_000000835,ACC_000458,MER_00050,127.24,INR,success,card,2026-06-29T06:56:06.760363
TXN_000000836,ACC_000500,MER_00155,45.0,INR,success,wallet,2026-08-07T22:43:30.760363
TXN_000000837,ACC_000361,MER_00188,1847.13,INR,success,upi,2026-06-15T05:29:02.760363
TXN_000000838,ACC_000651,MER_00030,212.5,INR,success,upi,2026-06-26T21:19:26.760363
TXN_000000839,ACC_000272,MER_00196,265.15,INR,success,upi,2026-05-29T22:18:18.760363
TXN_000000840,ACC_000774,MER_00100,214.77,INR,success,net_banking,2026-06-04T09:04:10.760363
TXN_000000841,ACC_000118,MER_00058,449.25,INR,success,net_banking,2026-07-11T05:08:55.760363
TXN_000000842,ACC_000839,MER_00009,134.72,INR,success,card,2026-07-12T23:54:38.760363
TXN_000000843,ACC_000822,MER_00170,378.69,INR,success,card,2026-08-07T01:50:17.760363
TXN_000000844,ACC_000122,MER_00183,482.47,INR,success,upi,2026-06-03T11:34:15.760363
TXN_000000845,ACC_000735,MER_00079,82.09,INR,success,wallet,2026-08-09T23:30:32.760363
TXN_000000846,ACC_000275,MER_00005,682.88,INR,success,card,2026-05-27T00:09:43.760363
TXN_000000847,ACC_000938,MER_00171,159.09,INR,success,wallet,2026-07-09T18:25:48.760363
TXN_000000848,ACC_000352,MER_00115,128.27,INR,success,upi,2026-06-08T05:21:53.760363
TXN_000000849,ACC_000784,MER_00051,105.48,INR,failed,wallet,2026-08-06T03:34:40.760363
TXN_000000850,ACC_000684,MER_00112,442.33,INR,success,card,2026-07-18T15:44:25.760363
TXN_000000851,ACC_000636,MER_00096,511.8,INR,failed,upi,2026-06-28T03:42:31.760363
TXN_000000852,ACC_000957,MER_00020,125.8,INR,success,upi,2026-07-21T22:39:07.760363
TXN_000000853,ACC_000435,MER_00138,400.12,INR,success,upi,2026-07-09T20:17:11.760363
TXN_000000854,ACC_000820,MER_00060,168.63,INR,failed,wallet,2026-06-19T22:38:17.760363
TXN_000000855,ACC_000165,MER_00048,964.4,INR,success,upi,2026-08-09T11:38:42.760363
TXN_000000856,ACC_000327,MER_00124,297.42,INR,success,net_banking,2026-08-09T07:36:28.760363
TXN_000000857,ACC_000809,MER_00187,869.66,INR,success,wallet,2026-08-06T20:39:00.760363
TXN_000000858,ACC_000260,MER_00098,610.2,INR,success,net_banking,2026-06-18T12:03:18.760363
TXN_000000859,ACC_000788,MER_00153,83.55,INR,success,wallet,2026-06-27T19:22:05.760363
TXN_000000860,ACC_000499,MER_00195,78.8,INR,success,wallet,2026-06-06T00:58:19.760363
TXN_000000861,ACC_000594,MER_00024,412.67,INR,success,wallet,2026-07-31T06:34:30.760363
TXN_000000862,ACC_000629,MER_00131,313.4,INR,success,card,2026-05-31T21:45:08.760363
TXN_000000863,ACC_000744,MER_00085,174.72,INR,success,upi,2026-06-29T07:46:27.760363
TXN_000000864,ACC_000275,MER_00075,108.81,INR,success,wallet,2026-07-22T12:25:27.760363
TXN_000000865,ACC_000043,MER_00156,1412.04,INR,success,wallet,2026-06-12T13:28:52.760363
TXN_000000866,ACC_000908,MER_00115,221.0,INR,success,card,2026-07-08T20:02:19.760363
TXN_000000867,ACC_000723,MER_00036,128.14,INR,success,card,2026-06-25T14:13:50.760363
TXN_000000868,ACC_000955,MER_00141,661.84,INR,success,card,2026-07-16T08:22:39.760363
TXN_000000869,ACC_000624,MER_00111,630.49,INR,success,upi,2026-08-03T01:05:10.760363
TXN_000000870,ACC_000214,MER_00073,698.02,INR,success,card,2026-07-14T06:07:48.760363
TXN_000000871,ACC_000515,MER_00115,115.61,INR,success,upi,2026-06-29T16:59:59.760363
TXN_000000872,ACC_000150,MER_00180,479.73,INR,success,net_banking,2026-07-06T16:38:06.760363
TXN_000000873,ACC_000485,MER_00022,482.48,INR,success,net_banking,2026-08-18T21:22:08.760363
TXN_000000874,ACC_000490,MER_00012,59.37,INR,success,wallet,2026-07-03T17:48:04.760363
TXN_000000875,ACC_000419,MER_00056,36.16,INR,success,net_banking,2026-08-06T11:57:41.760363
TXN_000000876,ACC_000222,MER_00037,250.27,INR,success,card,2026-06-03T05:16:29.760363
TXN_000000877,ACC_000487,MER_00190,241.58,INR,success,card,2026-08-02T13:16:05.760363
TXN_000000878,ACC_000610,MER_00193,516.47,INR,success,upi,2026-07-06T13:54:42.760363
TXN_000000879,ACC_000287,MER_00063,94.07,INR,success,net_banking,2026-07-12T09:55:02.760363
TXN_000000880,ACC_000281,MER_00173,268.35,INR,success,net_banking,2026-07-29T20:18:13.760363
TXN_000000881,ACC_000295,MER_00135,950.63,INR,success,net_banking,2026-06-15T01:30:05.760363
TXN_000000882,ACC_000082,MER_00138,620.27,INR,success,wallet,2026-06-09T07:33:03.760363
TXN_000000883,ACC_000003,MER_00172,65.73,INR,success,wallet,2026-07-26T10:23:45.760363
TXN_000000884,ACC_000028,MER_00114,177.2,INR,success,card,2026-08-23T20:23:39.760363
TXN_000000885,ACC_000605,MER_00175,123.22,INR,success,net_banking,2026-07-03T17:05:56.760363
TXN_000000886,ACC_000351,MER_00141,497.59,INR,success,wallet,2026-06-29T17:35:24.760363
TXN_000000887,ACC_000691,MER_00135,701.13,INR,success,wallet,2026-06-10T05:21:17.760363
TXN_000000888,ACC_000459,MER_00198,366.64,INR,success,card,2026-06-12T12:22:18.760363
TXN_000000889,ACC_000986,MER_00175,636.11,INR,success,card,2026-08-22T21:29:04.760363
TXN_000000890,ACC_000221,MER_00026,49.78,INR,success,net_banking,2026-06-11T13:03:36.760363
TXN_000000891,ACC_INVALID,MER_00178,113.77,INR,success,card,2026-08-11T21:59:32.760363
TXN_000000892,ACC_000541,MER_00088,690.38,INR,success,upi,2026-08-21T23:54:40.760363
TXN_000000893,ACC_000326,MER_00199,232.52,INR,success,card,2026-08-19T13:48:15.760363
TXN_000000894,ACC_000261,MER_00147,47.67,INR,success,card,2026-07-29T12:47:44.760363
TXN_000000895,ACC_000721,MER_00029,141.44,INR,success,card,2026-07-25T05:54:00.760363
TXN_000000896,ACC_000132,MER_00106,595.81,INR,success,card,2026-06-21T22:52:06.760363
TXN_000000897,ACC_000915,MER_00010,239.49,INR,success,upi,2026-07-18T21:27:40.760363
TXN_000000898,ACC_000332,MER_00122,78.44,INR,success,wallet,2026-06-20T10:03:32.760363
TXN_000000899,ACC_000566,MER_00131,350.87,INR,success,upi,2026-06-21T09:20:59.760363
TXN_000000900,ACC_000497,MER_00108,275.97,INR,success,net_banking,2026-07-28T01:14:55.760363
TXN_000000901,ACC_000105,MER_00079,262.8,INR,success,card,2026-06-01T00:04:04.760363
TXN_000000902,ACC_000804,MER_00171,1671.02,INR,success,card,2026-07-10T03:26:10.760363
TXN_000000903,ACC_000457,MER_00124,313.33,INR,success,wallet,2026-06-01T01:46:17.760363
TXN_000000904,ACC_000580,MER_00009,90.62,INR,success,wallet,2026-08-16T07:37:49.760363
TXN_000000905,ACC_000365,MER_00103,850.7,INR,success,card,2026-05-31T02:29:50.760363
TXN_000000906,ACC_000269,MER_00190,702.05,INR,success,upi,2026-05-27T15:35:10.760363
TXN_000000907,ACC_000469,MER_00147,1376.63,INR,success,upi,2026-08-22T13:30:55.760363
TXN_000000908,ACC_000691,MER_00104,48.51,INR,success,net_banking,2026-08-06T04:01:55.760363
TXN_000000909,ACC_000910,MER_00196,691.23,INR,success,net_banking,2026-06-27T20:34:05.760363
TXN_000000910,ACC_000366,MER_00082,286.61,INR,success,upi,2026-05-26T22:25:29.760363
TXN_000000911,ACC_000227,MER_00085,680.27,INR,success,card,2026-07-08T21:26:10.760363
TXN_000000912,ACC_000921,MER_00192,57.27,INR,success,wallet,2026-06-05T01:41:30.760363
TXN_000000913,ACC_000536,MER_00097,314.67,INR,success,upi,2026-06-03T01:01:45.760363
TXN_000000914,ACC_000008,MER_00034,283.56,INR,success,card,2026-07-22T06:46:01.760363
TXN_000000915,ACC_000105,MER_00064,201.94,INR,success,upi,2026-05-29T23:48:33.760363
TXN_000000916,ACC_000945,MER_00090,74.45,INR,success,wallet,2026-06-20T17:44:44.760363
TXN_000000917,ACC_000934,MER_00094,210.94,INR,pending,card,2026-07-09T17:41:48.760363
TXN_000000918,ACC_000660,MER_00127,335.17,INR,success,card,2026-06-16T02:38:09.760363
TXN_000000919,ACC_000682,MER_00138,815.4,INR,success,net_banking,2026-08-10T20:54:31.760363
TXN_000000920,ACC_000866,MER_00017,111.08,INR,failed,card,2026-06-02T21:52:07.760363
TXN_000000921,ACC_000466,MER_00123,642.35,INR,success,net_banking,2026-05-28T08:37:57.760363
TXN_000000922,ACC_000991,MER_00048,586.53,INR,success,wallet,2026-07-06T16:42:40.760363
TXN_000000923,ACC_000877,MER_00156,120.96,INR,success,card,2026-06-24T23:06:17.760363
TXN_000000924,ACC_000790,MER_00146,234.11,INR,success,wallet,2026-07-06T23:52:14.760363
TXN_000000925,ACC_000090,MER_00066,269.55,INR,success,upi,2026-06-09T09:50:08.760363
TXN_000000926,ACC_000533,MER_00161,191.51,INR,success,net_banking,2026-07-20T09:15:13.760363
TXN_000000927,ACC_000106,MER_00029,75.88,INR,success,upi,2026-07-21T01:39:31.760363
TXN_000000928,ACC_000651,MER_00153,78.93,INR,success,upi,2026-08-15T00:36:21.760363
TXN_000000929,ACC_000568,MER_00166,136.9,INR,success,upi,2026-07-25T12:06:21.760363
TXN_000000930,ACC_000449,MER_00092,44.02,INR,success,upi,2026-05-31T11:47:57.760363
TXN_000000931,ACC_000213,MER_00088,102.15,INR,success,upi,2026-06-25T09:53:59.760363
TXN_000000932,ACC_000882,MER_00106,475.5,INR,success,card,2026-05-28T10:29:46.760363
TXN_000000933,ACC_000713,MER_00141,384.75,INR,success,upi,2026-06-04T07:27:23.760363
TXN_000000934,ACC_000715,MER_00149,976.05,INR,success,card,2026-06-01T02:11:49.760363
TXN_000000935,ACC_000404,MER_00023,124.76,INR,success,card,2026-07-31T16:40:49.760363
TXN_000000936,ACC_000487,MER_00178,163.75,INR,success,wallet,2026-08-04T04:02:30.760363
TXN_000000937,ACC_000454,MER_00200,313.95,INR,success,card,2026-07-05T07:03:38.760363
TXN_000000938,ACC_INVALID,MER_00003,245.25,INR,success,net_banking,2026-08-11T05:16:57.760363
TXN_000000939,ACC_000933,MER_00075,227.24,INR,success,net_banking,2026-06-03T14:55:45.760363
TXN_000000940,ACC_000893,MER_00148,69.15,INR,success,card,2026-06-12T04:07:17.760363
TXN_000000941,ACC_000991,MER_00055,661.4,INR,success,wallet,2026-05-31T14:57:03.760363
TXN_000000942,ACC_000545,MER_00157,467.84,INR,success,net_banking,2026-06-01T07:01:16.760363
TXN_000000943,ACC_000286,MER_00075,181.3,INR,success,net_banking,2026-08-22T02:57:19.760363
TXN_000000944,ACC_000752,MER_00184,180.05,INR,success,net_banking,2026-08-04T12:46:47.760363
TXN_000000945,ACC_000329,MER_00094,1582.32,INR,success,upi,2026-06-28T13:13:14.760363
TXN_000000946,ACC_000980,MER_00016,38.51,INR,success,net_banking,2026-05-31T23:45:41.760363
TXN_000000947,ACC_000029,MER_00017,912.49,INR,success,card,2026-06-15T11:25:35.760363
TXN_000000948,ACC_000059,MER_00051,389.09,INR,success,wallet,2026-07-30T18:31:48.760363
TXN_000000949,ACC_000193,MER_00092,119.27,INR,success,net_banking,2026-06-01T01:13:11.760363
TXN_000000950,ACC_000545,MER_00071,234.4,INR,success,card,2026-08-09T03:27:00.760363
TXN_000000951,ACC_000484,MER_00191,47.05,INR,failed,card,2026-08-13T20:22:05.760363
TXN_000000952,ACC_000735,MER_00105,141.25,INR,success,card,2026-08-08T05:05:42.760363
TXN_000000953,ACC_000186,MER_00088,82.64,INR,success,wallet,2026-08-11T02:15:12.760363
TXN_000000954,ACC_000173,MER_00137,70.46,INR,success,upi,2026-08-15T04:05:36.760363
TXN_000000955,ACC_000412,MER_00082,162.59,INR,success,upi,2026-06-29T07:39:16.760363
TXN_000000956,ACC_000406,MER_00053,162.23,INR,success,wallet,2026-05-28T17:25:16.760363
TXN_000000957,ACC_000025,MER_00188,333.24,INR,failed,net_banking,2026-07-17T00:33:58.760363
TXN_000000958,ACC_000226,MER_00105,771.73,INR,success,card,2026-07-07T03:35:35.760363
TXN_000000959,ACC_000940,MER_00099,188.89,INR,success,net_banking,2026-07-11T13:40:55.760363
TXN_000000960,ACC_000550,MER_00041,413.42,INR,success,net_banking,2026-08-18T12:15:07.760363
TXN_000000961,ACC_000302,MER_00009,1621.9,INR,success,card,2026-08-17T17:30:08.760363
TXN_000000962,ACC_000176,MER_00087,309.94,INR,success,wallet,2026-08-02T13:32:24.760363
TXN_000000963,ACC_000755,MER_00138,946.16,INR,success,upi,2026-06-15T05:18:25.760363
TXN_000000964,ACC_000688,MER_00088,294.07,INR,pending,upi,2026-07-18T08:27:15.760363
TXN_000000965,ACC_000722,MER_00157,78.95,INR,success,net_banking,2026-07-24T23:25:19.760363
TXN_000000966,ACC_000806,MER_00150,340.61,INR,success,upi,2026-07-01T14:59:54.760363
TXN_000000967,ACC_000712,MER_00171,115.21,INR,success,card,2026-07-12T19:33:06.760363
TXN_000000968,ACC_000536,MER_00002,146.72,INR,success,wallet,2026-08-15T08:12:43.760363
TXN_000000969,ACC_000266,MER_00062,356.8,INR,success,card,2026-06-09T20:31:15.760363
TXN_000000970,ACC_000609,MER_00076,188.47,INR,success,upi,2026-06-17T11:34:14.760363
TXN_000000971,ACC_000855,MER_00051,483.71,INR,success,wallet,2026-05-30T18:21:10.760363
TXN_000000972,ACC_000919,MER_00138,413.24,INR,success,wallet,2026-08-02T07:30:05.760363
TXN_000000973,ACC_000171,MER_00142,153.76,INR,success,wallet,2026-07-02T05:01:19.760363
TXN_000000974,ACC_000221,MER_00161,173.36,INR,success,card,2026-08-08T01:53:30.760363
TXN_000000975,ACC_000748,MER_00132,548.35,INR,success,card,2026-06-28T04:37:32.760363
TXN_000000976,ACC_000999,MER_00154,35.1,INR,success,net_banking,2026-08-19T10:03:46.760363
TXN_000000977,ACC_000141,MER_00128,118.93,INR,success,wallet,2026-06-22T21:07:50.760363
TXN_000000978,ACC_000821,MER_00022,566.19,INR,success,card,2026-07-13T12:22:47.760363
TXN_000000979,ACC_000259,MER_00121,1004.11,INR,success,wallet,2026-07-21T06:27:30.760363
TXN_000000980,ACC_000927,MER_00064,196.07,INR,success,card,2026-06-02T19:10:07.760363
TXN_000000981,ACC_000558,MER_00091,135.14,INR,success,upi,2026-06-16T09:58:07.760363
TXN_000000982,ACC_000677,MER_00019,187.43,INR,success,card,2026-07-23T19:09:26.760363
TXN_000000983,ACC_000096,MER_00149,381.4,INR,success,wallet,2026-06-06T07:46:22.760363
TXN_000000984,ACC_000318,MER_00017,87.65,INR,success,wallet,2026-05-29T06:35:35.760363
TXN_000000985,ACC_000362,MER_00114,266.19,INR,success,wallet,2026-08-10T22:00:13.760363
TXN_000000986,ACC_000382,MER_00159,184.28,INR,success,card,2026-08-18T04:51:34.760363
TXN_000000987,ACC_000908,MER_00142,81.72,INR,success,net_banking,2026-07-03T14:20:39.760363
TXN_000000988,ACC_000528,MER_00076,240.06,INR,success,card,2026-07-01T01:20:56.760363
TXN_000000989,ACC_INVALID,MER_00111,110.48,INR,success,net_banking,2026-07-12T11:55:28.760363
TXN_000000990,ACC_000454,MER_00111,125.8,INR,success,wallet,2026-07-20T10:30:05.760363
TXN_000000991,ACC_000755,MER_00050,204.03,INR,success,wallet,2026-07-21T15:07:28.760363
TXN_000000992,ACC_000541,MER_00045,258.29,INR,success,net_banking,2026-07-07T13:55:54.760363
TXN_000000993,ACC_000586,MER_00007,100.86,INR,success,upi,2026-06-14T10:49:59.760363
TXN_000000994,ACC_000130,MER_00029,102.32,INR,success,net_banking,2026-07-23T03:23:46.760363
TXN_000000995,ACC_000948,MER_00003,204.02,INR,success,upi,2026-07-18T17:06:04.760363
TXN_000000996,ACC_000755,MER_00181,143.06,INR,success,wallet,2026-06-27T00:11:37.760363
TXN_000000997,ACC_000866,MER_00049,662.51,INR,success,wallet,2026-07-15T19:34:31.760363
TXN_000000998,ACC_000072,MER_00164,31.34,INR,success,card,2026-08-10T09:07:59.760363
TXN_000000999,ACC_000055,MER_00079,166.14,INR,success,card,2026-08-09T21:58:33.760363
TXN_000001000,ACC_000388,MER_00194,1423.59,INR,success,upi,2026-07-30T00:33:48.760363
TXN_000001001,ACC_000576,MER_00085,436.55,INR,success,net_banking,2026-07-12T05:33:01.760363
TXN_000001002,ACC_000225,MER_00163,94.02,INR,success,card,2026-08-11T20:33:50.760363
TXN_000001003,ACC_000946,MER_00174,1175.43,INR,success,wallet,2026-06-13T18:47:18.760363
TXN_000001004,ACC_000548,MER_00142,146.63,INR,success,card,2026-05-28T07:14:04.760363
TXN_000001005,ACC_000747,MER_00031,147.66,INR,success,wallet,2026-08-18T05:18:23.760363
TXN_000001006,ACC_000436,MER_00057,419.01,INR,success,upi,2026-07-12T00:03:25.760363
TXN_000001007,ACC_000977,MER_00099,104.17,INR,success,card,2026-06-11T17:14:26.760363
TXN_000001008,ACC_000977,MER_00140,734.1,INR,success,wallet,2026-06-27T05:08:00.760363
TXN_000001009,ACC_000242,MER_00062,160.23,INR,success,upi,2026-08-12T14:12:48.760363
TXN_000001010,ACC_000106,MER_00029,674.5,INR,success,wallet,2026-08-09T18:39:15.760363
TXN_000001011,ACC_000763,MER_00168,451.25,INR,success,upi,2026-08-23T11:59:11.760363
TXN_000001012,ACC_000176,MER_00039,190.52,INR,success,net_banking,2026-07-19T09:37:25.760363
TXN_000001013,ACC_000320,MER_00175,116.41,INR,success,net_banking,2026-07-22T19:18:51.760363
TXN_000001014,ACC_000855,MER_00045,138.62,INR,success,net_banking,2026-08-07T14:01:33.760363
TXN_000001015,ACC_000890,MER_00113,945.81,INR,success,card,2026-06-25T04:37:53.760363
TXN_000001016,ACC_000647,MER_00081,79.48,INR,success,net_banking,2026-05-29T13:29:00.760363
TXN_000001017,ACC_000393,MER_00001,257.63,INR,success,upi,2026-07-29T05:41:32.760363
TXN_000001018,ACC_000199,MER_00140,509.9,INR,success,card,2026-06-02T14:02:49.760363
TXN_000001019,ACC_000511,MER_00107,53.7,INR,success,wallet,2026-07-13T06:30:45.760363
TXN_000001020,ACC_000041,MER_00139,223.55,INR,pending,net_banking,2026-07-28T09:13:20.760363
TXN_000001021,ACC_000563,MER_00111,704.24,INR,success,upi,2026-08-24T12:30:28.760363
TXN_000001022,ACC_000753,MER_00078,90.11,INR,success,card,2026-07-05T09:14:55.760363
TXN_000001023,ACC_000625,MER_00095,152.12,INR,success,card,2026-06-16T19:32:59.760363
TXN_000001024,ACC_000559,MER_00132,224.8,INR,success,card,2026-05-30T23:05:56.760363
TXN_000001025,ACC_000878,MER_00115,1286.52,INR,success,upi,2026-08-04T20:30:47.760363
TXN_000001026,ACC_000261,MER_00093,86.19,INR,success,wallet,2026-07-26T11:08:05.760363
TXN_000001027,ACC_000645,MER_00096,132.03,INR,failed,upi,2026-08-08T13:48:02.760363
TXN_000001028,ACC_000264,MER_00106,105.07,INR,success,card,2026-06-22T16:31:20.760363
TXN_000001029,ACC_000414,MER_00018,137.4,INR,success,card,2026-06-06T17:27:10.760363
TXN_000001030,,MER_00149,76.72,INR,success,wallet,2026-08-03T18:02:19.760363
TXN_000001031,ACC_000871,MER_00019,318.97,INR,success,upi,2026-07-13T17:31:43.760363
TXN_000001032,ACC_000579,MER_00194,236.71,INR,success,net_banking,2026-08-24T01:54:38.760363
TXN_000001033,ACC_000909,MER_00187,143.82,INR,success,net_banking,2026-08-01T18:27:22.760363
TXN_000001034,ACC_000684,MER_00007,89.07,INR,success,net_banking,2026-07-07T04:25:08.760363
TXN_000001035,ACC_000883,MER_00126,214.05,INR,success,card,2026-08-15T16:17:12.760363
TXN_000001036,ACC_000060,MER_00182,2614.23,INR,success,net_banking,2026-06-18T23:44:22.760363
TXN_000001037,ACC_000963,MER_00109,522.42,INR,success,net_banking,2026-07-19T21:50:29.760363
TXN_000001038,ACC_000421,MER_00056,249.32,INR,success,net_banking,2026-07-10T03:22:48.760363
TXN_000001039,ACC_000933,MER_00085,436.28,INR,success,net_banking,2026-06-11T21:01:22.760363
TXN_000001040,ACC_000357,MER_00167,329.67,INR,success,card,2026-07-18T07:31:49.760363
TXN_000001041,ACC_000171,MER_00040,172.51,INR,success,net_banking,2026-06-10T12:37:32.760363
TXN_000001042,ACC_000552,MER_00107,156.92,INR,success,card,2026-06-04T19:40:04.760363
TXN_000001043,ACC_000286,MER_00110,166.27,INR,success,card,2026-07-04T00:15:50.760363
TXN_000001044,ACC_000625,MER_00031,373.77,INR,success,card,2026-08-05T11:38:17.760363
TXN_000001045,ACC_000560,MER_00082,462.18,INR,success,upi,2026-07-24T05:26:33.760363
TXN_000001046,ACC_000578,MER_00066,71.71,INR,success,card,2026-06-16T23:30:10.760363
TXN_000001047,ACC_000091,MER_00141,719.13,INR,success,net_banking,2026-08-14T08:30:46.760363
TXN_000001048,ACC_000904,MER_00004,85.64,INR,success,net_banking,2026-07-11T08:47:31.760363
TXN_000001049,ACC_000248,,72.26,INR,success,upi,2026-08-08T22:00:02.760363
TXN_000001050,ACC_000229,MER_00147,2314.26,INR,success,upi,2026-06-04T03:42:09.760363
TXN_000001051,ACC_000380,MER_00047,208.85,INR,success,wallet,2026-06-28T03:33:49.760363
TXN_000001052,ACC_000573,MER_00172,605.76,INR,success,card,2026-08-06T11:19:35.760363
TXN_000001053,ACC_000661,MER_00180,987.56,INR,success,wallet,2026-07-01T15:03:47.760363
TXN_000001054,ACC_000429,MER_00059,292.57,INR,success,wallet,2026-06-28T19:54:07.760363
TXN_000001055,ACC_000929,MER_00095,889.34,INR,success,upi,2026-06-01T15:12:21.760363
TXN_000001056,ACC_000546,MER_00002,130.64,INR,success,net_banking,2026-08-13T00:13:42.760363
TXN_000001057,ACC_000249,MER_00037,285.73,INR,success,upi,2026-07-30T22:50:33.760363
TXN_000001058,ACC_INVALID,MER_00167,144.53,INR,success,upi,2026-07-03T21:49:00.760363
TXN_000001059,ACC_000622,MER_00132,525.09,INR,success,card,2026-07-17T21:31:52.760363
TXN_000001060,ACC_000751,MER_00042,121.27,INR,success,net_banking,2026-06-11T07:43:11.760363
TXN_000001061,ACC_000185,MER_00084,128.12,INR,success,upi,2026-06-25T19:00:08.760363
TXN_000001062,ACC_000052,MER_00080,37.54,INR,success,net_banking,2026-08-14T20:58:05.760363
TXN_000001063,ACC_000614,MER_00037,165.92,INR,success,wallet,2026-08-14T19:48:17.760363
TXN_000001064,ACC_000143,MER_00030,101.19,INR,success,net_banking,2026-06-18T17:31:47.760363
TXN_000001065,ACC_000652,MER_00055,187.3,INR,success,net_banking,2026-07-13T04:52:58.760363
TXN_000001066,ACC_000234,MER_00093,413.85,INR,success,upi,2026-07-15T22:46:45.760363
TXN_000001067,ACC_000445,MER_00143,138.73,INR,success,wallet,2026-06-05T15:20:17.760363
TXN_000001068,ACC_000631,MER_00089,255.66,INR,success,net_banking,2026-08-01T16:37:37.760363
TXN_000001069,ACC_000053,MER_00126,588.51,INR,success,upi,2026-07-12T13:19:34.760363
TXN_000001070,ACC_000801,MER_00111,1036.34,INR,success,upi,2026-06-13T12:57:34.760363
TXN_000001071,ACC_000516,MER_00146,46.66,INR,success,upi,2026-06-04T13:48:24.760363
TXN_000001072,ACC_000233,MER_00163,153.65,INR,success,net_banking,2026-08-11T19:40:05.760363
TXN_000001073,ACC_000701,MER_00043,93.33,INR,success,upi,2026-06-22T06:02:11.760363
TXN_000001074,ACC_000783,MER_00082,198.6,INR,success,card,2026-06-22T07:46:57.760363
TXN_000001075,ACC_000041,MER_00002,30.56,INR,success,card,2026-08-11T14:46:53.760363
TXN_000001076,ACC_000004,MER_00002,113.75,INR,success,wallet,2026-08-15T06:37:32.760363
TXN_000001077,ACC_000635,MER_00051,435.74,INR,success,net_banking,2026-06-19T05:57:46.760363
TXN_000001078,ACC_000276,MER_00034,1033.79,INR,success,upi,2026-08-21T12:08:12.760363
TXN_000001079,ACC_000155,MER_00182,265.97,INR,success,upi,2026-08-23T18:49:11.760363
TXN_000001080,ACC_000745,MER_00082,29.02,INR,success,wallet,2026-08-08T02:38:49.760363
TXN_000001081,ACC_000094,MER_00119,115.37,INR,success,card,2026-07-30T22:05:06.760363
TXN_000001082,ACC_000178,MER_00116,234.27,INR,success,upi,2026-07-04T23:48:05.760363
TXN_000001083,ACC_000433,MER_00159,119.38,INR,success,wallet,2026-07-19T12:19:54.760363
TXN_000001084,ACC_000888,MER_00050,61.73,INR,success,wallet,2026-08-08T10:13:10.760363
TXN_000001085,ACC_000352,MER_00017,583.43,INR,success,net_banking,2026-08-14T22:45:25.760363
TXN_000001086,ACC_000584,MER_00188,121.78,INR,success,card,2026-07-11T11:49:41.760363
TXN_000001087,ACC_000523,MER_00169,172.51,INR,success,net_banking,2026-07-15T19:01:04.760363
TXN_000001088,ACC_000590,MER_00001,121.72,INR,success,net_banking,2026-06-08T03:39:27.760363
TXN_000001089,ACC_000329,MER_00095,421.39,INR,success,upi,2026-07-22T23:42:36.760363
TXN_000001090,ACC_000505,MER_00193,419.58,INR,success,net_banking,2026-07-22T04:06:11.760363
TXN_000001091,ACC_000088,MER_00106,86.67,INR,success,net_banking,2026-05-27T17:15:31.760363
TXN_000001092,ACC_000676,MER_00055,173.26,INR,success,upi,2026-08-20T03:51:20.760363
TXN_000001093,ACC_000806,MER_00004,193.61,INR,success,card,2026-08-11T10:18:16.760363
TXN_000001094,ACC_000613,MER_00139,697.16,INR,success,card,2026-06-08T05:35:13.760363
TXN_000001095,ACC_000196,MER_00131,891.78,INR,success,net_banking,2026-08-11T10:31:09.760363
TXN_000001096,ACC_000051,MER_00046,1013.19,INR,success,upi,2026-08-09T04:12:16.760363
TXN_000001097,ACC_000985,MER_00183,590.12,INR,success,card,2026-06-01T05:25:04.760363
TXN_000001098,ACC_000169,MER_00146,124.72,INR,success,net_banking,2026-07-02T19:23:18.760363
TXN_000001099,ACC_000952,MER_00002,56.72,INR,success,card,2026-07-09T05:58:36.760363
TXN_000001100,ACC_000036,MER_00179,134.27,INR,success,card,2026-07-14T11:06:24.760363
TXN_000001101,ACC_000376,MER_00018,203.11,INR,success,wallet,2026-08-01T01:57:24.760363
TXN_000001102,ACC_000803,MER_00178,679.4,INR,success,card,2026-05-29T23:00:28.760363
TXN_000001103,ACC_000707,MER_00118,81.73,INR,success,wallet,2026-05-31T04:39:02.760363
TXN_000001104,ACC_000558,MER_00022,1652.33,INR,success,wallet,2026-08-16T05:18:10.760363
TXN_000001105,ACC_000175,MER_00131,2606.26,INR,success,net_banking,2026-08-17T21:13:26.760363
TXN_000001106,ACC_000523,MER_00020,206.85,INR,success,net_banking,2026-07-06T09:49:40.760363
TXN_000001107,ACC_000672,MER_00015,176.02,INR,success,upi,2026-06-13T10:13:02.760363
TXN_000001108,ACC_000237,MER_00187,157.97,INR,failed,upi,2026-06-17T13:17:24.760363
TXN_000001109,ACC_000012,MER_00006,840.47,INR,failed,net_banking,2026-08-12T22:11:26.760363
TXN_000001110,ACC_000679,MER_00105,97.65,INR,success,upi,2026-06-12T19:54:55.760363
TXN_000001111,ACC_000079,MER_00106,374.77,INR,success,wallet,2026-06-23T22:55:18.760363
TXN_000001112,ACC_000144,MER_00023,289.5,INR,success,card,2026-07-19T02:42:04.760363
TXN_000001113,ACC_000727,MER_00029,172.1,INR,success,card,2026-07-09T03:10:55.760363
TXN_000001114,ACC_000908,MER_00067,87.62,INR,success,net_banking,2026-05-28T04:01:57.760363
TXN_000001115,ACC_000502,MER_00066,186.24,INR,success,card,2026-07-20T10:12:36.760363
TXN_000001116,ACC_000999,MER_00125,51.6,INR,success,wallet,2026-06-27T01:59:30.760363
TXN_000001117,ACC_000374,MER_00067,212.41,INR,success,net_banking,2026-06-01T19:16:23.760363
TXN_000001118,ACC_000649,MER_00022,156.91,INR,success,upi,2026-07-27T23:47:16.760363
TXN_000001119,ACC_000191,MER_00103,633.7,INR,success,wallet,2026-07-02T15:19:34.760363
TXN_000001120,ACC_000417,MER_00018,455.68,INR,success,upi,2026-08-05T04:04:29.760363
TXN_000001121,ACC_000674,MER_00092,128.62,INR,success,card,2026-06-20T03:41:30.760363
TXN_000001122,ACC_000917,MER_00117,1035.88,INR,success,wallet,2026-05-29T19:20:10.760363
TXN_000001123,ACC_000011,MER_00190,492.32,INR,success,upi,2026-08-20T23:27:51.760363
TXN_000001124,ACC_000331,MER_00041,87.5,INR,success,net_banking,2026-07-28T19:16:00.760363
TXN_000001125,ACC_000624,MER_00167,43.99,INR,success,card,2026-08-07T05:04:03.760363
TXN_000001126,ACC_000687,MER_00199,411.56,INR,success,card,2026-06-06T13:14:32.760363
TXN_000001127,ACC_000187,MER_00036,85.73,INR,success,upi,2026-06-28T01:41:41.760363
TXN_000001128,ACC_000176,MER_00060,1165.12,INR,success,net_banking,2026-07-13T04:09:27.760363
TXN_000001129,ACC_000752,MER_00194,559.18,INR,success,net_banking,2026-06-21T04:24:39.760363
TXN_000001130,ACC_000857,MER_00026,963.07,INR,success,upi,2026-05-30T17:27:59.760363
TXN_000001131,ACC_000105,MER_00021,186.96,INR,success,card,2026-07-23T02:56:31.760363
TXN_000001132,ACC_000969,MER_00149,1232.51,INR,success,upi,2026-07-21T21:33:54.760363
TXN_000001133,ACC_000356,MER_00073,654.64,INR,success,net_banking,2026-06-13T10:53:13.760363
TXN_000001134,ACC_000067,MER_00076,856.63,INR,success,net_banking,2026-08-04T11:01:10.760363
TXN_000001135,ACC_INVALID,MER_00116,250.06,INR,success,card,2026-07-30T11:41:35.760363
TXN_000001136,ACC_000252,MER_00127,1213.4,INR,success,card,2026-06-11T03:26:29.760363
TXN_000001137,ACC_000247,MER_00090,145.17,INR,success,net_banking,2026-07-25T10:05:39.760363
TXN_000001138,ACC_000617,MER_00109,217.43,INR,success,net_banking,2026-07-17T01:51:32.760363
TXN_000001139,ACC_000637,MER_00183,324.2,INR,success,wallet,2026-07-08T14:10:43.760363
TXN_000001140,ACC_000076,MER_00113,317.67,INR,success,upi,2026-06-18T04:09:29.760363
TXN_000001141,ACC_000941,MER_00129,1136.73,INR,success,wallet,2026-06-14T17:41:02.760363
TXN_000001142,ACC_000632,MER_00065,265.72,INR,success,net_banking,2026-07-10T06:45:02.760363
TXN_000001143,ACC_000107,MER_00014,915.85,INR,success,card,2026-06-09T12:24:20.760363
TXN_000001144,ACC_000951,MER_00036,261.05,INR,success,wallet,2026-06-15T11:10:01.760363
TXN_000001145,ACC_000377,MER_00049,122.29,INR,success,card,2026-07-21T01:12:02.760363
TXN_000001146,ACC_000608,MER_00002,242.45,INR,success,wallet,2026-06-29T04:26:28.760363
TXN_000001147,ACC_000941,MER_00101,176.76,INR,success,wallet,2026-08-15T12:50:56.760363
TXN_000001148,ACC_000726,MER_00070,1551.24,INR,success,upi,2026-07-22T21:09:27.760363
TXN_000001149,ACC_000331,MER_00050,572.96,INR,failed,wallet,2026-08-05T05:44:18.760363
TXN_000001150,ACC_000381,MER_00200,91.71,INR,success,card,2026-08-02T14:52:24.760363
TXN_000001151,ACC_000789,MER_00038,282.8,INR,pending,net_banking,2026-07-09T14:49:30.760363
TXN_000001152,ACC_000205,MER_00087,22.38,INR,success,upi,2026-07-27T15:54:39.760363
TXN_000001153,ACC_000767,MER_00137,279.34,INR,success,upi,2026-06-08T12:59:21.760363
TXN_000001154,ACC_000235,MER_00182,198.28,INR,failed,wallet,2026-07-17T02:00:03.760363
TXN_000001155,ACC_000811,MER_00114,453.69,INR,success,upi,2026-06-24T02:57:15.760363
TXN_000001156,ACC_000956,MER_00007,69.65,INR,success,wallet,2026-07-29T03:46:38.760363
TXN_000001157,ACC_000914,MER_00138,330.35,INR,success,upi,2026-05-29T08:55:34.760363
TXN_000001158,ACC_000331,MER_00002,221.84,INR,success,card,2026-07-17T09:50:22.760363
TXN_000001159,ACC_000864,MER_00103,65.85,INR,failed,wallet,2026-06-17T07:11:08.760363
TXN_000001160,ACC_000371,MER_00174,1407.63,INR,success,card,2026-08-03T05:00:23.760363
TXN_000001161,ACC_000233,MER_00078,259.45,INR,success,card,2026-07-03T20:26:26.760363
TXN_000001162,ACC_000317,MER_00045,401.25,INR,success,upi,2026-06-17T17:38:35.760363
TXN_000001163,ACC_000650,MER_00114,314.87,INR,success,net_banking,2026-06-16T08:57:53.760363
TXN_000001164,ACC_000629,MER_00173,135.68,INR,success,wallet,2026-08-16T07:49:33.760363
TXN_000001165,ACC_000987,MER_00010,1250.66,INR,success,wallet,2026-05-27T06:41:36.760363
TXN_000001166,ACC_000999,MER_00087,298.85,INR,success,upi,2026-07-24T11:31:35.760363
TXN_000001167,ACC_000153,MER_00025,517.89,INR,success,wallet,2026-07-18T17:52:59.760363
TXN_000001168,ACC_000574,MER_00064,97.14,INR,success,net_banking,2026-06-07T13:31:05.760363
TXN_000001169,ACC_000415,MER_00023,719.21,INR,success,card,2026-06-30T10:30:17.760363
TXN_000001170,ACC_000918,MER_00046,102.54,INR,success,card,2026-06-15T14:51:01.760363
TXN_000001171,ACC_000528,MER_00196,44.51,INR,success,net_banking,2026-08-21T06:01:58.760363
TXN_000001172,ACC_000288,MER_00049,541.83,INR,success,net_banking,2026-07-12T12:50:51.760363
TXN_000001173,ACC_000228,MER_00140,56.86,INR,success,wallet,2026-07-17T11:27:50.760363
TXN_000001174,ACC_000559,MER_00126,27.9,INR,success,net_banking,2026-08-18T04:54:15.760363
TXN_000001175,ACC_000993,,249.42,INR,success,net_banking,2026-08-13T14:10:18.760363
TXN_000001176,ACC_000939,MER_00089,56.19,INR,success,upi,2026-08-01T11:32:34.760363
TXN_000001177,ACC_000360,MER_00191,53.0,INR,success,wallet,2026-06-05T07:21:24.760363
TXN_000001178,ACC_000618,MER_00054,94.12,INR,success,net_banking,2026-05-30T03:49:43.760363
TXN_000001179,ACC_000992,MER_00155,349.58,INR,success,card,2026-08-04T00:15:13.760363
TXN_000001180,ACC_000212,MER_00045,904.48,INR,success,card,2026-05-28T18:39:35.760363
TXN_000001181,ACC_000184,MER_00084,383.27,INR,success,card,2026-07-26T14:18:17.760363
TXN_000001182,ACC_000078,MER_00078,166.42,INR,success,card,2026-08-11T04:44:50.760363
TXN_000001183,ACC_000311,MER_00085,629.42,INR,success,wallet,2026-08-17T02:32:54.760363
TXN_000001184,ACC_000682,MER_00049,134.49,INR,success,wallet,2026-06-27T04:44:47.760363
TXN_000001185,ACC_000895,MER_00040,159.92,INR,success,net_banking,2026-08-18T12:40:34.760363
TXN_000001186,ACC_000656,MER_00016,24.73,INR,success,upi,2026-07-29T06:59:28.760363
TXN_000001187,ACC_000309,MER_00170,175.13,INR,success,upi,2026-05-27T19:36:00.760363
TXN_000001188,ACC_000755,MER_00166,770.11,INR,success,net_banking,2026-06-13T22:55:54.760363
TXN_000001189,ACC_000970,MER_00099,807.83,INR,success,upi,2026-07-23T20:59:17.760363
TXN_000001190,ACC_000271,MER_00121,97.24,INR,success,upi,2026-06-01T22:30:15.760363
TXN_000001191,ACC_000424,MER_00071,458.17,INR,success,net_banking,2026-06-06T07:49:05.760363
TXN_000001192,ACC_000910,MER_00191,117.58,INR,success,card,2026-06-24T02:53:24.760363
TXN_000001193,ACC_000573,MER_00172,181.38,INR,success,net_banking,2026-07-14T22:34:14.760363
TXN_000001194,ACC_000079,MER_00048,369.1,INR,success,upi,2026-08-24T11:54:09.760363
TXN_000001195,ACC_000640,MER_00039,73.66,INR,success,net_banking,2026-07-08T18:50:15.760363
TXN_000001196,ACC_000436,MER_00142,124.13,INR,failed,net_banking,2026-08-23T11:26:53.760363
TXN_000001197,ACC_000468,MER_00086,113.37,INR,success,card,2026-07-07T04:59:05.760363
TXN_000001198,ACC_000432,MER_00046,740.12,INR,success,card,2026-06-16T20:41:44.760363
TXN_000001199,ACC_000050,MER_00088,1261.95,INR,success,wallet,2026-06-15T15:38:26.760363
TXN_000001200,ACC_000054,MER_00195,178.39,INR,success,wallet,2026-07-27T10:45:19.760363
TXN_000001201,ACC_000133,MER_00021,28.54,INR,success,upi,2026-08-11T03:21:44.760363
TXN_000001202,ACC_000501,MER_00146,658.92,INR,success,wallet,2026-06-09T18:26:55.760363
TXN_000001203,ACC_000727,MER_00043,399.82,INR,success,upi,2026-06-26T01:50:22.760363
TXN_000001204,ACC_000064,MER_00016,186.58,INR,success,upi,2026-06-02T12:11:05.760363
TXN_000001205,ACC_000599,MER_00186,262.96,INR,success,net_banking,2026-05-29T04:07:29.760363
TXN_000001206,ACC_000827,MER_00002,365.64,INR,success,upi,2026-08-12T22:52:45.760363
TXN_000001207,ACC_000395,MER_00067,45.47,INR,success,net_banking,2026-07-18T19:55:33.760363
TXN_000001208,ACC_000262,MER_00171,97.45,INR,success,card,2026-07-20T05:18:30.760363
TXN_000001209,ACC_000931,MER_00006,155.53,INR,success,card,2026-08-24T12:36:43.760363
TXN_000001210,ACC_000919,MER_00121,1651.75,INR,success,upi,2026-08-18T02:52:06.760363
TXN_000001211,ACC_000342,MER_00062,228.2,INR,success,card,2026-06-18T15:56:48.760363
TXN_000001212,ACC_000718,MER_00056,167.85,INR,success,card,2026-06-25T13:41:34.760363
TXN_000001213,ACC_000491,MER_00039,257.54,INR,success,upi,2026-07-18T23:07:31.760363
TXN_000001214,ACC_000630,MER_00094,719.31,INR,failed,card,2026-05-29T03:33:07.760363
TXN_000001215,ACC_000171,MER_00109,230.7,INR,success,net_banking,2026-05-27T05:07:27.760363
TXN_000001216,ACC_000534,MER_00104,364.77,INR,success,card,2026-08-22T02:46:02.760363
TXN_000001217,ACC_000674,MER_00074,1525.32,INR,success,net_banking,2026-08-01T06:54:52.760363
TXN_000001218,ACC_000772,MER_00009,724.88,INR,success,net_banking,2026-07-07T16:02:28.760363
TXN_000001219,ACC_000511,MER_00057,556.77,INR,success,wallet,2026-06-04T18:13:35.760363
TXN_000001220,ACC_000144,MER_00071,174.3,INR,success,card,2026-05-27T04:31:20.760363
TXN_000001221,ACC_000845,MER_00197,393.06,INR,success,net_banking,2026-07-07T16:51:49.760363
TXN_000001222,ACC_000438,MER_00104,180.64,INR,success,card,2026-08-07T18:26:18.760363
TXN_000001223,ACC_000738,MER_00042,53.86,INR,success,upi,2026-07-28T09:57:39.760363
TXN_000001224,ACC_000024,MER_00043,372.6,INR,success,upi,2026-06-02T07:14:59.760363
TXN_000001225,ACC_000761,MER_00193,94.1,INR,success,upi,2026-07-11T21:56:12.760363
TXN_000001226,ACC_000552,MER_00148,93.4,INR,failed,card,2026-08-07T04:37:02.760363
TXN_000001227,ACC_000159,MER_00141,874.4,INR,success,card,2026-07-11T11:23:03.760363
TXN_000001228,ACC_000786,MER_00177,138.53,INR,success,card,2026-07-20T23:45:12.760363
TXN_000001229,ACC_000059,MER_00045,748.95,INR,success,net_banking,2026-07-11T02:15:32.760363
TXN_000001230,ACC_000888,MER_00033,379.84,INR,success,card,2026-06-18T13:49:06.760363
TXN_000001231,,MER_00101,170.3,INR,success,net_banking,2026-08-08T21:59:25.760363
TXN_000001232,ACC_000558,MER_00094,161.64,INR,success,wallet,2026-06-12T20:51:23.760363
TXN_000001233,ACC_000327,MER_00148,561.75,INR,success,net_banking,2026-07-15T17:54:41.760363
TXN_000001234,ACC_000307,,565.16,INR,success,net_banking,2026-07-16T00:06:24.760363
TXN_000001235,ACC_000030,MER_00186,250.24,INR,success,upi,2026-05-28T09:57:30.760363
TXN_000001236,ACC_000164,MER_00102,438.43,INR,success,card,2026-08-08T00:01:29.760363
TXN_000001237,ACC_000450,MER_00120,88.48,INR,success,net_banking,2026-06-06T12:22:38.760363
TXN_000001238,ACC_000556,MER_00065,453.71,INR,success,card,2026-07-22T10:04:06.760363
TXN_000001239,ACC_000069,MER_00142,286.54,INR,success,wallet,2026-07-20T12:05:28.760363
TXN_000001240,ACC_000033,MER_00132,361.42,INR,failed,wallet,2026-06-19T07:28:23.760363
TXN_000001241,ACC_000767,MER_00122,973.42,INR,success,net_banking,2026-07-01T01:07:52.760363
TXN_000001242,ACC_000776,MER_00182,80.24,INR,success,card,2026-08-21T03:57:40.760363
TXN_000001243,ACC_000376,MER_00142,31.08,INR,success,upi,2026-07-31T00:12:50.760363
TXN_000001244,ACC_000259,MER_00036,320.12,INR,success,upi,2026-08-10T20:35:09.760363
TXN_000001245,ACC_000148,MER_00135,823.43,INR,success,wallet,2026-07-17T08:07:40.760363
TXN_000001246,ACC_000906,MER_00054,189.27,INR,success,upi,2026-08-21T03:37:24.760363
TXN_000001247,ACC_000687,MER_00049,1112.41,INR,success,net_banking,2026-08-22T02:39:52.760363
TXN_000001248,ACC_000621,MER_00075,291.24,INR,success,card,2026-08-13T04:42:10.760363
TXN_000001249,ACC_000238,MER_00054,51.43,INR,success,wallet,2026-06-24T11:16:49.760363
TXN_000001250,ACC_000561,MER_00131,113.1,INR,success,upi,2026-05-31T22:28:31.760363
TXN_000001251,ACC_000877,MER_00103,112.86,INR,success,upi,2026-08-23T10:49:42.760363
TXN_000001252,ACC_000719,MER_00111,294.08,INR,success,wallet,2026-07-03T03:36:31.760363
TXN_000001253,ACC_000149,MER_00060,901.39,INR,success,card,2026-08-19T10:58:02.760363
TXN_000001254,ACC_000420,MER_00198,1034.52,INR,success,card,2026-07-04T21:56:05.760363
TXN_000001255,ACC_000539,MER_00199,609.57,INR,success,net_banking,2026-07-13T08:49:58.760363
TXN_000001256,ACC_000690,MER_00183,354.28,INR,pending,net_banking,2026-07-10T00:26:32.760363
TXN_000001257,ACC_000011,MER_00047,155.15,INR,success,net_banking,2026-06-22T15:23:13.760363
TXN_000001258,ACC_000788,MER_00053,948.85,INR,success,net_banking,2026-06-03T10:58:50.760363
TXN_000001259,ACC_000510,MER_00112,69.97,INR,success,net_banking,2026-05-27T19:58:38.760363
TXN_000001260,ACC_000594,MER_00029,839.15,INR,success,net_banking,2026-06-15T15:47:14.760363
TXN_000001261,ACC_000957,MER_00108,232.59,INR,success,card,2026-07-10T06:33:27.760363
TXN_000001262,ACC_000545,MER_00177,1088.09,INR,success,net_banking,2026-06-01T22:15:56.760363
TXN_000001263,ACC_000275,MER_00008,429.47,INR,success,card,2026-06-24T08:01:08.760363
TXN_000001264,ACC_000926,MER_00183,677.32,INR,success,net_banking,2026-08-08T21:34:12.760363
TXN_000001265,ACC_000350,MER_00008,322.66,INR,success,wallet,2026-06-22T19:35:54.760363
TXN_000001266,ACC_000065,MER_00117,475.34,INR,success,net_banking,2026-07-23T18:19:54.760363
TXN_000001267,ACC_000847,MER_00193,72.85,INR,success,wallet,2026-06-07T10:43:29.760363
TXN_000001268,ACC_000667,MER_00144,622.62,INR,success,card,2026-06-27T02:53:57.760363
TXN_000001269,ACC_000395,MER_00049,56.79,INR,success,card,2026-06-16T14:19:47.760363
TXN_000001270,ACC_000234,MER_00142,122.59,INR,success,card,2026-07-22T08:30:33.760363
TXN_000001271,ACC_000060,MER_00107,1950.3,INR,success,net_banking,2026-07-18T17:04:45.760363
TXN_000001272,ACC_000696,MER_00190,517.52,INR,success,net_banking,2026-06-03T23:02:49.760363
TXN_000001273,ACC_000459,MER_00181,873.3,INR,success,card,2026-06-07T09:17:21.760363
TXN_000001274,,MER_00118,442.79,INR,success,net_banking,2026-07-20T01:49:50.760363
TXN_000001275,ACC_000016,MER_00141,88.81,INR,success,upi,2026-06-11T11:03:38.760363
TXN_000001276,ACC_000797,MER_00013,170.38,INR,success,card,2026-07-07T08:42:30.760363
TXN_000001277,ACC_000433,MER_00121,151.28,INR,success,card,2026-06-20T17:58:50.760363
TXN_000001278,ACC_000384,MER_00100,383.65,INR,success,upi,2026-07-08T17:04:12.760363
TXN_000001279,ACC_000592,MER_00094,119.73,INR,success,net_banking,2026-06-27T00:17:34.760363
TXN_000001280,ACC_000624,MER_00105,168.74,INR,success,upi,2026-08-21T09:14:22.760363
TXN_000001281,ACC_000037,MER_00102,100.46,INR,success,wallet,2026-07-11T01:21:02.760363
TXN_000001282,ACC_000053,MER_00120,333.14,INR,success,upi,2026-06-06T00:11:59.760363
TXN_000001283,ACC_000612,MER_00063,127.25,INR,success,wallet,2026-07-02T23:05:23.760363
TXN_000001284,ACC_000718,MER_00166,468.08,INR,success,card,2026-08-22T08:46:30.760363
TXN_000001285,ACC_000105,MER_00154,115.11,INR,success,card,2026-08-14T19:23:09.760363
TXN_000001286,ACC_000733,MER_00179,375.44,INR,success,wallet,2026-07-23T15:52:41.760363
TXN_000001287,ACC_000110,MER_00121,73.74,INR,success,upi,2026-06-20T04:04:20.760363
TXN_000001288,ACC_000478,MER_00192,159.46,INR,success,card,2026-08-01T05:34:47.760363
TXN_000001289,ACC_000351,MER_00189,315.15,INR,success,wallet,2026-08-20T21:47:32.760363
TXN_000001290,ACC_000441,MER_00162,103.45,INR,success,net_banking,2026-07-27T19:37:15.760363
TXN_000001291,ACC_000262,MER_00021,370.3,INR,success,wallet,2026-07-06T15:25:45.760363
TXN_000001292,ACC_000080,MER_00049,304.87,INR,success,upi,2026-08-23T00:00:47.760363
TXN_000001293,ACC_000800,MER_00025,46.78,INR,success,card,2026-08-16T15:21:42.760363
TXN_000001294,ACC_000324,MER_00170,108.53,INR,success,card,2026-07-21T16:01:32.760363
TXN_000001295,ACC_000081,MER_00153,435.56,INR,success,upi,2026-08-08T18:32:11.760363
TXN_000001296,ACC_000800,MER_00061,451.5,INR,success,net_banking,2026-06-28T15:54:37.760363
TXN_000001297,ACC_000780,MER_00069,520.83,INR,success,upi,2026-06-17T21:14:43.760363
TXN_000001298,ACC_000542,MER_00126,206.63,INR,success,wallet,2026-06-07T05:01:09.760363
TXN_000001299,ACC_000309,MER_00147,729.54,INR,success,card,2026-06-20T00:10:30.760363
TXN_000001300,ACC_000149,MER_00079,189.57,INR,failed,net_banking,2026-07-31T07:54:48.760363
TXN_000001301,ACC_000315,MER_00040,37.23,INR,success,net_banking,2026-07-17T07:39:44.760363
TXN_000001302,ACC_000748,MER_00105,246.67,INR,success,upi,2026-06-10T01:21:40.760363
TXN_000001303,ACC_000004,MER_00003,221.85,INR,success,net_banking,2026-06-20T22:43:40.760363
TXN_000001304,ACC_000859,MER_00048,571.88,INR,success,card,2026-07-11T22:03:06.760363
TXN_000001305,ACC_000836,MER_00049,396.0,INR,success,wallet,2026-07-01T14:20:34.760363
TXN_000001306,ACC_000200,MER_00196,434.5,INR,success,card,2026-07-09T03:26:52.760363
TXN_000001307,ACC_000369,MER_00107,295.76,INR,success,card,2026-06-23T15:48:46.760363
TXN_000001308,ACC_000453,MER_00084,263.94,INR,success,net_banking,2026-07-19T13:29:15.760363
TXN_000001309,ACC_000691,MER_00100,29.02,INR,success,net_banking,2026-06-10T10:30:38.760363
TXN_000001310,ACC_000639,MER_00029,1090.94,INR,success,card,2026-06-02T12:35:49.760363
TXN_000001311,ACC_000770,MER_00129,729.18,INR,success,wallet,2026-08-10T16:53:02.760363
TXN_000001312,ACC_000409,MER_00004,81.81,INR,success,upi,2026-06-12T14:55:25.760363
TXN_000001313,ACC_000438,MER_00131,227.48,INR,success,upi,2026-06-21T07:12:54.760363
TXN_000001314,ACC_000671,MER_00007,575.73,INR,success,card,2026-08-03T10:38:43.760363
TXN_000001315,ACC_000906,MER_00145,20.34,INR,success,card,2026-07-11T00:14:00.760363
TXN_000001316,ACC_000653,MER_00185,42.31,INR,success,upi,2026-06-28T03:00:04.760363
TXN_000001317,ACC_000881,MER_00100,265.53,INR,success,upi,2026-06-03T21:39:10.760363
TXN_000001318,ACC_000487,MER_00197,516.31,INR,success,wallet,2026-07-29T16:28:04.760363
TXN_000001319,ACC_000528,MER_00069,90.72,INR,success,upi,2026-07-13T21:43:01.760363
TXN_000001320,ACC_000520,MER_00179,87.08,INR,success,upi,2026-07-27T08:07:26.760363
TXN_000001321,ACC_000379,MER_00174,305.43,INR,success,net_banking,2026-07-07T03:53:03.760363
TXN_000001322,ACC_000068,MER_00019,12.95,INR,success,net_banking,2026-06-03T09:39:22.760363
TXN_000001323,ACC_000247,MER_00190,442.56,INR,success,wallet,2026-06-04T20:47:22.760363
TXN_000001324,ACC_000910,MER_00046,337.63,INR,success,card,2026-06-01T06:40:09.760363
TXN_000001325,ACC_000724,MER_00073,70.31,INR,success,upi,2026-07-17T11:03:45.760363
TXN_000001326,ACC_000698,MER_00102,181.84,INR,success,card,2026-07-25T19:35:24.760363
TXN_000001327,ACC_000484,MER_00081,360.31,INR,success,card,2026-08-08T08:54:00.760363
TXN_000001328,ACC_000765,MER_00194,2241.23,INR,success,net_banking,2026-06-09T16:46:31.760363
TXN_000001329,ACC_000434,MER_00154,451.91,INR,success,card,2026-07-25T06:40:49.760363
TXN_000001330,ACC_000807,MER_00099,596.45,INR,success,card,2026-08-18T12:45:55.760363
TXN_000001331,ACC_000077,MER_00115,184.0,INR,success,wallet,2026-06-18T11:11:00.760363
TXN_000001332,ACC_000647,MER_00109,649.93,INR,success,upi,2026-07-22T01:55:48.760363
TXN_000001333,ACC_000576,MER_00094,48.71,INR,success,card,2026-08-09T12:15:33.760363
TXN_000001334,ACC_000666,MER_00194,550.59,INR,success,net_banking,2026-07-30T14:41:37.760363
TXN_000001335,ACC_000741,MER_00159,261.5,INR,success,net_banking,2026-06-14T07:26:34.760363
TXN_000001336,ACC_000131,MER_00168,113.48,INR,success,net_banking,2026-08-23T21:25:32.760363
TXN_000001337,ACC_000886,MER_00101,69.56,INR,success,card,2026-06-09T05:22:34.760363
TXN_000001338,ACC_000408,MER_00178,881.17,INR,success,net_banking,2026-07-04T18:37:42.760363
TXN_000001339,ACC_000095,MER_00051,243.33,INR,success,card,2026-08-01T10:15:11.760363
TXN_000001340,ACC_000891,MER_00026,703.13,INR,success,upi,2026-08-15T04:00:18.760363
TXN_000001341,ACC_000382,MER_00036,78.1,INR,success,net_banking,2026-07-12T23:53:48.760363
TXN_000001342,ACC_000520,MER_00120,476.09,INR,success,upi,2026-08-21T12:50:12.760363
TXN_000001343,ACC_000926,MER_00160,487.75,INR,success,net_banking,2026-06-14T13:03:37.760363
TXN_000001344,ACC_000655,MER_00069,209.4,INR,success,net_banking,2026-07-25T09:30:57.760363
TXN_000001345,ACC_000840,MER_00052,452.07,INR,success,upi,2026-06-19T14:30:03.760363
TXN_000001346,ACC_000630,MER_00012,144.93,INR,failed,card,2026-05-31T03:46:54.760363
TXN_000001347,ACC_000327,MER_00054,823.4,INR,pending,upi,2026-08-09T00:46:12.760363
TXN_000001348,ACC_000924,MER_00033,319.78,INR,success,upi,2026-07-29T17:56:58.760363
TXN_000001349,ACC_000723,MER_00013,318.32,INR,success,card,2026-08-11T09:17:42.760363
TXN_000001350,ACC_000348,MER_00080,167.64,INR,success,wallet,2026-06-08T19:39:43.760363
TXN_000001351,ACC_000310,MER_00196,325.61,INR,success,card,2026-06-23T05:18:11.760363
TXN_000001352,ACC_000736,MER_00086,148.47,INR,success,net_banking,2026-07-25T14:38:01.760363
TXN_000001353,ACC_000084,MER_00135,59.3,INR,success,wallet,2026-06-12T21:27:32.760363
TXN_000001354,ACC_000706,MER_00031,1128.5,INR,success,upi,2026-06-11T19:24:33.760363
TXN_000001355,ACC_000774,MER_00013,999.62,INR,success,net_banking,2026-06-22T09:41:30.760363
TXN_000001356,ACC_000603,MER_00090,337.5,INR,success,wallet,2026-08-12T01:32:42.760363
TXN_000001357,ACC_000164,MER_00050,96.36,INR,success,upi,2026-07-01T13:23:55.760363
TXN_000001358,ACC_000386,MER_00125,212.53,INR,pending,net_banking,2026-06-05T19:17:49.760363
TXN_000001359,ACC_000492,MER_00026,296.88,INR,failed,upi,2026-06-06T03:50:43.760363
TXN_000001360,ACC_000917,MER_00147,389.76,INR,success,upi,2026-07-26T23:30:43.760363
TXN_000001361,ACC_000421,MER_00001,281.27,INR,success,net_banking,2026-08-08T06:38:18.760363
TXN_000001362,ACC_000199,MER_00014,668.86,INR,success,net_banking,2026-06-16T04:27:35.760363
TXN_000001363,ACC_000895,MER_00059,287.72,INR,success,wallet,2026-06-16T02:55:34.760363
TXN_000001364,ACC_000062,MER_00197,166.23,INR,success,net_banking,2026-07-12T20:17:20.760363
TXN_000001365,ACC_000125,MER_00118,111.24,INR,success,wallet,2026-06-12T21:01:32.760363
TXN_000001366,ACC_000822,MER_00193,134.59,INR,success,card,2026-08-23T08:47:39.760363
TXN_000001367,ACC_000099,MER_00145,380.36,INR,success,card,2026-05-29T20:29:01.760363
TXN_000001368,ACC_000372,MER_00126,1719.19,INR,success,wallet,2026-05-29T09:13:12.760363
TXN_000001369,ACC_000324,MER_00045,77.97,INR,success,wallet,2026-05-31T10:15:30.760363
TXN_000001370,ACC_000617,MER_00066,225.37,INR,success,wallet,2026-07-06T18:51:11.760363
TXN_000001371,ACC_000850,MER_00010,198.65,INR,success,card,2026-06-02T14:16:03.760363
TXN_000001372,ACC_000461,MER_00196,145.58,INR,success,net_banking,2026-08-24T15:24:43.760363
TXN_000001373,ACC_000370,MER_00116,47.96,INR,failed,upi,2026-07-30T11:03:47.760363
TXN_000001374,ACC_000806,MER_00148,48.78,INR,success,upi,2026-07-28T21:40:37.760363
TXN_000001375,ACC_000584,MER_00199,264.09,INR,success,wallet,2026-06-01T01:33:25.760363
TXN_000001376,ACC_000587,MER_00069,61.75,INR,pending,net_banking,2026-06-23T10:19:05.760363
TXN_000001377,ACC_000121,MER_00021,532.9,INR,success,upi,2026-06-07T07:08:17.760363
TXN_000001378,ACC_000642,MER_00137,112.51,INR,success,upi,2026-08-01T16:08:11.760363
TXN_000001379,ACC_000342,MER_00005,228.39,INR,success,wallet,2026-08-03T22:39:29.760363
TXN_000001380,ACC_000931,MER_00160,2832.83,INR,success,upi,2026-06-01T02:08:04.760363
TXN_000001381,ACC_000191,MER_00006,100.07,INR,success,card,2026-06-13T10:45:33.760363
TXN_000001382,ACC_000658,MER_00099,151.79,INR,success,wallet,2026-08-08T23:54:57.760363
TXN_000001383,ACC_000931,MER_00067,149.96,INR,success,card,2026-08-07T02:31:13.760363
TXN_000001384,ACC_000291,MER_00147,1110.98,INR,success,net_banking,2026-08-01T22:37:32.760363
TXN_000001385,ACC_000856,MER_00124,193.88,INR,success,wallet,2026-08-24T00:44:03.760363
TXN_000001386,ACC_000558,MER_00130,322.69,INR,success,wallet,2026-07-19T17:39:44.760363
TXN_000001387,ACC_000165,MER_00151,601.85,INR,success,upi,2026-06-06T09:50:20.760363
TXN_000001388,ACC_000868,MER_00028,682.86,INR,success,card,2026-06-22T23:43:11.760363
TXN_000001389,ACC_000947,MER_00050,343.5,INR,success,net_banking,2026-05-28T04:50:54.760363
TXN_000001390,ACC_000098,MER_00114,161.8,INR,success,net_banking,2026-07-15T22:57:42.760363
TXN_000001391,ACC_000582,MER_00199,666.61,INR,success,wallet,2026-06-21T04:34:49.760363
TXN_000001392,ACC_000212,MER_00168,614.36,INR,success,upi,2026-07-09T12:57:31.760363
TXN_000001393,ACC_000733,MER_00145,217.41,INR,success,wallet,2026-07-15T17:08:09.760363
TXN_000001394,ACC_000009,MER_00034,88.92,INR,success,upi,2026-08-10T18:52:48.760363
TXN_000001395,ACC_000732,MER_00132,52.6,INR,success,card,2026-08-06T16:40:04.760363
TXN_000001396,ACC_000052,MER_00053,493.68,INR,success,wallet,2026-08-09T00:24:13.760363
TXN_000001397,ACC_000740,MER_00116,135.79,INR,success,wallet,2026-08-03T02:38:42.760363
TXN_000001398,ACC_000148,MER_00176,469.71,INR,success,card,2026-07-11T08:22:12.760363
TXN_000001399,ACC_000863,MER_00175,115.33,INR,success,card,2026-06-09T08:43:58.760363
TXN_000001400,ACC_000568,MER_00197,46.61,INR,success,upi,2026-08-07T19:33:55.760363
TXN_000001401,ACC_000774,MER_00009,265.42,INR,success,upi,2026-07-11T08:27:55.760363
TXN_000001402,ACC_000964,MER_00093,329.6,INR,success,card,2026-06-10T06:42:07.760363
TXN_000001403,ACC_000514,MER_00136,124.19,INR,failed,net_banking,2026-06-19T20:03:42.760363
TXN_000001404,ACC_000162,MER_00170,497.54,INR,success,upi,2026-07-21T07:34:49.760363
TXN_000001405,ACC_000265,MER_00083,101.41,INR,success,card,2026-05-29T04:17:46.760363
TXN_000001406,ACC_000818,MER_00004,55.95,INR,success,upi,2026-08-11T02:44:36.760363
TXN_000001407,ACC_000514,MER_00005,457.75,INR,failed,card,2026-07-03T11:45:44.760363
TXN_000001408,ACC_000349,MER_00187,1346.59,INR,success,net_banking,2026-07-02T08:52:23.760363
TXN_000001409,ACC_000160,MER_00005,129.01,INR,success,wallet,2026-08-18T13:30:59.760363
TXN_000001410,ACC_000196,MER_00052,168.5,INR,success,net_banking,2026-08-24T01:03:38.760363
TXN_000001411,ACC_000703,MER_00193,174.81,INR,success,net_banking,2026-08-23T04:37:03.760363
TXN_000001412,ACC_000601,MER_00027,53.22,INR,success,wallet,2026-08-17T04:53:07.760363
TXN_000001413,ACC_000645,MER_00025,2628.89,INR,success,card,2026-06-12T09:26:10.760363
TXN_000001414,ACC_000089,MER_00051,364.17,INR,success,card,2026-07-23T17:26:50.760363
TXN_000001415,ACC_000671,MER_00154,278.46,INR,failed,net_banking,2026-06-19T01:27:57.760363
TXN_000001416,ACC_000374,MER_00193,327.34,INR,success,card,2026-07-29T12:23:48.760363
TXN_000001417,ACC_000672,MER_00107,231.0,INR,success,upi,2026-08-13T19:26:21.760363
TXN_000001418,ACC_000296,MER_00120,599.89,INR,success,upi,2026-06-28T06:46:04.760363
TXN_000001419,ACC_000238,MER_00059,551.8,INR,success,wallet,2026-06-11T15:27:04.760363
TXN_000001420,ACC_000928,MER_00151,344.86,INR,success,wallet,2026-07-25T10:06:12.760363
TXN_000001421,ACC_000875,MER_00123,111.36,INR,success,net_banking,2026-06-09T17:17:14.760363
TXN_000001422,ACC_000125,MER_00193,447.49,INR,pending,wallet,2026-07-11T18:17:13.760363
TXN_000001423,ACC_000850,MER_00174,160.38,INR,success,card,2026-07-09T15:37:43.760363
TXN_000001424,ACC_000221,MER_00134,237.47,INR,success,wallet,2026-06-17T05:41:02.760363
TXN_000001425,ACC_000823,MER_00021,71.75,INR,success,upi,2026-06-17T06:40:36.760363
TXN_000001426,ACC_000496,MER_00099,521.52,INR,success,card,2026-06-30T05:23:19.760363
TXN_000001427,ACC_000397,MER_00196,201.35,INR,success,card,2026-07-03T01:28:29.760363
TXN_000001428,ACC_000101,MER_00174,522.03,INR,success,net_banking,2026-08-05T05:06:16.760363
TXN_000001429,ACC_000387,MER_00126,832.36,INR,success,upi,2026-07-19T17:43:46.760363
TXN_000001430,ACC_000910,MER_00144,32.96,INR,success,upi,2026-05-28T19:50:19.760363
TXN_000001431,ACC_000678,MER_00008,92.17,INR,success,card,2026-08-22T09:32:14.760363
TXN_000001432,ACC_000002,MER_00017,1584.52,INR,success,card,2026-07-01T04:46:23.760363
TXN_000001433,ACC_000994,MER_00027,70.0,INR,success,upi,2026-08-02T00:32:49.760363
TXN_000001434,ACC_000316,MER_00092,6927.06,INR,success,net_banking,2026-08-10T18:13:11.760363
TXN_000001435,ACC_000614,MER_00104,34.31,INR,success,card,2026-07-13T16:37:12.760363
TXN_000001436,ACC_000088,MER_00149,58.84,INR,failed,card,2026-07-14T08:53:54.760363
TXN_000001437,ACC_000177,MER_00156,234.22,INR,success,upi,2026-06-15T03:55:22.760363
TXN_000001438,ACC_000561,MER_00144,1964.6,INR,success,wallet,2026-05-30T08:05:12.760363
TXN_000001439,ACC_000436,MER_00185,75.6,INR,success,net_banking,2026-07-15T15:40:15.760363
TXN_000001440,ACC_000845,MER_00044,364.55,INR,success,card,2026-08-04T17:04:47.760363
TXN_000001441,ACC_000393,MER_00147,720.86,INR,success,wallet,2026-06-28T18:14:05.760363
TXN_000001442,ACC_000173,MER_00125,690.92,INR,success,upi,2026-07-20T16:08:49.760363
TXN_000001443,ACC_000510,MER_00044,5964.1,INR,success,wallet,2026-07-25T07:20:51.760363
TXN_000001444,ACC_000293,MER_00126,139.62,INR,success,card,2026-07-07T04:25:39.760363
TXN_000001445,ACC_000262,MER_00129,204.12,INR,success,upi,2026-06-29T23:25:04.760363
TXN_000001446,ACC_000710,MER_00078,40.63,INR,success,card,2026-06-05T00:53:48.760363
TXN_000001447,ACC_000482,MER_00106,128.88,INR,success,wallet,2026-07-16T14:04:50.760363
TXN_000001448,ACC_000552,MER_00184,293.55,INR,success,card,2026-07-30T01:11:40.760363
TXN_000001449,ACC_000599,MER_00059,123.86,INR,failed,wallet,2026-07-20T12:32:39.760363
TXN_000001450,ACC_000474,MER_00103,606.12,INR,success,upi,2026-06-16T17:07:47.760363
TXN_000001451,ACC_000050,MER_00039,188.6,INR,success,card,2026-05-30T10:57:57.760363
TXN_000001452,ACC_000346,MER_00112,983.68,INR,success,net_banking,2026-08-17T15:02:03.760363
TXN_000001453,ACC_000398,MER_00165,473.29,INR,success,net_banking,2026-05-31T06:35:57.760363
TXN_000001454,ACC_000297,MER_00019,568.35,INR,success,net_banking,2026-05-28T00:12:32.760363
TXN_000001455,ACC_000299,MER_00140,18.09,INR,failed,wallet,2026-06-30T10:28:54.760363
TXN_000001456,ACC_000044,MER_00160,232.62,INR,success,wallet,2026-07-06T14:15:29.760363
TXN_000001457,ACC_000470,MER_00042,51.68,INR,success,net_banking,2026-08-21T12:09:21.760363
TXN_000001458,ACC_000161,MER_00094,62.25,INR,success,wallet,2026-06-24T08:52:15.760363
TXN_000001459,ACC_000607,MER_00194,249.57,INR,success,net_banking,2026-08-14T21:47:17.760363
TXN_000001460,ACC_000166,MER_00190,1163.24,INR,success,net_banking,2026-08-13T04:53:59.760363
TXN_000001461,ACC_000655,MER_00171,579.02,INR,success,upi,2026-07-05T11:01:29.760363
TXN_000001462,ACC_000955,MER_00145,308.58,INR,success,net_banking,2026-06-11T08:10:17.760363
TXN_000001463,ACC_000802,MER_00143,56.0,INR,success,upi,2026-08-17T11:52:13.760363
TXN_000001464,ACC_000480,MER_00071,675.75,INR,success,net_banking,2026-06-08T23:35:46.760363
TXN_000001465,ACC_000572,MER_00178,47.06,INR,success,wallet,2026-07-04T15:33:24.760363
TXN_000001466,ACC_000557,MER_00148,480.27,INR,success,card,2026-07-16T22:27:16.760363
TXN_000001467,ACC_000214,MER_00123,134.85,INR,success,net_banking,2026-06-27T07:29:21.760363
TXN_000001468,ACC_000893,MER_00051,51.81,INR,success,wallet,2026-08-11T22:46:19.760363
TXN_000001469,ACC_000881,MER_00074,314.16,INR,success,card,2026-07-13T02:08:53.760363
TXN_000001470,ACC_000625,MER_00028,172.63,INR,success,net_banking,2026-07-16T18:36:55.760363
TXN_000001471,ACC_000551,MER_00193,36.67,INR,pending,wallet,2026-07-27T08:26:22.760363
TXN_000001472,ACC_000554,MER_00005,127.27,INR,success,wallet,2026-07-15T08:49:04.760363
TXN_000001473,ACC_000362,MER_00031,126.7,INR,success,upi,2026-08-02T00:12:03.760363
TXN_000001474,ACC_000116,MER_00120,142.17,INR,pending,upi,2026-08-04T12:51:43.760363
TXN_000001475,ACC_000927,MER_00188,123.67,INR,success,wallet,2026-08-01T21:20:14.760363
TXN_000001476,ACC_000338,MER_00133,291.16,INR,success,card,2026-07-02T14:20:43.760363
TXN_000001477,ACC_000359,MER_00171,745.99,INR,success,upi,2026-06-25T13:12:03.760363
TXN_000001478,ACC_000344,MER_00166,352.98,INR,success,net_banking,2026-06-23T07:54:02.760363
TXN_000001479,ACC_000087,MER_00138,43.85,INR,success,upi,2026-07-26T19:17:00.760363
TXN_000001480,ACC_000415,MER_00118,188.81,INR,success,wallet,2026-07-04T10:30:41.760363
TXN_000001481,ACC_000912,MER_00142,199.21,INR,success,card,2026-08-21T09:31:22.760363
TXN_000001482,ACC_000588,MER_00071,192.31,INR,success,card,2026-07-27T14:38:55.760363
TXN_000001483,ACC_000397,MER_00097,301.21,INR,success,card,2026-07-04T17:23:26.760363
TXN_000001484,ACC_000605,MER_00122,237.98,INR,success,card,2026-05-26T20:15:52.760363
TXN_000001485,ACC_000430,MER_00051,1180.69,INR,success,card,2026-06-30T11:09:51.760363
TXN_000001486,ACC_000851,MER_00006,346.31,INR,pending,net_banking,2026-06-05T05:33:48.760363
TXN_000001487,ACC_000129,MER_00190,172.21,INR,success,net_banking,2026-08-03T23:45:05.760363
TXN_000001488,ACC_000306,MER_00035,588.37,INR,success,card,2026-08-13T19:31:10.760363
TXN_000001489,ACC_000262,MER_00060,284.51,INR,failed,wallet,2026-06-09T06:56:06.760363
TXN_000001490,ACC_000313,MER_00033,161.58,INR,success,upi,2026-07-18T21:45:12.760363
TXN_000001491,ACC_000906,MER_00029,536.65,INR,success,wallet,2026-06-24T00:54:25.760363
TXN_000001492,ACC_000662,MER_00095,2139.06,INR,success,wallet,2026-06-25T03:09:56.760363
TXN_000001493,ACC_000840,MER_00173,69.37,INR,success,upi,2026-08-08T18:00:25.760363
TXN_000001494,ACC_000529,MER_00079,-500.00,INR,success,net_banking,2026-07-24T20:12:14.760363
TXN_000001495,ACC_000202,MER_00063,428.2,INR,success,wallet,2026-07-15T22:21:53.760363
TXN_000001496,ACC_000337,MER_00143,381.26,INR,failed,card,2026-06-08T11:28:10.760363
TXN_000001497,ACC_000909,MER_00018,89.17,INR,success,wallet,2026-06-08T07:36:39.760363
TXN_000001498,ACC_000432,MER_00188,162.43,INR,success,wallet,2026-06-08T18:18:24.760363
TXN_000001499,ACC_000991,MER_00163,47.45,INR,success,net_banking,2026-06-08T00:31:33.760363
TXN_000001500,ACC_000427,MER_00023,312.81,INR,success,card,2026-07-06T14:31:50.760363
TXN_000001501,ACC_000812,MER_00115,126.55,INR,success,wallet,2026-06-21T18:16:32.760363
TXN_000001502,ACC_000551,MER_00054,293.24,INR,success,wallet,2026-06-26T06:39:00.760363
TXN_000001503,ACC_000638,MER_00144,232.61,INR,success,upi,2026-06-04T20:31:02.760363
TXN_000001504,ACC_000581,MER_00046,539.95,INR,success,upi,2026-06-15T04:31:35.760363
TXN_000001505,ACC_000396,MER_00170,197.15,INR,success,net_banking,2026-06-07T19:17:58.760363
TXN_000001506,ACC_000021,MER_00047,241.45,INR,success,wallet,2026-07-20T04:21:38.760363
TXN_000001507,ACC_000660,MER_00191,76.82,INR,success,card,2026-06-27T16:15:44.760363
TXN_000001508,ACC_000212,MER_00089,695.23,INR,success,upi,2026-06-20T23:27:10.760363
TXN_000001509,ACC_000482,MER_00117,138.27,INR,success,upi,2026-08-11T18:33:39.760363
TXN_000001510,ACC_000382,MER_00135,349.09,INR,success,card,2026-08-09T23:02:02.760363
TXN_000001511,ACC_000235,MER_00141,88.86,INR,success,net_banking,2026-08-10T08:48:23.760363
TXN_000001512,ACC_000819,MER_00050,175.36,INR,success,card,2026-07-23T00:20:39.760363
TXN_000001513,ACC_000684,MER_00061,3.41,INR,success,wallet,2026-08-14T01:08:45.760363
TXN_000001514,ACC_000915,MER_00113,712.12,INR,success,net_banking,2026-07-11T21:11:31.760363
TXN_000001515,ACC_000033,MER_00145,627.11,INR,success,card,2026-08-03T17:31:30.760363
TXN_000001516,ACC_000484,MER_00054,437.92,INR,success,wallet,2026-08-19T19:42:14.760363
TXN_000001517,ACC_000142,MER_00137,209.6,INR,success,card,2026-07-04T00:12:05.760363
TXN_000001518,ACC_000736,MER_00054,36.06,INR,success,wallet,2026-05-28T08:52:54.760363
TXN_000001519,ACC_000493,MER_00080,250.26,INR,success,wallet,2026-08-03T17:27:27.760363
TXN_000001520,ACC_000510,MER_00004,282.28,INR,success,net_banking,2026-06-04T21:24:18.760363
TXN_000001521,ACC_000961,MER_00076,417.14,INR,failed,wallet,2026-08-12T08:49:06.760363
TXN_000001522,ACC_000388,MER_00154,130.75,INR,success,net_banking,2026-06-24T15:33:25.760363
TXN_000001523,ACC_000904,MER_00171,226.49,INR,success,wallet,2026-06-13T17:42:27.760363
TXN_000001524,ACC_000067,MER_00190,289.42,INR,success,net_banking,2026-07-24T05:05:38.760363
TXN_000001525,ACC_000959,MER_00153,264.19,INR,success,net_banking,2026-07-24T05:47:28.760363
TXN_000001526,ACC_000961,MER_00026,481.45,INR,success,card,2026-07-13T13:40:37.760363
TXN_000001527,ACC_000591,MER_00128,163.5,INR,success,wallet,2026-08-12T05:52:34.760363
TXN_000001528,ACC_000569,MER_00131,475.07,INR,success,wallet,2026-07-31T11:25:13.760363
TXN_000001529,ACC_000915,MER_00120,229.07,INR,success,upi,2026-06-12T21:36:48.760363
TXN_000001530,ACC_000223,MER_00064,145.39,INR,success,net_banking,2026-06-14T07:48:45.760363
TXN_000001531,ACC_000802,MER_00046,1086.01,INR,success,wallet,2026-06-02T02:52:03.760363
TXN_000001532,ACC_000726,MER_00140,96.27,INR,success,upi,2026-05-26T20:20:06.760363
TXN_000001533,ACC_000418,MER_00043,84.14,INR,success,wallet,2026-07-16T07:51:59.760363
TXN_000001534,ACC_000894,MER_00030,75.46,INR,success,card,2026-07-24T22:46:27.760363
TXN_000001535,ACC_000822,MER_00138,513.46,INR,success,wallet,2026-08-02T22:33:58.760363
TXN_000001536,ACC_000180,MER_00089,2118.8,INR,success,net_banking,2026-06-04T16:22:53.760363
TXN_000001537,ACC_000983,MER_00173,258.79,INR,success,net_banking,2026-07-04T07:12:16.760363
TXN_000001538,ACC_000177,MER_00124,255.2,INR,success,card,2026-07-11T08:12:46.760363
TXN_000001539,ACC_000704,MER_00129,213.66,INR,success,upi,2026-07-13T22:29:11.760363
TXN_000001540,ACC_000285,MER_00131,252.38,INR,pending,card,2026-06-29T10:07:32.760363
TXN_000001541,ACC_000705,MER_00189,142.95,INR,success,upi,2026-07-31T18:38:33.760363
TXN_000001542,ACC_000257,MER_00177,95.47,INR,success,card,2026-05-28T05:17:45.760363
TXN_000001543,ACC_000960,MER_00105,106.34,INR,success,upi,2026-07-15T00:58:02.760363
TXN_000001544,,MER_00196,252.99,INR,success,card,2026-06-06T17:48:16.760363
TXN_000001545,ACC_000966,MER_00037,1429.82,INR,success,wallet,2026-06-05T00:03:12.760363
TXN_000001546,ACC_000985,MER_00065,39.66,INR,success,net_banking,2026-08-04T13:30:59.760363
TXN_000001547,ACC_000494,MER_00178,241.52,INR,success,card,2026-07-16T14:32:09.760363
TXN_000001548,ACC_000043,MER_00079,244.21,INR,success,upi,2026-08-04T04:45:01.760363
TXN_000001549,ACC_000285,MER_00066,192.54,INR,success,card,2026-08-17T10:53:15.760363
TXN_000001550,ACC_000974,MER_00115,316.25,INR,success,net_banking,2026-08-22T06:35:44.760363
TXN_000001551,ACC_000015,MER_00199,64.0,INR,success,upi,2026-07-13T00:22:36.760363
TXN_000001552,ACC_000095,MER_00146,70.64,INR,success,wallet,2026-07-22T04:00:31.760363
TXN_000001553,ACC_000909,MER_00100,716.97,INR,success,net_banking,2026-08-01T15:36:19.760363
TXN_000001554,ACC_000024,MER_00071,164.99,INR,success,net_banking,2026-06-26T20:07:19.760363
TXN_000001555,ACC_000577,MER_00038,143.32,INR,success,upi,2026-08-12T14:06:35.760363
TXN_000001556,ACC_000145,MER_00006,57.48,INR,success,card,2026-08-17T07:47:00.760363
TXN_000001557,ACC_000020,MER_00009,457.26,INR,success,wallet,2026-08-07T11:29:48.760363
TXN_000001558,ACC_000556,MER_00186,734.53,INR,success,upi,2026-07-30T14:30:31.760363
TXN_000001559,ACC_000030,MER_00124,1092.16,INR,success,card,2026-07-10T02:24:50.760363
TXN_000001560,ACC_000402,MER_00045,156.81,INR,success,upi,2026-06-14T17:52:39.760363
TXN_000001561,ACC_000920,MER_00092,125.84,INR,success,upi,2026-08-21T19:58:24.760363
TXN_000001562,ACC_000194,MER_00044,218.85,INR,success,upi,2026-07-16T09:07:36.760363
TXN_000001563,ACC_000812,MER_00044,1919.83,INR,success,card,2026-07-30T11:30:50.760363
TXN_000001564,ACC_000470,MER_00192,195.09,INR,success,card,2026-06-12T21:29:27.760363
TXN_000001565,ACC_000110,MER_00020,442.18,INR,success,net_banking,2026-07-08T22:16:21.760363
TXN_000001566,ACC_000927,MER_00066,192.7,INR,success,net_banking,2026-08-02T19:15:16.760363
TXN_000001567,ACC_000997,MER_00142,386.75,INR,success,upi,2026-07-01T11:16:58.760363
TXN_000001568,ACC_000157,MER_00170,309.46,INR,success,net_banking,2026-07-01T23:46:25.760363
TXN_000001569,ACC_000261,MER_00095,174.85,INR,success,net_banking,2026-08-22T22:33:42.760363
TXN_000001570,ACC_000478,MER_00045,167.43,INR,success,wallet,2026-06-03T17:41:14.760363
TXN_000001571,ACC_000996,MER_00078,579.2,INR,failed,upi,2026-06-06T13:24:48.760363
TXN_000001572,ACC_000852,MER_00118,418.3,INR,success,card,2026-07-26T04:21:58.760363
TXN_000001573,ACC_000892,MER_00149,14.29,INR,pending,net_banking,2026-07-19T23:19:12.760363
TXN_000001574,ACC_000715,MER_00118,435.07,INR,success,card,2026-07-14T23:32:11.760363
TXN_000001575,ACC_000640,MER_00076,144.04,INR,success,upi,2026-08-07T23:56:56.760363
TXN_000001576,ACC_000401,MER_00186,119.55,INR,success,upi,2026-07-04T19:29:00.760363
TXN_000001577,ACC_000635,MER_00002,177.34,INR,success,wallet,2026-08-13T17:20:32.760363
TXN_000001578,ACC_000362,MER_00186,166.34,INR,success,upi,2026-06-20T05:09:52.760363
TXN_000001579,ACC_000672,MER_00197,64.69,INR,success,net_banking,2026-06-08T22:17:40.760363
TXN_000001580,ACC_000969,MER_00129,1000.02,INR,success,net_banking,2026-05-31T02:48:30.760363
TXN_000001581,ACC_000954,MER_00154,665.36,INR,success,net_banking,2026-06-01T10:20:22.760363
TXN_000001582,ACC_000642,MER_00043,602.19,INR,success,wallet,2026-07-03T15:10:28.760363
TXN_000001583,ACC_000994,MER_00083,1792.02,INR,success,wallet,2026-06-23T04:08:59.760363
TXN_000001584,ACC_000029,MER_00124,263.8,INR,success,upi,2026-06-17T07:09:54.760363
TXN_000001585,ACC_000201,MER_00098,2143.5,INR,success,card,2026-07-11T21:27:19.760363
TXN_000001586,ACC_000241,MER_00195,511.88,INR,success,upi,2026-07-05T01:56:38.760363
TXN_000001587,ACC_000187,MER_00110,249.75,INR,success,card,2026-08-18T03:08:00.760363
TXN_000001588,ACC_000273,MER_00138,112.27,INR,success,wallet,2026-06-11T00:04:49.760363
TXN_000001589,ACC_000093,MER_00136,174.14,INR,success,card,2026-06-13T09:05:41.760363
TXN_000001590,ACC_000346,MER_00056,188.93,INR,success,card,2026-06-09T12:09:18.760363
TXN_000001591,ACC_000569,MER_00008,180.06,INR,success,net_banking,2026-07-09T20:48:44.760363
TXN_000001592,ACC_000733,MER_00014,299.6,INR,success,net_banking,2026-06-15T14:00:15.760363
TXN_000001593,ACC_000124,MER_00035,56.01,INR,success,upi,2026-07-25T01:35:39.760363
TXN_000001594,ACC_000765,MER_00053,273.09,INR,success,upi,2026-06-23T00:39:57.760363
TXN_000001595,ACC_000848,MER_00085,197.91,INR,success,wallet,2026-07-10T14:53:37.760363
TXN_000001596,ACC_000386,MER_00114,27.5,INR,success,net_banking,2026-08-23T10:35:57.760363
TXN_000001597,ACC_000210,MER_00191,45.81,INR,success,net_banking,2026-07-05T20:47:02.760363
TXN_000001598,ACC_000731,MER_00095,451.86,INR,success,wallet,2026-08-08T22:32:41.760363
TXN_000001599,ACC_000783,MER_00138,61.41,INR,success,card,2026-06-24T18:40:17.760363
TXN_000001600,ACC_000442,MER_00040,44.73,INR,success,wallet,2026-06-11T10:20:40.760363
TXN_000001601,ACC_000791,MER_00030,49.0,INR,success,wallet,2026-07-10T04:29:37.760363
TXN_000001602,ACC_000045,MER_00099,91.25,INR,success,upi,2026-06-19T09:41:17.760363
TXN_000001603,ACC_000773,MER_00093,117.53,INR,success,net_banking,2026-07-13T00:12:16.760363
TXN_000001604,ACC_000625,MER_00158,643.53,INR,success,wallet,2026-08-02T00:52:53.760363
TXN_000001605,ACC_000895,MER_00127,2262.43,INR,success,upi,2026-06-14T20:53:35.760363
TXN_000001606,ACC_000790,MER_00075,1374.85,INR,success,net_banking,2026-08-05T02:54:51.760363
TXN_000001607,ACC_000804,MER_00034,295.13,INR,success,upi,2026-06-04T18:50:14.760363
TXN_000001608,ACC_000585,MER_00037,345.4,INR,success,net_banking,2026-08-17T21:16:37.760363
TXN_000001609,ACC_000771,MER_00091,211.39,INR,success,upi,2026-08-13T03:38:52.760363
TXN_000001610,ACC_000141,MER_00197,73.63,INR,success,wallet,2026-06-08T02:03:06.760363
TXN_000001611,ACC_000696,MER_00169,658.27,INR,success,card,2026-07-22T23:45:08.760363
TXN_000001612,ACC_000418,MER_00058,851.19,INR,success,wallet,2026-07-15T04:20:05.760363
TXN_000001613,ACC_000919,MER_00054,208.78,INR,success,upi,2026-07-20T05:08:39.760363
TXN_000001614,ACC_000326,MER_00061,1193.12,INR,success,net_banking,2026-05-28T02:59:23.760363
TXN_000001615,ACC_000165,MER_00047,1113.8,INR,success,upi,2026-06-03T21:31:34.760363
TXN_000001616,ACC_000882,MER_00042,203.13,INR,success,card,2026-08-24T03:22:27.760363
TXN_000001617,ACC_000247,MER_00129,-500.00,INR,success,wallet,2026-07-26T21:24:34.760363
TXN_000001618,ACC_000892,MER_00012,216.03,INR,success,wallet,2026-08-01T18:10:19.760363
TXN_000001619,ACC_000802,MER_00172,539.95,INR,success,wallet,2026-08-14T13:34:19.760363
TXN_000001620,ACC_000447,MER_00162,191.32,INR,success,net_banking,2026-07-19T17:35:35.760363
TXN_000001621,ACC_000484,MER_00111,70.86,INR,success,net_banking,2026-08-16T13:58:41.760363
TXN_000001622,ACC_000927,MER_00152,297.35,INR,success,card,2026-05-30T22:45:17.760363
TXN_000001623,ACC_000298,MER_00136,51.41,INR,success,wallet,2026-06-20T03:40:07.760363
TXN_000001624,ACC_000615,MER_00096,637.0,INR,success,wallet,2026-08-19T13:55:30.760363
TXN_000001625,ACC_000126,MER_00142,138.29,INR,success,upi,2026-07-20T08:21:05.760363
TXN_000001626,ACC_000751,MER_00075,68.32,INR,success,net_banking,2026-06-02T04:23:45.760363
TXN_000001627,ACC_000172,MER_00147,137.75,INR,success,net_banking,2026-06-07T10:21:18.760363
TXN_000001628,ACC_000698,MER_00068,103.83,INR,success,net_banking,2026-08-01T05:02:57.760363
TXN_000001629,ACC_000139,MER_00096,126.01,INR,success,card,2026-08-23T09:19:10.760363
TXN_000001630,ACC_000730,MER_00160,176.9,INR,success,card,2026-06-30T17:17:35.760363
TXN_000001631,ACC_000792,MER_00006,147.38,INR,success,wallet,2026-07-13T03:37:22.760363
TXN_000001632,ACC_000102,MER_00158,251.58,INR,success,wallet,2026-06-08T02:20:06.760363
TXN_000001633,ACC_000489,MER_00170,283.56,INR,success,upi,2026-07-11T04:48:12.760363
TXN_000001634,ACC_000583,MER_00084,343.67,INR,success,upi,2026-07-08T08:43:13.760363
TXN_000001635,ACC_000269,MER_00101,513.44,INR,success,wallet,2026-06-03T14:41:01.760363
TXN_000001636,ACC_000094,MER_00157,146.63,INR,failed,upi,2026-08-05T02:56:37.760363
TXN_000001637,ACC_000791,MER_00081,819.57,INR,success,card,2026-06-18T13:52:06.760363
TXN_000001638,ACC_000474,MER_00145,1100.77,INR,success,upi,2026-07-22T14:22:09.760363
TXN_000001639,ACC_000854,MER_00147,38.02,INR,success,net_banking,2026-05-30T08:43:56.760363
TXN_000001640,ACC_000528,MER_00065,893.58,INR,success,wallet,2026-05-31T04:45:07.760363
TXN_000001641,ACC_000018,MER_00015,264.09,INR,success,wallet,2026-07-02T10:01:33.760363
TXN_000001642,ACC_000012,MER_00057,231.26,INR,success,card,2026-06-08T16:23:53.760363
TXN_000001643,ACC_000818,MER_00147,250.44,INR,success,card,2026-06-14T21:17:40.760363
TXN_000001644,ACC_000978,MER_00162,168.58,INR,success,card,2026-07-19T00:30:27.760363
TXN_000001645,ACC_000942,MER_00051,183.27,INR,success,wallet,2026-06-16T05:00:35.760363
TXN_000001646,ACC_000750,MER_00048,219.55,INR,success,card,2026-08-06T21:22:17.760363
TXN_000001647,ACC_000119,MER_00097,674.59,INR,success,net_banking,2026-06-27T10:33:17.760363
TXN_000001648,ACC_000651,MER_00162,64.51,INR,success,net_banking,2026-06-09T08:23:39.760363
TXN_000001649,ACC_000874,MER_00060,114.06,INR,success,upi,2026-08-06T02:52:54.760363
TXN_000001650,ACC_000530,MER_00035,142.09,INR,success,net_banking,2026-07-11T08:10:54.760363
TXN_000001651,ACC_000484,MER_00110,15.95,INR,success,card,2026-07-25T19:15:22.760363
TXN_000001652,ACC_000255,MER_00156,102.08,INR,success,wallet,2026-06-25T00:46:27.760363
TXN_000001653,ACC_000697,MER_00111,61.66,INR,success,upi,2026-05-27T19:38:19.760363
TXN_000001654,ACC_000969,MER_00132,202.69,INR,success,card,2026-08-22T17:42:08.760363
TXN_000001655,ACC_000489,MER_00078,316.39,INR,success,wallet,2026-06-30T21:44:22.760363
TXN_000001656,,MER_00125,549.9,INR,success,upi,2026-05-27T14:05:22.760363
TXN_000001657,ACC_000597,MER_00047,788.54,INR,success,net_banking,2026-05-30T03:30:08.760363
TXN_000001658,ACC_000809,MER_00191,82.75,INR,success,net_banking,2026-06-27T14:05:08.760363
TXN_000001659,ACC_000374,MER_00117,82.47,INR,success,wallet,2026-07-21T04:49:02.760363
TXN_000001660,ACC_000162,MER_00137,178.5,INR,success,net_banking,2026-07-09T20:39:01.760363
TXN_000001661,ACC_000575,MER_00194,811.45,INR,success,card,2026-08-07T08:23:06.760363
TXN_000001662,ACC_000944,MER_00194,557.46,INR,failed,upi,2026-06-04T20:10:57.760363
TXN_000001663,ACC_000572,MER_00189,334.87,INR,success,wallet,2026-07-10T17:40:35.760363
TXN_000001664,ACC_000445,MER_00039,328.22,INR,pending,net_banking,2026-06-06T16:38:07.760363
TXN_000001665,ACC_000777,MER_00086,84.22,INR,success,upi,2026-08-02T02:43:49.760363
TXN_000001666,ACC_000966,MER_00111,72.95,INR,success,wallet,2026-06-07T15:26:18.760363
TXN_000001667,ACC_000800,MER_00170,228.45,INR,success,upi,2026-06-23T08:07:39.760363
TXN_000001668,ACC_000080,MER_00060,607.28,INR,success,wallet,2026-08-05T07:18:10.760363
TXN_000001669,ACC_000248,MER_00107,103.1,INR,success,card,2026-08-14T07:28:30.760363
TXN_000001670,ACC_000145,MER_00124,759.24,INR,success,upi,2026-07-22T19:36:00.760363
TXN_000001671,ACC_000634,MER_00053,449.16,INR,failed,wallet,2026-07-27T16:44:43.760363
TXN_000001672,ACC_000893,MER_00039,370.05,INR,success,net_banking,2026-06-25T18:25:15.760363
TXN_000001673,ACC_000763,MER_00105,2513.51,INR,success,upi,2026-08-18T16:34:53.760363
TXN_000001674,ACC_000964,MER_00093,653.7,INR,success,wallet,2026-06-27T16:20:21.760363
TXN_000001675,ACC_000129,MER_00170,151.84,INR,success,card,2026-08-08T04:36:46.760363
TXN_000001676,ACC_000033,MER_00161,83.14,INR,success,upi,2026-06-23T05:31:08.760363
TXN_000001677,ACC_000021,MER_00143,405.06,INR,success,wallet,2026-06-10T14:53:41.760363
TXN_000001678,ACC_000560,MER_00071,63.89,INR,success,upi,2026-07-24T10:53:33.760363
TXN_000001679,ACC_000591,MER_00046,263.69,INR,success,upi,2026-07-21T11:41:11.760363
TXN_000001680,ACC_000129,MER_00180,147.14,INR,success,card,2026-08-04T08:15:27.760363
TXN_000001681,ACC_000114,MER_00130,85.08,INR,success,upi,2026-07-21T04:44:48.760363
TXN_000001682,ACC_000295,MER_00033,172.7,INR,success,wallet,2026-06-11T13:12:59.760363
TXN_000001683,ACC_000666,MER_00134,739.37,INR,success,card,2026-06-01T15:58:56.760363
TXN_000001684,ACC_000507,MER_00124,484.81,INR,success,upi,2026-08-02T22:28:03.760363
TXN_000001685,ACC_000410,MER_00069,87.89,INR,success,net_banking,2026-06-09T01:08:41.760363
TXN_000001686,ACC_000476,MER_00033,1034.12,INR,success,upi,2026-06-23T11:49:49.760363
TXN_000001687,ACC_000403,MER_00177,171.97,INR,success,wallet,2026-06-03T09:36:42.760363
TXN_000001688,ACC_000003,MER_00013,186.49,INR,success,card,2026-07-24T17:14:48.760363
TXN_000001689,ACC_000016,MER_00081,179.44,INR,success,wallet,2026-08-06T01:48:58.760363
TXN_000001690,ACC_000297,MER_00061,115.62,INR,failed,net_banking,2026-07-12T15:48:07.760363
TXN_000001691,ACC_000588,MER_00023,333.65,INR,success,card,2026-08-02T22:41:00.760363
TXN_000001692,ACC_000620,MER_00129,204.53,INR,success,wallet,2026-06-12T20:22:07.760363
TXN_000001693,ACC_000025,MER_00063,582.14,INR,success,wallet,2026-07-27T07:00:26.760363
TXN_000001694,ACC_000255,MER_00050,52.18,INR,success,net_banking,2026-06-01T17:35:49.760363
TXN_000001695,ACC_000261,MER_00051,136.87,INR,success,wallet,2026-06-22T22:47:42.760363
TXN_000001696,ACC_000271,MER_00119,210.4,INR,success,card,2026-07-15T03:01:06.760363
TXN_000001697,ACC_000459,MER_00003,80.52,INR,success,card,2026-06-26T04:23:34.760363
TXN_000001698,ACC_000057,MER_00004,687.75,INR,success,net_banking,2026-08-02T23:40:14.760363
TXN_000001699,ACC_000584,MER_00101,179.62,INR,success,upi,2026-06-09T10:29:14.760363
TXN_000001700,ACC_000277,MER_00155,215.75,INR,success,card,2026-08-18T20:41:54.760363
TXN_000001701,ACC_000193,MER_00193,106.42,INR,success,upi,2026-06-18T18:06:41.760363
TXN_000001702,ACC_000718,MER_00056,116.06,INR,success,net_banking,2026-05-26T22:06:05.760363
TXN_000001703,ACC_000092,MER_00189,588.24,INR,success,upi,2026-07-10T21:10:14.760363
TXN_000001704,ACC_000518,MER_00164,119.61,INR,success,net_banking,2026-05-28T12:34:21.760363
TXN_000001705,ACC_000394,MER_00005,61.64,INR,success,net_banking,2026-07-20T16:44:18.760363
TXN_000001706,ACC_000747,MER_00110,34.92,INR,success,card,2026-07-20T05:09:16.760363
TXN_000001707,ACC_000335,MER_00165,767.67,INR,success,wallet,2026-07-25T02:38:17.760363
TXN_000001708,ACC_000172,MER_00066,34.45,INR,success,upi,2026-08-02T11:39:50.760363
TXN_000001709,ACC_000268,MER_00005,83.71,INR,success,upi,2026-07-19T12:16:35.760363
TXN_000001710,ACC_000664,MER_00032,196.07,INR,success,wallet,2026-07-29T08:04:40.760363
TXN_000001711,ACC_000322,MER_00192,2311.66,INR,success,net_banking,2026-07-13T14:24:04.760363
TXN_000001712,ACC_000999,MER_00113,220.01,INR,success,wallet,2026-06-10T08:28:38.760363
TXN_000001713,ACC_000788,MER_00102,218.33,INR,success,net_banking,2026-08-04T18:53:00.760363
TXN_000001714,ACC_000685,MER_00005,548.36,INR,success,wallet,2026-08-15T09:52:16.760363
TXN_000001715,ACC_000387,MER_00051,472.95,INR,success,card,2026-06-14T15:21:54.760363
TXN_000001716,ACC_000421,MER_00188,752.8,INR,failed,wallet,2026-08-17T06:04:36.760363
TXN_000001717,ACC_000325,MER_00035,442.78,INR,success,upi,2026-08-05T14:47:50.760363
TXN_000001718,ACC_000731,MER_00194,69.0,INR,success,upi,2026-07-02T17:16:15.760363
TXN_000001719,ACC_000893,MER_00176,106.09,INR,success,net_banking,2026-05-29T16:05:21.760363
TXN_000001720,ACC_000438,MER_00048,481.67,INR,success,wallet,2026-06-26T04:31:05.760363
TXN_000001721,ACC_000719,MER_00136,463.84,INR,success,net_banking,2026-07-11T01:17:17.760363
TXN_000001722,ACC_000515,MER_00152,734.26,INR,success,net_banking,2026-06-03T04:38:41.760363
TXN_000001723,ACC_000880,MER_00078,82.93,INR,success,upi,2026-07-01T23:21:58.760363
TXN_000001724,ACC_000882,MER_00098,758.72,INR,success,upi,2026-06-18T18:59:18.760363
TXN_000001725,ACC_000783,MER_00184,1379.17,INR,success,wallet,2026-05-31T12:56:37.760363
TXN_000001726,ACC_000304,MER_00140,122.81,INR,success,wallet,2026-06-08T17:14:49.760363
TXN_000001727,ACC_000702,MER_00121,302.84,INR,success,wallet,2026-08-04T07:51:34.760363
TXN_000001728,ACC_000367,MER_00119,192.34,INR,success,net_banking,2026-08-17T16:06:59.760363
TXN_000001729,ACC_000076,MER_00021,346.59,INR,pending,wallet,2026-05-26T20:51:45.760363
TXN_000001730,ACC_000419,MER_00140,130.06,INR,success,wallet,2026-07-15T04:07:50.760363
TXN_000001731,ACC_000753,MER_00113,82.04,INR,success,net_banking,2026-08-23T18:51:05.760363
TXN_000001732,ACC_000349,MER_00189,1451.7,INR,success,upi,2026-08-11T19:29:06.760363
TXN_000001733,ACC_000943,MER_00086,87.09,INR,success,net_banking,2026-08-08T13:56:04.760363
TXN_000001734,ACC_000825,MER_00158,194.71,INR,success,card,2026-07-01T18:01:34.760363
TXN_000001735,ACC_000420,MER_00148,218.69,INR,success,wallet,2026-08-06T10:52:04.760363
TXN_000001736,ACC_000010,MER_00164,128.07,INR,success,upi,2026-08-19T01:01:54.760363
TXN_000001737,ACC_000737,MER_00009,374.11,INR,success,card,2026-07-20T06:26:15.760363
TXN_000001738,ACC_000313,MER_00044,87.24,INR,success,wallet,2026-08-14T02:27:41.760363
TXN_000001739,ACC_000359,MER_00048,99.42,INR,success,net_banking,2026-08-06T05:56:59.760363
TXN_000001740,ACC_000007,MER_00034,62.17,INR,success,upi,2026-07-13T22:32:36.760363
TXN_000001741,ACC_000483,MER_00055,970.72,INR,success,card,2026-06-10T21:36:12.760363
TXN_000001742,ACC_000112,MER_00053,297.17,INR,success,wallet,2026-08-18T21:05:31.760363
TXN_000001743,ACC_000191,MER_00167,1599.69,INR,success,upi,2026-07-22T21:43:39.760363
TXN_000001744,ACC_000215,MER_00169,321.25,INR,failed,net_banking,2026-08-12T01:38:41.760363
TXN_000001745,ACC_000842,MER_00022,986.07,INR,success,upi,2026-06-16T21:23:39.760363
TXN_000001746,ACC_000413,MER_00024,476.36,INR,success,wallet,2026-06-23T14:05:17.760363
TXN_000001747,ACC_000289,MER_00016,178.86,INR,success,wallet,2026-07-27T10:45:07.760363
TXN_000001748,ACC_000803,MER_00135,121.34,INR,success,card,2026-07-11T05:45:43.760363
TXN_000001749,ACC_000758,MER_00184,82.76,INR,success,upi,2026-06-20T03:00:53.760363
TXN_000001750,ACC_000671,MER_00152,261.9,INR,success,card,2026-07-01T13:54:18.760363
TXN_000001751,ACC_000723,MER_00010,176.33,INR,success,card,2026-08-14T13:26:48.760363
TXN_000001752,ACC_000954,MER_00019,164.54,INR,success,upi,2026-07-08T11:40:19.760363
TXN_000001753,ACC_000048,MER_00119,372.34,INR,failed,wallet,2026-07-22T04:09:35.760363
TXN_000001754,ACC_000946,MER_00016,163.65,INR,success,net_banking,2026-07-30T18:34:27.760363
TXN_000001755,ACC_000701,MER_00098,322.91,INR,success,card,2026-05-28T02:09:03.760363
TXN_000001756,ACC_000601,MER_00070,911.37,INR,success,upi,2026-08-06T10:59:26.760363
TXN_000001757,ACC_000789,MER_00084,417.75,INR,success,net_banking,2026-07-02T10:27:41.760363
TXN_000001758,ACC_000383,MER_00076,747.48,INR,success,card,2026-08-15T13:57:35.760363
TXN_000001759,ACC_000256,MER_00145,494.46,INR,success,net_banking,2026-07-09T19:01:53.760363
TXN_000001760,ACC_000564,MER_00172,92.52,INR,success,upi,2026-08-08T08:49:56.760363
TXN_000001761,ACC_000862,MER_00182,107.18,INR,success,upi,2026-08-15T12:51:15.760363
TXN_000001762,ACC_000671,MER_00024,197.24,INR,success,upi,2026-08-04T06:21:37.760363
TXN_000001763,ACC_000633,MER_00045,376.33,INR,success,net_banking,2026-07-11T21:49:58.760363
TXN_000001764,ACC_000544,MER_00101,232.08,INR,success,net_banking,2026-08-03T06:05:47.760363
TXN_000001765,ACC_000978,MER_00123,414.31,INR,success,upi,2026-07-13T02:02:58.760363
TXN_000001766,ACC_000718,MER_00058,174.54,INR,success,upi,2026-08-08T07:33:29.760363
TXN_000001767,ACC_000330,MER_00036,30.99,INR,success,wallet,2026-06-01T02:34:09.760363
TXN_000001768,ACC_000438,MER_00099,206.69,INR,success,upi,2026-07-04T20:13:24.760363
TXN_000001769,ACC_000841,MER_00187,271.47,INR,success,net_banking,2026-08-02T04:11:27.760363
TXN_000001770,ACC_000612,MER_00095,196.55,INR,success,card,2026-06-23T10:32:15.760363
TXN_000001771,ACC_000681,MER_00141,52.99,INR,success,wallet,2026-08-05T19:43:38.760363
TXN_000001772,ACC_000409,MER_00062,531.06,INR,success,card,2026-07-18T17:32:02.760363
TXN_000001773,ACC_000342,MER_00127,983.12,INR,success,upi,2026-06-27T01:28:00.760363
TXN_000001774,ACC_000379,MER_00094,101.15,INR,success,card,2026-07-06T19:48:50.760363
TXN_000001775,ACC_000879,MER_00118,95.46,INR,success,upi,2026-06-26T20:31:29.760363
TXN_000001776,ACC_000416,MER_00174,298.35,INR,success,wallet,2026-07-17T23:16:13.760363
TXN_000001777,ACC_000240,MER_00120,180.22,INR,success,net_banking,2026-07-19T01:07:12.760363
TXN_000001778,ACC_000777,MER_00134,238.43,INR,success,upi,2026-06-13T22:27:51.760363
TXN_000001779,ACC_000952,MER_00120,153.18,INR,success,upi,2026-07-31T17:14:10.760363
TXN_000001780,ACC_000683,MER_00080,252.03,INR,success,wallet,2026-06-08T07:30:30.760363
TXN_000001781,ACC_000588,MER_00143,1270.44,INR,success,net_banking,2026-05-30T20:13:02.760363
TXN_000001782,ACC_000070,MER_00049,104.57,INR,success,wallet,2026-07-27T15:09:07.760363
TXN_000001783,ACC_000778,MER_00083,25.82,INR,success,wallet,2026-06-04T16:49:32.760363
TXN_000001784,ACC_000138,MER_00167,592.38,INR,success,net_banking,2026-08-09T11:02:18.760363
TXN_000001785,ACC_000502,MER_00130,666.88,INR,success,wallet,2026-08-08T01:38:06.760363
TXN_000001786,ACC_000692,MER_00028,1441.87,INR,success,net_banking,2026-08-02T07:32:53.760363
TXN_000001787,ACC_000082,MER_00076,769.31,INR,success,wallet,2026-08-07T13:01:45.760363
TXN_000001788,ACC_000587,MER_00064,112.32,INR,success,card,2026-08-16T10:45:47.760363
TXN_000001789,ACC_000050,MER_00184,121.1,INR,success,net_banking,2026-07-19T22:59:41.760363
TXN_000001790,ACC_000899,MER_00003,46.69,INR,success,card,2026-07-08T12:00:04.760363
TXN_000001791,ACC_000678,MER_00101,157.07,INR,success,net_banking,2026-08-21T14:33:57.760363
TXN_000001792,ACC_000795,MER_00102,412.78,INR,success,net_banking,2026-07-20T07:42:14.760363
TXN_000001793,ACC_000506,MER_00083,53.14,INR,success,card,2026-06-26T16:44:27.760363
TXN_000001794,ACC_000238,MER_00124,804.04,INR,success,card,2026-07-02T06:00:04.760363
TXN_000001795,ACC_000552,MER_00007,92.43,INR,success,net_banking,2026-05-29T04:31:21.760363
TXN_000001796,ACC_000172,MER_00149,413.21,INR,success,card,2026-06-07T10:43:59.760363
TXN_000001797,ACC_000680,MER_00131,197.2,INR,success,upi,2026-08-02T08:58:30.760363
TXN_000001798,ACC_000501,MER_00016,137.98,INR,success,card,2026-06-18T02:23:47.760363
TXN_000001799,ACC_000288,MER_00099,38.35,INR,success,net_banking,2026-08-24T00:43:59.760363
TXN_000001800,ACC_000049,MER_00135,1331.27,INR,success,card,2026-06-25T15:40:39.760363
TXN_000001801,ACC_000525,MER_00074,373.99,INR,success,net_banking,2026-07-15T14:06:46.760363
TXN_000001802,ACC_000376,MER_00115,208.52,INR,success,upi,2026-06-09T23:51:41.760363
TXN_000001803,ACC_000486,MER_00063,119.15,INR,success,card,2026-06-23T17:05:56.760363
TXN_000001804,ACC_000939,MER_00138,108.18,INR,success,upi,2026-07-18T05:54:47.760363
TXN_000001805,ACC_000643,MER_00009,396.03,INR,success,upi,2026-06-05T06:22:33.760363
TXN_000001806,ACC_000828,MER_00034,12.11,INR,success,wallet,2026-07-19T05:33:55.760363
TXN_000001807,ACC_000219,MER_00044,710.49,INR,success,card,2026-07-04T05:44:21.760363
TXN_000001808,ACC_000445,MER_00169,886.38,INR,success,card,2026-07-10T14:49:12.760363
TXN_000001809,ACC_000248,MER_00100,1295.66,INR,success,card,2026-06-23T13:15:23.760363
TXN_000001810,ACC_000271,MER_00002,287.72,INR,success,net_banking,2026-07-20T19:41:45.760363
TXN_000001811,ACC_000488,MER_00188,36.98,INR,success,card,2026-07-16T03:29:15.760363
TXN_000001812,ACC_000214,MER_00057,160.72,INR,success,wallet,2026-07-18T07:08:28.760363
TXN_000001813,ACC_000663,MER_00123,604.59,INR,success,net_banking,2026-07-22T15:40:32.760363
TXN_000001814,ACC_000552,MER_00111,1217.02,INR,success,wallet,2026-07-28T10:01:36.760363
TXN_000001815,ACC_000531,MER_00087,70.74,INR,success,upi,2026-07-21T23:04:36.760363
TXN_000001816,ACC_000491,MER_00048,229.8,INR,success,card,2026-07-25T13:20:34.760363
TXN_000001817,ACC_000978,MER_00107,1405.63,INR,success,upi,2026-06-18T06:16:59.760363
TXN_000001818,ACC_000293,MER_00120,233.63,INR,success,card,2026-07-12T00:27:49.760363
TXN_000001819,ACC_000911,MER_00079,419.96,INR,success,net_banking,2026-06-20T19:19:10.760363
TXN_000001820,ACC_000574,MER_00008,450.74,INR,success,net_banking,2026-06-19T02:51:10.760363
TXN_000001821,ACC_000547,MER_00015,106.07,INR,success,net_banking,2026-06-16T22:05:28.760363
TXN_000001822,ACC_000552,MER_00150,37.87,INR,pending,net_banking,2026-06-22T00:43:44.760363
TXN_000001823,ACC_000034,MER_00192,352.11,INR,success,upi,2026-06-19T16:09:40.760363
TXN_000001824,ACC_000063,MER_00062,117.27,INR,success,upi,2026-08-04T05:18:23.760363
TXN_000001825,ACC_000921,MER_00189,343.48,INR,success,wallet,2026-07-13T11:32:51.760363
TXN_000001826,ACC_000419,MER_00124,193.5,INR,success,upi,2026-08-03T07:00:28.760363
TXN_000001827,ACC_000888,MER_00081,82.22,INR,success,card,2026-07-07T16:23:39.760363
TXN_000001828,ACC_000782,MER_00143,675.5,INR,success,net_banking,2026-07-23T13:14:13.760363
TXN_000001829,ACC_000122,MER_00078,1480.25,INR,success,wallet,2026-06-29T06:19:42.760363
TXN_000001830,ACC_000805,MER_00176,423.81,INR,success,card,2026-06-02T19:58:03.760363
TXN_000001831,ACC_000222,MER_00156,1380.71,INR,success,card,2026-08-15T08:31:36.760363
TXN_000001832,ACC_000752,MER_00183,151.85,INR,success,upi,2026-06-20T22:55:40.760363
TXN_000001833,ACC_000270,MER_00074,429.46,INR,success,card,2026-07-13T17:53:59.760363
TXN_000001834,ACC_000225,MER_00085,372.83,INR,success,card,2026-06-29T00:31:15.760363
TXN_000001835,ACC_000813,MER_00099,491.05,INR,success,net_banking,2026-06-02T10:18:54.760363
TXN_000001836,ACC_000247,MER_00168,77.96,INR,success,card,2026-07-20T11:23:49.760363
TXN_000001837,ACC_000997,MER_00163,123.46,INR,success,upi,2026-05-28T14:10:42.760363
TXN_000001838,ACC_000949,MER_00118,805.21,INR,success,upi,2026-06-04T03:27:13.760363
TXN_000001839,ACC_000547,MER_00054,40.06,INR,success,card,2026-08-17T04:36:27.760363
TXN_000001840,ACC_000495,MER_00154,496.99,INR,success,card,2026-07-18T22:14:49.760363
TXN_000001841,ACC_000545,MER_00149,199.08,INR,success,card,2026-08-20T00:15:30.760363
TXN_000001842,ACC_000060,MER_00039,166.28,INR,success,net_banking,2026-06-06T18:31:07.760363
TXN_000001843,ACC_000442,MER_00192,650.24,INR,success,wallet,2026-06-12T21:08:53.760363
TXN_000001844,ACC_000514,MER_00165,1088.02,INR,success,net_banking,2026-08-13T00:00:43.760363
TXN_000001845,ACC_000154,MER_00009,213.48,INR,success,wallet,2026-08-19T07:03:02.760363
TXN_000001846,ACC_000367,MER_00196,125.56,INR,success,card,2026-08-02T07:37:03.760363
TXN_000001847,ACC_000985,MER_00157,562.7,INR,success,card,2026-07-13T09:09:30.760363
TXN_000001848,ACC_000456,MER_00193,538.41,INR,success,net_banking,2026-08-21T21:04:06.760363
TXN_000001849,ACC_000718,MER_00109,609.23,INR,success,card,2026-08-17T15:59:18.760363
TXN_000001850,ACC_000508,MER_00047,93.71,INR,success,card,2026-07-10T16:54:09.760363
TXN_000001851,ACC_000192,MER_00193,202.74,INR,success,wallet,2026-06-04T05:40:17.760363
TXN_000001852,ACC_000137,MER_00168,376.42,INR,success,card,2026-08-02T17:52:11.760363
TXN_000001853,ACC_000605,MER_00023,157.1,INR,success,upi,2026-07-16T02:38:54.760363
TXN_000001854,ACC_000180,MER_00107,662.3,INR,success,wallet,2026-06-08T02:14:21.760363
TXN_000001855,ACC_000450,MER_00130,240.42,INR,success,wallet,2026-06-17T07:09:45.760363
TXN_000001856,ACC_000394,MER_00187,17.39,INR,success,wallet,2026-08-16T10:00:42.760363
TXN_000001857,ACC_000679,MER_00188,65.03,INR,success,net_banking,2026-05-30T07:49:08.760363
TXN_000001858,ACC_000786,MER_00026,46.54,INR,success,upi,2026-05-31T21:00:34.760363
TXN_000001859,ACC_000584,MER_00062,247.44,INR,failed,upi,2026-06-28T08:34:20.760363
TXN_000001860,ACC_000748,MER_00141,256.65,INR,success,upi,2026-07-15T22:44:49.760363
TXN_000001861,ACC_000879,MER_00037,655.77,INR,success,upi,2026-07-14T18:14:48.760363
TXN_000001862,ACC_000879,MER_00096,119.07,INR,success,card,2026-07-08T23:41:08.760363
TXN_000001863,ACC_000836,MER_00132,132.94,INR,success,net_banking,2026-07-01T16:15:44.760363
TXN_000001864,ACC_000875,MER_00113,69.39,INR,success,wallet,2026-07-19T16:28:50.760363
TXN_000001865,ACC_000296,MER_00200,124.03,INR,success,upi,2026-08-06T08:14:17.760363
TXN_000001866,ACC_000518,MER_00056,37.92,INR,success,net_banking,2026-07-30T03:06:27.760363
TXN_000001867,ACC_000016,MER_00117,119.96,INR,success,upi,2026-07-06T14:28:24.760363
TXN_000001868,ACC_000847,MER_00089,428.92,INR,success,wallet,2026-05-27T13:29:58.760363
TXN_000001869,ACC_000387,MER_00171,129.61,INR,success,wallet,2026-06-14T21:21:13.760363
TXN_000001870,ACC_000447,MER_00140,202.91,INR,success,upi,2026-08-22T06:17:57.760363
TXN_000001871,ACC_000932,MER_00107,329.03,INR,success,wallet,2026-07-01T03:40:12.760363
TXN_000001872,ACC_000842,MER_00065,128.42,INR,success,net_banking,2026-07-09T09:11:30.760363
TXN_000001873,ACC_000670,MER_00140,421.43,INR,success,net_banking,2026-06-14T03:09:07.760363
TXN_000001874,ACC_000525,MER_00023,154.0,INR,success,wallet,2026-07-01T21:02:02.760363
TXN_000001875,ACC_000725,MER_00163,110.43,INR,success,card,2026-08-07T13:01:30.760363
TXN_000001876,ACC_000613,MER_00105,364.55,INR,success,wallet,2026-07-19T04:17:28.760363
TXN_000001877,ACC_000334,MER_00009,188.99,INR,success,wallet,2026-06-13T04:59:12.760363
TXN_000001878,ACC_000102,MER_00145,236.37,INR,success,wallet,2026-05-29T03:52:27.760363
TXN_000001879,ACC_000212,MER_00044,190.69,INR,success,card,2026-05-31T19:53:35.760363
TXN_000001880,ACC_000054,MER_00200,650.48,INR,success,upi,2026-06-07T07:54:16.760363
TXN_000001881,ACC_000251,MER_00012,883.39,INR,success,net_banking,2026-08-16T11:53:53.760363
TXN_000001882,ACC_000886,MER_00187,166.62,INR,success,card,2026-07-23T00:18:20.760363
TXN_000001883,ACC_000895,MER_00056,395.33,INR,success,upi,2026-06-11T14:45:40.760363
TXN_000001884,ACC_000640,MER_00102,585.95,INR,success,net_banking,2026-05-30T04:28:01.760363
TXN_000001885,ACC_000477,MER_00093,362.52,INR,success,wallet,2026-07-19T07:51:50.760363
TXN_000001886,ACC_000971,MER_00042,489.71,INR,success,wallet,2026-08-11T00:50:59.760363
TXN_000001887,ACC_000105,MER_00146,210.13,INR,success,upi,2026-06-13T06:33:31.760363
TXN_000001888,ACC_000992,MER_00064,59.06,INR,success,wallet,2026-08-04T22:53:28.760363
TXN_000001889,ACC_000430,MER_00084,187.11,INR,success,card,2026-07-13T00:32:39.760363
TXN_000001890,ACC_000733,MER_00152,34.56,INR,success,card,2026-06-03T19:12:14.760363
TXN_000001891,ACC_000209,MER_00013,725.37,INR,success,upi,2026-08-17T13:14:20.760363
TXN_000001892,ACC_000642,MER_00090,324.59,INR,success,wallet,2026-06-20T06:12:06.760363
TXN_000001893,ACC_000946,MER_00129,354.64,INR,success,net_banking,2026-08-10T05:56:32.760363
TXN_000001894,ACC_000005,MER_00064,306.53,INR,success,wallet,2026-06-02T00:35:37.760363
TXN_000001895,ACC_000021,MER_00179,29.56,INR,success,upi,2026-07-16T03:06:34.760363
TXN_000001896,ACC_000312,MER_00098,29.93,INR,success,card,2026-08-15T06:33:20.760363
TXN_000001897,ACC_000706,MER_00036,196.15,INR,success,net_banking,2026-08-10T23:46:32.760363
TXN_000001898,ACC_000922,MER_00091,641.05,INR,success,upi,2026-07-30T21:03:54.760363
TXN_000001899,ACC_000876,MER_00061,279.95,INR,success,card,2026-06-14T22:41:11.760363
TXN_000001900,ACC_000483,MER_00094,234.7,INR,success,net_banking,2026-06-16T20:55:54.760363
TXN_000001901,ACC_000041,MER_00173,456.08,INR,success,upi,2026-07-17T21:44:51.760363
TXN_000001902,ACC_000442,MER_00198,77.88,INR,success,upi,2026-05-27T04:21:45.760363
TXN_000001903,ACC_000604,MER_00075,140.89,INR,success,upi,2026-08-23T19:10:39.760363
TXN_000001904,ACC_000104,MER_00033,80.39,INR,success,wallet,2026-08-21T22:41:54.760363
TXN_000001905,ACC_000781,MER_00165,207.31,INR,success,net_banking,2026-07-05T00:49:02.760363
TXN_000001906,ACC_000776,MER_00125,1642.1,INR,success,wallet,2026-07-13T02:17:04.760363
TXN_000001907,ACC_000465,MER_00174,171.24,INR,success,card,2026-05-27T18:49:48.760363
TXN_000001908,ACC_000851,MER_00027,234.44,INR,success,wallet,2026-08-06T22:03:31.760363
TXN_000001909,ACC_000192,MER_00193,159.31,INR,success,net_banking,2026-06-22T22:38:49.760363
TXN_000001910,ACC_000253,MER_00042,933.79,INR,success,net_banking,2026-06-06T11:06:51.760363
TXN_000001911,ACC_000694,MER_00024,112.38,INR,success,net_banking,2026-08-15T15:15:40.760363
TXN_000001912,ACC_000617,MER_00165,159.51,INR,success,card,2026-06-16T22:00:55.760363
TXN_000001913,ACC_000191,MER_00062,14.65,INR,success,net_banking,2026-07-24T07:12:15.760363
TXN_000001914,ACC_000064,MER_00121,246.45,INR,success,net_banking,2026-06-18T21:57:28.760363
TXN_000001915,ACC_000458,MER_00032,29.42,INR,success,wallet,2026-07-30T14:25:56.760363
TXN_000001916,ACC_000903,MER_00118,157.36,INR,success,upi,2026-06-19T14:55:20.760363
TXN_000001917,ACC_000164,MER_00193,135.15,INR,success,net_banking,2026-06-10T14:56:19.760363
TXN_000001918,ACC_000560,MER_00134,217.72,INR,success,upi,2026-08-05T08:50:43.760363
TXN_000001919,ACC_000555,MER_00181,1254.66,INR,success,upi,2026-08-05T11:20:42.760363
TXN_000001920,ACC_000207,MER_00172,329.63,INR,success,upi,2026-06-25T03:38:48.760363
TXN_000001921,ACC_000235,MER_00151,270.83,INR,success,net_banking,2026-07-09T00:49:31.760363
TXN_000001922,ACC_000423,MER_00196,9.6,INR,success,upi,2026-08-12T05:32:10.760363
TXN_000001923,ACC_000567,MER_00086,554.25,INR,success,card,2026-06-24T04:27:00.760363
TXN_000001924,ACC_000507,MER_00047,68.89,INR,success,wallet,2026-06-30T01:16:28.760363
TXN_000001925,ACC_000307,MER_00125,783.33,INR,failed,wallet,2026-06-22T05:04:53.760363
TXN_000001926,ACC_000625,MER_00109,460.82,INR,success,card,2026-06-04T00:46:57.760363
TXN_000001927,ACC_000827,MER_00011,343.58,INR,success,net_banking,2026-06-11T13:36:33.760363
TXN_000001928,ACC_000865,MER_00047,145.45,INR,success,card,2026-07-16T13:47:28.760363
TXN_000001929,ACC_000570,MER_00157,1093.61,INR,success,card,2026-08-22T05:58:19.760363
TXN_000001930,ACC_000891,MER_00019,781.51,INR,success,wallet,2026-07-09T11:43:55.760363
TXN_000001931,ACC_000132,MER_00050,170.05,INR,success,net_banking,2026-08-08T20:47:48.760363
TXN_000001932,ACC_000170,MER_00170,238.19,INR,success,wallet,2026-07-10T02:40:52.760363
TXN_000001933,ACC_000848,MER_00043,110.83,INR,success,card,2026-07-11T13:28:56.760363
TXN_000001934,ACC_000189,MER_00009,406.7,INR,success,card,2026-08-07T21:02:06.760363
TXN_000001935,ACC_000298,MER_00057,205.33,INR,success,upi,2026-08-12T16:43:56.760363
TXN_000001936,ACC_000228,MER_00092,78.91,INR,success,card,2026-08-06T16:37:18.760363
TXN_000001937,ACC_000015,MER_00105,50.9,INR,success,card,2026-07-09T05:15:43.760363
TXN_000001938,ACC_000307,MER_00174,563.91,INR,success,card,2026-08-14T07:38:55.760363
TXN_000001939,ACC_000503,MER_00159,152.17,INR,success,upi,2026-08-23T07:10:21.760363
TXN_000001940,ACC_000990,MER_00198,348.24,INR,success,upi,2026-07-03T19:16:07.760363
TXN_000001941,ACC_000860,MER_00185,1103.13,INR,success,upi,2026-06-27T08:34:20.760363
TXN_000001942,ACC_000444,MER_00016,63.87,INR,success,upi,2026-06-22T11:23:47.760363
TXN_000001943,ACC_000681,MER_00150,283.74,INR,failed,wallet,2026-07-24T17:55:11.760363
TXN_000001944,ACC_000544,MER_00115,348.78,INR,success,wallet,2026-06-23T09:16:05.760363
TXN_000001945,ACC_000740,MER_00049,96.32,INR,success,wallet,2026-06-18T06:13:24.760363
TXN_000001946,ACC_000668,MER_00068,242.57,INR,success,upi,2026-06-10T02:32:48.760363
TXN_000001947,ACC_000088,MER_00146,466.76,INR,success,upi,2026-06-10T07:22:51.760363
TXN_000001948,ACC_000573,MER_00163,131.49,INR,success,card,2026-07-17T06:46:46.760363
TXN_000001949,ACC_000864,MER_00072,134.66,INR,success,wallet,2026-07-14T03:11:39.760363
TXN_000001950,ACC_000193,MER_00150,138.05,INR,success,wallet,2026-07-27T13:33:46.760363
TXN_000001951,ACC_000317,MER_00040,1375.25,INR,success,net_banking,2026-08-13T02:05:32.760363
TXN_000001952,ACC_000178,MER_00133,30.29,INR,success,wallet,2026-06-26T02:51:12.760363
TXN_000001953,ACC_000646,MER_00047,591.15,INR,success,card,2026-05-31T02:55:54.760363
TXN_000001954,ACC_000049,MER_00131,133.19,INR,success,net_banking,2026-08-23T17:15:46.760363
TXN_000001955,ACC_000330,MER_00071,636.77,INR,success,card,2026-07-02T07:53:45.760363
TXN_000001956,ACC_000661,MER_00198,76.58,INR,success,upi,2026-07-02T19:42:25.760363
TXN_000001957,ACC_000846,MER_00037,1837.9,INR,success,upi,2026-05-31T18:00:52.760363
TXN_000001958,ACC_000194,MER_00077,363.21,INR,success,card,2026-07-26T10:02:38.760363
TXN_000001959,ACC_000839,MER_00001,189.79,INR,success,wallet,2026-07-17T19:20:33.760363
TXN_000001960,ACC_000577,MER_00185,437.85,INR,success,upi,2026-06-15T05:38:39.760363
TXN_000001961,ACC_000510,MER_00015,19.92,INR,success,upi,2026-08-04T15:10:45.760363
TXN_000001962,ACC_000770,MER_00034,1398.79,INR,success,upi,2026-08-01T01:19:28.760363
TXN_000001963,ACC_000631,MER_00046,589.48,INR,success,wallet,2026-08-11T13:40:32.760363
TXN_000001964,ACC_000927,MER_00041,99.13,INR,success,wallet,2026-07-04T05:07:08.760363
TXN_000001965,ACC_000587,MER_00079,513.57,INR,failed,net_banking,2026-08-05T13:12:35.760363
TXN_000001966,ACC_000057,MER_00152,86.11,INR,success,wallet,2026-05-27T04:08:18.760363
TXN_000001967,ACC_000238,MER_00079,370.78,INR,success,net_banking,2026-07-13T00:48:13.760363
TXN_000001968,ACC_000165,MER_00155,368.12,INR,success,net_banking,2026-08-23T10:53:19.760363
TXN_000001969,ACC_000828,MER_00131,154.9,INR,success,upi,2026-08-13T03:50:16.760363
TXN_000001970,ACC_000601,MER_00152,115.3,INR,success,card,2026-06-26T13:45:14.760363
TXN_000001971,ACC_000514,MER_00005,304.3,INR,success,card,2026-07-01T20:59:32.760363
TXN_000001972,ACC_001000,MER_00159,58.05,INR,success,net_banking,2026-08-05T05:13:11.760363
TXN_000001973,ACC_000990,MER_00081,412.02,INR,success,net_banking,2026-08-19T05:52:02.760363
TXN_000001974,ACC_000748,MER_00026,796.9,INR,success,upi,2026-06-20T12:03:10.760363
TXN_000001975,ACC_000699,MER_00194,428.35,INR,success,card,2026-06-22T05:25:56.760363
TXN_000001976,ACC_000807,MER_00180,82.88,INR,success,wallet,2026-08-08T13:32:16.760363
TXN_000001977,ACC_000579,MER_00120,213.44,INR,success,wallet,2026-08-12T07:10:37.760363
TXN_000001978,ACC_000724,MER_00009,824.61,INR,success,wallet,2026-07-24T03:38:39.760363
TXN_000001979,ACC_000195,MER_00172,478.35,INR,success,wallet,2026-06-19T00:25:17.760363
TXN_000001980,ACC_000360,MER_00011,121.92,INR,success,upi,2026-07-12T15:40:45.760363
TXN_000001981,ACC_000173,MER_00127,325.07,INR,success,card,2026-06-21T22:16:45.760363
TXN_000001982,ACC_000971,MER_00005,606.97,INR,success,card,2026-08-18T19:57:58.760363
TXN_000001983,ACC_000767,MER_00180,189.11,INR,success,wallet,2026-07-28T17:30:06.760363
TXN_000001984,ACC_000115,MER_00138,189.5,INR,success,card,2026-06-19T03:37:54.760363
TXN_000001985,ACC_000419,MER_00057,72.91,INR,success,wallet,2026-07-24T00:40:03.760363
TXN_000001986,ACC_000224,MER_00112,85.44,INR,success,upi,2026-08-21T05:37:18.760363
TXN_000001987,ACC_000736,MER_00042,307.37,INR,success,net_banking,2026-06-06T03:41:56.760363
TXN_000001988,ACC_000844,MER_00198,472.14,INR,success,wallet,2026-06-12T20:15:01.760363
TXN_000001989,ACC_000646,MER_00128,100.19,INR,failed,wallet,2026-05-26T22:10:36.760363
TXN_000001990,ACC_000892,MER_00196,1212.07,INR,success,net_banking,2026-08-18T18:22:27.760363
TXN_000001991,ACC_000190,MER_00087,121.03,INR,success,wallet,2026-06-21T13:35:57.760363
TXN_000001992,ACC_000875,MER_00136,118.56,INR,success,net_banking,2026-06-20T03:13:43.760363
TXN_000001993,ACC_000045,MER_00013,293.78,INR,success,wallet,2026-07-23T14:49:22.760363
TXN_000001994,ACC_000271,MER_00143,734.17,INR,success,net_banking,2026-06-07T07:00:41.760363
TXN_000001995,ACC_000488,MER_00156,2109.97,INR,success,card,2026-06-09T13:59:27.760363
TXN_000001996,ACC_000626,MER_00177,283.81,INR,failed,wallet,2026-07-21T14:33:42.760363
TXN_000001997,ACC_000034,MER_00044,36.72,INR,success,card,2026-08-21T02:12:39.760363
TXN_000001998,ACC_000159,MER_00178,19.82,INR,success,upi,2026-07-30T07:34:24.760363
TXN_000001999,ACC_000720,MER_00099,247.46,INR,success,wallet,2026-06-21T18:52:18.760363
TXN_000002000,ACC_000695,MER_00105,72.33,INR,failed,upi,2026-07-29T15:06:23.760363
TXN_000002001,ACC_000191,MER_00095,198.79,INR,success,wallet,2026-06-18T15:08:47.760363
TXN_000002002,ACC_000622,MER_00078,893.67,INR,success,wallet,2026-07-06T21:30:08.760363
TXN_000002003,ACC_000078,MER_00186,81.97,INR,success,upi,2026-06-27T00:22:01.760363
TXN_000002004,ACC_000854,MER_00155,1013.65,INR,success,wallet,2026-07-22T18:16:34.760363
TXN_000002005,ACC_000400,MER_00170,397.27,INR,success,net_banking,2026-08-16T07:21:58.760363
TXN_000002006,ACC_000829,MER_00186,130.96,INR,success,wallet,2026-08-05T05:10:44.760363
TXN_000002007,ACC_000706,MER_00073,503.19,INR,success,net_banking,2026-08-01T02:59:13.760363
TXN_000002008,ACC_000215,MER_00188,175.8,INR,success,upi,2026-07-08T03:23:18.760363
TXN_000002009,ACC_000071,MER_00138,83.9,INR,success,card,2026-08-01T19:30:46.760363
TXN_000002010,ACC_000312,MER_00022,340.86,INR,failed,card,2026-08-17T17:26:23.760363
TXN_000002011,ACC_000125,MER_00063,262.49,INR,success,upi,2026-06-12T20:46:29.760363
TXN_000002012,ACC_000734,MER_00114,117.1,INR,success,wallet,2026-07-30T21:42:17.760363
TXN_000002013,ACC_000763,MER_00078,266.99,INR,success,net_banking,2026-08-01T04:11:59.760363
TXN_000002014,ACC_000945,MER_00144,329.2,INR,success,net_banking,2026-06-30T09:41:12.760363
TXN_000002015,ACC_000728,MER_00124,200.04,INR,success,wallet,2026-06-19T19:52:03.760363
TXN_000002016,ACC_000077,MER_00067,678.68,INR,success,net_banking,2026-08-11T05:26:06.760363
TXN_000002017,ACC_000153,MER_00146,290.2,INR,success,upi,2026-07-16T18:04:14.760363
TXN_000002018,ACC_000107,MER_00061,566.11,INR,success,net_banking,2026-08-06T15:01:43.760363
TXN_000002019,ACC_000134,MER_00082,109.11,INR,success,net_banking,2026-08-01T05:06:14.760363
TXN_000002020,ACC_000258,MER_00190,1074.82,INR,failed,net_banking,2026-08-12T17:49:14.760363
TXN_000002021,ACC_000369,MER_00012,1079.45,INR,success,wallet,2026-07-08T16:37:32.760363
TXN_000002022,ACC_000072,MER_00089,214.33,INR,success,net_banking,2026-07-22T07:38:30.760363
TXN_000002023,ACC_000436,MER_00166,73.65,INR,success,upi,2026-08-22T22:38:44.760363
TXN_000002024,ACC_000312,MER_00187,30.95,INR,success,wallet,2026-08-05T17:31:08.760363
TXN_000002025,ACC_000963,MER_00188,265.81,INR,success,wallet,2026-06-20T00:06:17.760363
TXN_000002026,ACC_000524,MER_00144,1950.87,INR,success,net_banking,2026-06-14T08:20:54.760363
TXN_000002027,ACC_000690,MER_00007,424.39,INR,success,net_banking,2026-06-22T01:29:02.760363
TXN_000002028,ACC_000366,MER_00198,93.95,INR,success,net_banking,2026-07-07T13:42:06.760363
TXN_000002029,ACC_000600,MER_00188,505.73,INR,success,upi,2026-06-25T18:50:32.760363
TXN_000002030,ACC_000607,MER_00107,343.32,INR,success,upi,2026-07-05T14:57:47.760363
TXN_000002031,ACC_000597,MER_00012,878.0,INR,success,net_banking,2026-05-30T02:43:45.760363
TXN_000002032,ACC_000085,MER_00167,315.22,INR,success,card,2026-07-03T18:58:58.760363
TXN_000002033,ACC_000885,MER_00035,113.7,INR,success,net_banking,2026-07-11T15:58:00.760363
TXN_000002034,ACC_000745,MER_00012,573.41,INR,success,card,2026-05-27T21:14:09.760363
TXN_000002035,ACC_000076,MER_00069,825.13,INR,success,net_banking,2026-06-23T21:36:16.760363
TXN_000002036,ACC_000843,MER_00168,270.27,INR,success,wallet,2026-07-11T02:24:17.760363
TXN_000002037,ACC_000262,MER_00153,2983.92,INR,success,upi,2026-06-14T18:56:31.760363
TXN_000002038,ACC_000267,MER_00143,42.65,INR,success,net_banking,2026-08-07T04:20:25.760363
TXN_000002039,ACC_000433,MER_00069,365.61,INR,success,card,2026-07-26T11:02:12.760363
TXN_000002040,ACC_000837,MER_00122,168.68,INR,success,net_banking,2026-08-05T10:42:14.760363
TXN_000002041,ACC_000401,MER_00186,113.9,INR,success,upi,2026-06-24T22:03:00.760363
TXN_000002042,ACC_000316,MER_00069,144.38,INR,success,net_banking,2026-06-11T18:43:52.760363
TXN_000002043,ACC_000402,MER_00042,1589.27,INR,success,net_banking,2026-07-08T19:02:40.760363
TXN_000002044,ACC_000064,MER_00109,599.22,INR,success,net_banking,2026-08-03T20:24:26.760363
TXN_000002045,ACC_000470,MER_00152,235.3,INR,success,card,2026-07-31T15:15:29.760363
TXN_000002046,ACC_000849,MER_00121,139.41,INR,success,net_banking,2026-08-13T12:33:49.760363
TXN_000002047,ACC_000019,MER_00101,195.27,INR,success,net_banking,2026-06-25T00:12:11.760363
TXN_000002048,ACC_000776,MER_00131,143.04,INR,pending,card,2026-06-28T09:04:25.760363
TXN_000002049,ACC_000118,MER_00094,295.94,INR,success,upi,2026-06-18T07:53:07.760363
TXN_000002050,ACC_000912,MER_00066,133.68,INR,success,card,2026-06-21T09:46:45.760363
TXN_000002051,ACC_000781,MER_00145,1185.37,INR,success,upi,2026-06-14T20:13:43.760363
TXN_000002052,ACC_000632,MER_00098,156.2,INR,success,upi,2026-07-24T18:50:00.760363
TXN_000002053,ACC_000541,MER_00064,83.52,INR,success,upi,2026-07-17T01:33:17.760363
TXN_000002054,ACC_000595,MER_00115,346.89,INR,success,net_banking,2026-07-22T16:27:02.760363
TXN_000002055,ACC_000612,MER_00191,141.03,INR,success,upi,2026-06-04T03:51:31.760363
TXN_000002056,ACC_000950,MER_00166,117.53,INR,success,net_banking,2026-06-11T06:30:42.760363
TXN_000002057,ACC_000908,MER_00018,1421.21,INR,success,upi,2026-08-20T00:16:25.760363
TXN_000002058,ACC_000385,MER_00111,222.5,INR,success,upi,2026-06-12T00:40:16.760363
TXN_000002059,ACC_000854,MER_00172,65.12,INR,success,card,2026-06-07T18:26:22.760363
TXN_000002060,ACC_000504,MER_00057,261.8,INR,success,net_banking,2026-07-26T07:09:54.760363
TXN_000002061,ACC_000527,MER_00194,353.81,INR,success,net_banking,2026-06-22T22:39:30.760363
TXN_000002062,ACC_000721,MER_00011,217.62,INR,success,card,2026-06-14T16:48:04.760363
TXN_000002063,ACC_000750,MER_00087,244.34,INR,success,wallet,2026-06-29T05:45:53.760363
TXN_000002064,ACC_000246,MER_00113,2401.27,INR,success,upi,2026-07-28T16:55:24.760363
TXN_000002065,ACC_000973,MER_00148,52.6,INR,success,net_banking,2026-07-14T22:10:54.760363
TXN_000002066,ACC_000455,MER_00133,946.9,INR,success,upi,2026-06-02T06:17:28.760363
TXN_000002067,ACC_000752,MER_00139,127.7,INR,success,net_banking,2026-06-16T23:41:10.760363
TXN_000002068,ACC_000587,MER_00107,142.08,INR,success,net_banking,2026-06-28T10:33:10.760363
TXN_000002069,ACC_000193,MER_00142,283.03,INR,success,upi,2026-07-21T04:21:16.760363
TXN_000002070,ACC_000938,MER_00046,254.4,INR,success,net_banking,2026-07-30T19:17:42.760363
TXN_000002071,ACC_000105,MER_00121,743.67,INR,failed,net_banking,2026-06-14T07:09:47.760363
TXN_000002072,ACC_000285,MER_00144,42.75,INR,failed,upi,2026-07-14T20:48:49.760363
TXN_000002073,ACC_000712,MER_00076,329.89,INR,success,card,2026-06-09T13:03:02.760363
TXN_000002074,ACC_000481,MER_00032,90.87,INR,success,upi,2026-07-20T23:20:52.760363
TXN_000002075,ACC_000371,MER_00073,940.03,INR,success,upi,2026-08-01T17:46:49.760363
TXN_000002076,ACC_000372,MER_00040,25.45,INR,success,net_banking,2026-06-03T00:41:41.760363
TXN_000002077,ACC_000766,MER_00154,194.08,INR,success,card,2026-07-08T00:06:28.760363
TXN_000002078,ACC_000490,MER_00046,949.48,INR,success,wallet,2026-07-26T04:34:09.760363
TXN_000002079,ACC_000941,MER_00043,541.68,INR,success,card,2026-08-24T13:39:47.760363
TXN_000002080,ACC_000055,MER_00189,83.5,INR,success,net_banking,2026-07-01T21:22:50.760363
TXN_000002081,ACC_000765,MER_00121,303.29,INR,success,net_banking,2026-08-09T10:20:14.760363
TXN_000002082,ACC_000526,MER_00172,81.12,INR,success,card,2026-06-27T22:19:40.760363
TXN_000002083,ACC_000089,MER_00160,1564.07,INR,success,card,2026-07-16T23:58:27.760363
TXN_000002084,ACC_000419,MER_00026,31.91,INR,success,net_banking,2026-08-05T09:56:29.760363
TXN_000002085,ACC_000285,MER_00072,1194.39,INR,success,net_banking,2026-08-04T05:03:44.760363
TXN_000002086,ACC_000309,MER_00042,52.2,INR,success,wallet,2026-07-11T22:48:08.760363
TXN_000002087,ACC_000755,MER_00124,322.59,INR,success,wallet,2026-06-01T15:23:52.760363
TXN_000002088,ACC_000352,MER_00176,160.34,INR,success,wallet,2026-07-11T21:15:05.760363
TXN_000002089,ACC_000677,MER_00164,55.17,INR,success,wallet,2026-06-21T03:35:07.760363
TXN_000002090,ACC_000871,MER_00180,309.54,INR,success,wallet,2026-08-02T10:09:45.760363
TXN_000002091,ACC_000290,MER_00094,458.86,INR,success,upi,2026-07-15T21:35:16.760363
TXN_000002092,ACC_000399,MER_00061,129.76,INR,success,upi,2026-07-17T01:09:17.760363
TXN_000002093,ACC_000119,MER_00136,116.35,INR,success,net_banking,2026-07-22T09:55:12.760363
TXN_000002094,ACC_000637,MER_00115,32.11,INR,success,net_banking,2026-06-02T20:02:45.760363
TXN_000002095,ACC_000946,MER_00069,591.89,INR,success,upi,2026-08-01T08:22:10.760363
TXN_000002096,ACC_000338,MER_00037,70.72,INR,success,upi,2026-08-05T22:41:56.760363
TXN_000002097,ACC_000334,MER_00068,324.98,INR,success,card,2026-07-28T10:59:40.760363
TXN_000002098,ACC_000122,MER_00048,50.19,INR,success,card,2026-07-18T13:26:27.760363
TXN_000002099,ACC_000392,MER_00029,301.35,INR,success,card,2026-07-08T01:38:00.760363
TXN_000002100,ACC_000006,MER_00026,793.23,INR,success,wallet,2026-07-19T00:06:14.760363
TXN_000002101,ACC_000808,MER_00152,86.24,INR,success,wallet,2026-07-11T09:39:01.760363
TXN_000002102,ACC_000640,MER_00064,334.65,INR,success,net_banking,2026-06-28T06:07:41.760363
TXN_000002103,ACC_000255,MER_00171,272.35,INR,success,net_banking,2026-07-21T14:20:36.760363
TXN_000002104,ACC_000015,MER_00145,278.02,INR,success,upi,2026-05-28T18:38:53.760363
TXN_000002105,ACC_000313,MER_00127,218.39,INR,success,net_banking,2026-06-05T14:13:21.760363
TXN_000002106,ACC_000409,MER_00176,55.68,INR,success,net_banking,2026-06-25T13:39:10.760363
TXN_000002107,ACC_000712,MER_00044,258.57,INR,success,wallet,2026-07-04T12:58:51.760363
TXN_000002108,ACC_000751,MER_00158,99.04,INR,success,upi,2026-06-27T01:26:52.760363
TXN_000002109,ACC_000371,MER_00049,181.85,INR,success,wallet,2026-08-18T10:17:13.760363
TXN_000002110,ACC_000815,MER_00121,118.66,INR,success,card,2026-06-06T12:45:28.760363
TXN_000002111,ACC_000203,MER_00031,91.51,INR,success,card,2026-06-25T20:03:08.760363
TXN_000002112,ACC_000850,MER_00125,34.23,INR,success,net_banking,2026-07-26T15:23:25.760363
TXN_000002113,ACC_000714,MER_00001,234.47,INR,success,upi,2026-05-31T05:45:05.760363
TXN_000002114,ACC_000096,MER_00139,81.22,INR,success,upi,2026-07-09T05:01:28.760363
TXN_000002115,ACC_000021,MER_00081,372.76,INR,pending,card,2026-08-05T07:33:11.760363
TXN_000002116,ACC_000642,MER_00185,493.85,INR,success,net_banking,2026-05-27T13:52:27.760363
TXN_000002117,ACC_000614,MER_00147,103.75,INR,success,wallet,2026-08-08T17:43:08.760363
TXN_000002118,ACC_000866,MER_00054,728.21,INR,success,upi,2026-06-20T16:07:11.760363
TXN_000002119,ACC_000538,MER_00113,90.5,INR,success,wallet,2026-08-07T20:43:59.760363
TXN_000002120,ACC_000300,MER_00018,156.26,INR,success,net_banking,2026-07-04T11:22:23.760363
TXN_000002121,ACC_000331,MER_00022,207.35,INR,success,card,2026-08-03T16:54:11.760363
TXN_000002122,ACC_000745,MER_00174,154.54,INR,success,wallet,2026-06-26T10:03:54.760363
TXN_000002123,ACC_000911,MER_00001,67.13,INR,success,wallet,2026-08-05T16:02:31.760363
TXN_000002124,ACC_000258,MER_00186,232.06,INR,success,wallet,2026-06-08T23:57:55.760363
TXN_000002125,ACC_000826,MER_00124,368.9,INR,success,upi,2026-06-20T21:33:40.760363
TXN_000002126,ACC_000057,MER_00103,365.32,INR,success,net_banking,2026-08-20T01:25:36.760363
TXN_000002127,ACC_000326,MER_00040,64.92,INR,success,card,2026-06-07T07:02:14.760363
TXN_000002128,ACC_000549,MER_00029,112.03,INR,success,net_banking,2026-06-25T21:30:01.760363
TXN_000002129,ACC_000487,MER_00105,1386.36,INR,success,wallet,2026-08-15T16:36:42.760363
TXN_000002130,ACC_000905,MER_00117,239.64,INR,success,wallet,2026-06-24T11:12:37.760363
TXN_000002131,ACC_000361,MER_00106,242.5,INR,success,net_banking,2026-06-19T04:48:51.760363
TXN_000002132,ACC_000239,MER_00022,2006.15,INR,success,upi,2026-07-26T14:06:48.760363
TXN_000002133,ACC_000273,MER_00110,692.19,INR,success,wallet,2026-08-15T15:36:39.760363
TXN_000002134,ACC_000036,MER_00083,26.82,INR,success,wallet,2026-07-07T10:15:27.760363
TXN_000002135,ACC_000803,MER_00022,275.83,INR,success,wallet,2026-07-02T16:57:55.760363
TXN_000002136,ACC_000825,MER_00023,180.62,INR,success,card,2026-08-14T22:33:05.760363
TXN_000002137,ACC_000131,MER_00056,80.74,INR,success,card,2026-07-16T19:59:47.760363
TXN_000002138,ACC_000672,MER_00037,46.8,INR,success,wallet,2026-07-21T20:38:59.760363
TXN_000002139,ACC_000101,MER_00008,777.71,INR,success,upi,2026-06-08T03:43:38.760363
TXN_000002140,ACC_000419,MER_00039,47.1,INR,success,net_banking,2026-07-07T07:43:12.760363
TXN_000002141,ACC_000277,MER_00049,481.2,INR,failed,card,2026-08-01T19:03:24.760363
TXN_000002142,ACC_000067,MER_00144,1016.52,INR,success,wallet,2026-06-08T02:06:59.760363
TXN_000002143,ACC_000813,MER_00118,223.15,INR,success,net_banking,2026-08-13T20:45:09.760363
TXN_000002144,ACC_000521,MER_00087,72.5,INR,success,upi,2026-05-30T21:33:03.760363
TXN_000002145,ACC_000463,MER_00130,329.76,INR,success,wallet,2026-07-25T03:42:28.760363
TXN_000002146,ACC_000014,MER_00143,3175.55,INR,success,card,2026-07-15T00:19:34.760363
TXN_000002147,ACC_000456,MER_00194,1400.09,INR,success,card,2026-07-04T04:57:07.760363
TXN_000002148,ACC_000715,MER_00039,336.74,INR,success,wallet,2026-08-11T18:55:23.760363
TXN_000002149,ACC_000142,MER_00083,125.96,INR,success,wallet,2026-06-03T13:33:05.760363
TXN_000002150,ACC_000604,MER_00136,102.98,INR,success,net_banking,2026-08-04T06:17:30.760363
TXN_000002151,ACC_000418,MER_00009,571.24,INR,success,net_banking,2026-08-01T19:47:35.760363
TXN_000002152,ACC_000235,MER_00056,34.59,INR,success,card,2026-06-20T01:15:32.760363
TXN_000002153,ACC_000762,MER_00150,573.44,INR,success,upi,2026-07-21T09:03:17.760363
TXN_000002154,ACC_000588,MER_00190,45.06,INR,success,wallet,2026-06-21T22:34:57.760363
TXN_000002155,ACC_000071,MER_00176,98.19,INR,success,card,2026-06-27T01:36:03.760363
TXN_000002156,ACC_000614,MER_00053,1783.58,INR,success,upi,2026-07-12T11:48:02.760363
TXN_000002157,ACC_000324,MER_00006,119.53,INR,success,wallet,2026-08-05T18:27:50.760363
TXN_000002158,ACC_000798,MER_00115,159.13,INR,success,upi,2026-07-10T08:06:45.760363
TXN_000002159,ACC_000606,MER_00193,264.24,INR,success,card,2026-06-30T01:19:42.760363
TXN_000002160,ACC_000249,MER_00105,73.21,INR,success,wallet,2026-07-18T22:44:33.760363
TXN_000002161,ACC_000454,MER_00063,383.98,INR,success,upi,2026-08-20T21:12:50.760363
TXN_000002162,ACC_000534,MER_00031,789.32,INR,success,upi,2026-08-04T07:17:20.760363
TXN_000002163,ACC_000792,MER_00121,166.11,INR,success,upi,2026-06-08T20:19:10.760363
TXN_000002164,ACC_000433,MER_00096,926.18,INR,success,wallet,2026-08-01T09:03:10.760363
TXN_000002165,ACC_000493,MER_00082,117.53,INR,success,net_banking,2026-08-06T21:38:21.760363
TXN_000002166,ACC_000041,MER_00171,116.19,INR,success,net_banking,2026-06-18T02:55:01.760363
TXN_000002167,ACC_000836,MER_00050,141.51,INR,success,net_banking,2026-07-02T02:06:42.760363
TXN_000002168,ACC_000910,MER_00063,718.15,INR,success,upi,2026-08-19T21:59:53.760363
TXN_000002169,ACC_000180,MER_00136,162.8,INR,success,net_banking,2026-07-26T08:21:19.760363
TXN_000002170,ACC_000578,MER_00056,103.62,INR,success,net_banking,2026-08-22T01:00:31.760363
TXN_000002171,ACC_000669,MER_00128,304.66,INR,failed,net_banking,2026-08-04T17:02:41.760363
TXN_000002172,ACC_000997,MER_00140,838.26,INR,success,card,2026-07-31T05:33:01.760363
TXN_000002173,ACC_000236,MER_00016,21.67,INR,success,upi,2026-08-14T00:02:46.760363
TXN_000002174,ACC_000723,MER_00027,391.98,INR,success,net_banking,2026-06-30T18:42:55.760363
TXN_000002175,ACC_000041,MER_00188,789.85,INR,success,net_banking,2026-08-09T13:36:20.760363
TXN_000002176,ACC_000951,MER_00014,244.34,INR,success,card,2026-06-12T09:52:48.760363
TXN_000002177,ACC_000412,MER_00101,152.62,INR,failed,wallet,2026-07-05T11:52:14.760363
TXN_000002178,ACC_000683,MER_00052,794.9,INR,success,net_banking,2026-08-15T23:19:32.760363
TXN_000002179,ACC_000957,MER_00076,383.59,INR,success,upi,2026-08-08T15:14:21.760363
TXN_000002180,ACC_000227,MER_00059,367.79,INR,success,upi,2026-08-22T16:07:34.760363
TXN_000002181,ACC_000660,MER_00170,116.25,INR,failed,card,2026-07-30T16:20:09.760363
TXN_000002182,ACC_000141,MER_00018,545.56,INR,success,upi,2026-07-04T21:41:43.760363
TXN_000002183,ACC_000545,MER_00001,279.62,INR,success,card,2026-07-31T16:45:23.760363
TXN_000002184,ACC_000073,MER_00123,269.52,INR,success,card,2026-08-22T12:21:27.760363
TXN_000002185,ACC_000946,MER_00192,297.71,INR,success,card,2026-07-16T06:54:48.760363
TXN_000002186,ACC_000093,MER_00047,230.92,INR,success,wallet,2026-08-05T05:12:58.760363
TXN_000002187,ACC_000167,MER_00075,615.3,INR,success,wallet,2026-06-03T05:48:39.760363
TXN_000002188,ACC_000819,MER_00102,1418.77,INR,success,card,2026-08-05T17:04:19.760363
TXN_000002189,ACC_000194,MER_00032,452.66,INR,success,net_banking,2026-08-22T12:43:52.760363
TXN_000002190,ACC_000293,MER_00119,180.92,INR,success,net_banking,2026-07-27T03:48:26.760363
TXN_000002191,ACC_000012,MER_00200,396.1,INR,success,upi,2026-07-12T18:50:00.760363
TXN_000002192,ACC_000346,MER_00143,1170.82,INR,success,card,2026-06-20T12:35:34.760363
TXN_000002193,ACC_000808,MER_00050,391.0,INR,success,wallet,2026-08-14T04:36:57.760363
TXN_000002194,ACC_000987,MER_00078,99.59,INR,success,card,2026-06-15T02:04:56.760363
TXN_000002195,ACC_000690,MER_00164,2378.09,INR,success,net_banking,2026-05-30T12:43:43.760363
TXN_000002196,ACC_000403,MER_00048,74.61,INR,success,wallet,2026-08-14T15:31:46.760363
TXN_000002197,ACC_000108,MER_00115,78.32,INR,success,wallet,2026-07-25T15:28:24.760363
TXN_000002198,ACC_000659,MER_00084,175.56,INR,success,wallet,2026-07-15T01:07:10.760363
TXN_000002199,ACC_000020,MER_00124,92.08,INR,success,card,2026-06-14T15:56:53.760363
TXN_000002200,ACC_000134,MER_00121,869.75,INR,success,upi,2026-07-20T07:00:20.760363
TXN_000002201,ACC_000631,MER_00082,541.28,INR,success,wallet,2026-06-25T09:14:39.760363
TXN_000002202,ACC_000870,MER_00088,130.12,INR,success,net_banking,2026-08-13T22:58:23.760363
TXN_000002203,ACC_000134,MER_00083,288.04,INR,success,wallet,2026-06-24T17:16:57.760363
TXN_000002204,ACC_000174,MER_00049,317.96,INR,success,upi,2026-06-10T09:05:07.760363
TXN_000002205,ACC_000439,MER_00017,388.42,INR,failed,card,2026-06-27T10:26:32.760363
TXN_000002206,ACC_000299,MER_00163,1773.41,INR,success,upi,2026-07-08T05:01:57.760363
TXN_000002207,ACC_000760,MER_00094,590.0,INR,failed,card,2026-07-11T13:32:07.760363
TXN_000002208,ACC_INVALID,MER_00119,209.8,INR,success,net_banking,2026-07-31T04:08:47.760363
TXN_000002209,ACC_000858,MER_00166,319.83,INR,success,net_banking,2026-06-22T05:05:34.760363
TXN_000002210,ACC_000687,MER_00035,908.1,INR,success,wallet,2026-07-23T07:59:15.760363
TXN_000002211,ACC_000255,MER_00187,350.18,INR,success,card,2026-05-29T03:53:21.760363
TXN_000002212,ACC_000884,MER_00011,575.98,INR,success,card,2026-07-25T08:51:17.760363
TXN_000002213,ACC_000778,MER_00036,158.0,INR,success,card,2026-06-07T01:54:02.760363
TXN_000002214,ACC_000534,MER_00153,42.88,INR,success,upi,2026-06-17T17:40:49.760363
TXN_000002215,ACC_000883,MER_00039,516.56,INR,success,wallet,2026-07-08T20:36:01.760363
TXN_000002216,ACC_000362,MER_00180,278.48,INR,success,wallet,2026-08-21T15:17:01.760363
TXN_000002217,ACC_000526,MER_00109,146.64,INR,success,wallet,2026-07-26T23:31:25.760363
TXN_000002218,ACC_000434,MER_00048,36.82,INR,success,net_banking,2026-07-04T08:09:17.760363
TXN_000002219,ACC_000901,MER_00147,692.4,INR,success,card,2026-08-19T05:04:21.760363
TXN_000002220,ACC_000541,MER_00031,646.49,INR,success,net_banking,2026-07-06T21:26:21.760363
TXN_000002221,ACC_000785,MER_00026,213.84,INR,success,card,2026-06-28T16:23:30.760363
TXN_000002222,ACC_000505,MER_00005,232.2,INR,success,card,2026-06-14T14:49:26.760363
TXN_000002223,ACC_000092,MER_00154,152.08,INR,success,upi,2026-06-27T09:34:23.760363
TXN_000002224,ACC_000524,MER_00116,1394.73,INR,success,upi,2026-08-02T16:55:38.760363
TXN_000002225,ACC_000905,MER_00132,40.58,INR,success,card,2026-07-15T08:58:04.760363
TXN_000002226,ACC_000462,MER_00139,23.17,INR,success,upi,2026-07-14T09:48:17.760363
TXN_000002227,ACC_000583,MER_00111,75.47,INR,success,card,2026-06-14T12:37:21.760363
TXN_000002228,ACC_000137,MER_00126,59.4,INR,success,upi,2026-07-23T05:19:06.760363
TXN_000002229,ACC_000944,MER_00055,311.03,INR,success,card,2026-07-25T11:14:35.760363
TXN_000002230,ACC_000261,MER_00133,198.17,INR,success,card,2026-08-04T07:59:44.760363
TXN_000002231,ACC_000500,MER_00139,101.04,INR,success,card,2026-08-06T07:06:24.760363
TXN_000002232,ACC_000285,MER_00192,90.86,INR,success,net_banking,2026-06-26T10:06:05.760363
TXN_000002233,ACC_000742,MER_00192,228.81,INR,success,net_banking,2026-08-12T09:34:06.760363
TXN_000002234,ACC_000954,MER_00055,568.06,INR,success,net_banking,2026-07-09T19:40:13.760363
TXN_000002235,ACC_000073,MER_00041,-500.00,INR,success,wallet,2026-08-11T23:32:24.760363
TXN_000002236,ACC_000461,MER_00191,85.83,INR,success,upi,2026-08-08T17:21:36.760363
TXN_000002237,ACC_000799,MER_00141,201.81,INR,success,net_banking,2026-08-07T04:57:50.760363
TXN_000002238,ACC_000994,MER_00064,477.26,INR,success,card,2026-07-31T10:10:05.760363
TXN_000002239,ACC_000947,MER_00094,1020.53,INR,failed,card,2026-08-20T09:28:59.760363
TXN_000002240,ACC_000805,MER_00123,327.11,INR,success,upi,2026-08-16T07:02:35.760363
TXN_000002241,ACC_000778,MER_00159,463.28,INR,success,card,2026-08-19T13:47:02.760363
TXN_000002242,ACC_000467,MER_00011,385.38,INR,success,card,2026-06-23T12:02:01.760363
TXN_000002243,ACC_000744,MER_00169,57.2,INR,success,net_banking,2026-07-26T10:39:21.760363
TXN_000002244,ACC_000892,MER_00064,248.11,INR,success,net_banking,2026-07-13T12:27:51.760363
TXN_000002245,ACC_000632,MER_00002,518.4,INR,success,net_banking,2026-07-06T02:48:04.760363
TXN_000002246,ACC_000129,MER_00162,98.12,INR,success,card,2026-06-20T18:08:16.760363
TXN_000002247,ACC_000475,MER_00174,2892.37,INR,success,wallet,2026-06-14T02:19:44.760363
TXN_000002248,ACC_000742,MER_00169,103.71,INR,success,card,2026-06-16T04:24:16.760363
TXN_000002249,ACC_000870,MER_00163,249.82,INR,success,upi,2026-06-29T13:48:07.760363
TXN_000002250,ACC_000768,MER_00173,49.68,INR,success,card,2026-05-28T04:22:27.760363
TXN_000002251,ACC_000049,MER_00077,26.45,INR,success,wallet,2026-06-18T15:12:38.760363
TXN_000002252,ACC_000472,MER_00013,104.87,INR,success,card,2026-06-09T04:32:00.760363
TXN_000002253,ACC_000805,MER_00078,102.65,INR,success,net_banking,2026-08-08T14:20:30.760363
TXN_000002254,ACC_000495,MER_00196,1739.56,INR,success,wallet,2026-05-29T22:00:10.760363
TXN_000002255,ACC_000044,MER_00130,228.67,INR,success,net_banking,2026-07-06T20:15:07.760363
TXN_000002256,ACC_000070,MER_00019,424.71,INR,success,card,2026-05-27T15:16:32.760363
TXN_000002257,ACC_000510,MER_00030,80.33,INR,failed,net_banking,2026-08-02T09:00:14.760363
TXN_000002258,ACC_000041,MER_00159,116.91,INR,success,net_banking,2026-07-06T03:24:17.760363
TXN_000002259,ACC_000305,MER_00142,12.6,INR,success,wallet,2026-06-14T20:39:43.760363
TXN_000002260,ACC_000779,MER_00171,530.46,INR,success,net_banking,2026-08-13T12:37:29.760363
TXN_000002261,ACC_000363,MER_00141,909.38,INR,success,wallet,2026-07-23T16:59:19.760363
TXN_000002262,ACC_000094,MER_00027,619.45,INR,pending,card,2026-06-23T05:50:53.760363
TXN_000002263,ACC_000663,MER_00177,1530.74,INR,success,upi,2026-08-24T12:53:24.760363
TXN_000002264,ACC_000151,MER_00079,179.49,INR,success,net_banking,2026-08-15T17:24:23.760363
TXN_000002265,ACC_000398,MER_00126,31.36,INR,pending,card,2026-08-14T22:41:20.760363
TXN_000002266,ACC_000600,MER_00135,432.4,INR,success,wallet,2026-08-20T12:03:18.760363
TXN_000002267,ACC_000711,MER_00039,1455.13,INR,success,upi,2026-07-03T23:04:06.760363
TXN_000002268,ACC_000992,MER_00010,78.43,INR,success,net_banking,2026-06-03T12:03:35.760363
TXN_000002269,ACC_000416,MER_00092,318.33,INR,success,net_banking,2026-08-10T18:16:47.760363
TXN_000002270,ACC_000067,MER_00018,65.17,INR,success,card,2026-06-05T01:33:01.760363
TXN_000002271,ACC_000654,MER_00144,378.46,INR,success,wallet,2026-07-16T07:41:15.760363
TXN_000002272,ACC_000265,MER_00121,343.9,INR,success,wallet,2026-08-13T15:43:39.760363
TXN_000002273,ACC_000253,MER_00003,492.77,INR,success,wallet,2026-06-26T06:32:24.760363
TXN_000002274,ACC_000046,MER_00129,141.52,INR,success,net_banking,2026-06-15T16:32:41.760363
TXN_000002275,ACC_000544,MER_00130,767.03,INR,success,wallet,2026-07-20T00:42:45.760363
TXN_000002276,ACC_000497,MER_00004,58.31,INR,success,upi,2026-06-15T14:50:42.760363
TXN_000002277,ACC_000607,MER_00034,84.9,INR,success,net_banking,2026-06-29T11:41:31.760363
TXN_000002278,ACC_000940,MER_00055,607.77,INR,success,wallet,2026-06-13T06:39:33.760363
TXN_000002279,ACC_000985,MER_00133,218.29,INR,success,wallet,2026-08-04T11:29:14.760363
TXN_000002280,ACC_000818,MER_00186,133.56,INR,failed,net_banking,2026-06-10T16:03:11.760363
TXN_000002281,ACC_000674,MER_00171,376.81,INR,success,upi,2026-08-19T23:46:00.760363
TXN_000002282,ACC_000316,MER_00081,147.31,INR,success,wallet,2026-07-13T01:54:40.760363
TXN_000002283,ACC_000785,MER_00194,340.44,INR,success,net_banking,2026-06-15T12:14:40.760363
TXN_000002284,ACC_000597,MER_00154,255.94,INR,success,card,2026-06-16T01:27:56.760363
TXN_000002285,ACC_000842,MER_00113,91.55,INR,success,wallet,2026-07-25T06:16:20.760363
TXN_000002286,ACC_000932,MER_00175,53.51,INR,success,net_banking,2026-06-06T13:50:30.760363
TXN_000002287,ACC_000309,MER_00065,402.47,INR,success,wallet,2026-07-20T18:52:14.760363
TXN_000002288,ACC_000902,MER_00130,117.62,INR,success,net_banking,2026-08-13T02:11:27.760363
TXN_000002289,ACC_000628,MER_00093,2044.98,INR,success,wallet,2026-06-29T12:00:32.760363
TXN_000002290,ACC_000282,MER_00049,374.1,INR,success,card,2026-07-29T01:31:02.760363
TXN_000002291,ACC_000215,MER_00141,394.1,INR,success,upi,2026-07-22T17:33:50.760363
TXN_000002292,ACC_000181,MER_00042,70.24,INR,success,card,2026-07-14T11:41:56.760363
TXN_000002293,ACC_000471,MER_00194,121.03,INR,success,wallet,2026-07-16T00:17:18.760363
TXN_000002294,ACC_000176,MER_00104,190.87,INR,success,wallet,2026-07-01T00:26:54.760363
TXN_000002295,ACC_000172,MER_00003,102.0,INR,success,card,2026-06-19T13:51:39.760363
TXN_000002296,ACC_000207,MER_00177,630.35,INR,failed,wallet,2026-06-24T06:13:47.760363
TXN_000002297,ACC_000064,MER_00088,621.56,INR,success,card,2026-06-01T21:15:53.760363
TXN_000002298,ACC_000286,MER_00078,623.21,INR,success,net_banking,2026-07-14T14:30:44.760363
TXN_000002299,ACC_000656,MER_00173,258.69,INR,success,upi,2026-07-09T06:50:48.760363
TXN_000002300,ACC_000027,MER_00081,236.32,INR,success,card,2026-07-18T07:28:19.760363
TXN_000002301,ACC_000857,MER_00159,54.41,INR,success,wallet,2026-07-16T08:02:49.760363
TXN_000002302,ACC_000407,MER_00005,724.68,INR,success,wallet,2026-08-18T00:55:34.760363
TXN_000002303,ACC_000687,MER_00155,711.0,INR,success,upi,2026-08-17T16:53:38.760363
TXN_000002304,ACC_000771,MER_00034,1632.97,INR,success,wallet,2026-07-12T21:49:35.760363
TXN_000002305,ACC_000982,MER_00058,819.75,INR,success,upi,2026-08-12T20:26:10.760363
TXN_000002306,ACC_000228,MER_00166,103.14,INR,success,card,2026-05-30T02:29:44.760363
TXN_000002307,ACC_000760,MER_00073,82.58,INR,success,net_banking,2026-07-23T17:45:09.760363
TXN_000002308,ACC_000674,MER_00135,135.8,INR,success,net_banking,2026-07-06T22:14:50.760363
TXN_000002309,ACC_000855,MER_00106,142.35,INR,success,upi,2026-06-30T11:58:57.760363
TXN_000002310,ACC_000188,MER_00189,60.62,INR,success,net_banking,2026-07-19T04:02:35.760363
TXN_000002311,ACC_000250,MER_00097,178.52,INR,success,net_banking,2026-07-10T23:57:34.760363
TXN_000002312,ACC_000709,MER_00048,719.63,INR,success,card,2026-06-03T17:15:19.760363
TXN_000002313,ACC_000433,MER_00156,293.49,INR,success,net_banking,2026-06-27T17:14:19.760363
TXN_000002314,ACC_000577,MER_00055,200.0,INR,success,card,2026-08-07T06:41:11.760363
TXN_000002315,ACC_000371,MER_00066,782.09,INR,success,wallet,2026-07-22T03:48:48.760363
TXN_000002316,ACC_000447,MER_00171,730.18,INR,success,upi,2026-07-31T07:53:43.760363
TXN_000002317,ACC_000251,MER_00097,146.33,INR,success,net_banking,2026-06-17T01:22:15.760363
TXN_000002318,ACC_000969,MER_00019,832.35,INR,success,upi,2026-08-16T02:33:51.760363
TXN_000002319,ACC_000720,MER_00137,139.45,INR,success,wallet,2026-06-28T21:50:49.760363
TXN_000002320,ACC_000881,MER_00173,485.32,INR,success,net_banking,2026-06-03T03:51:18.760363
TXN_000002321,ACC_000801,MER_00193,120.32,INR,success,wallet,2026-06-27T07:16:53.760363
TXN_000002322,ACC_000981,MER_00174,414.31,INR,success,net_banking,2026-08-02T20:48:36.760363
TXN_000002323,ACC_000985,MER_00097,919.23,INR,success,card,2026-06-27T13:18:40.760363
TXN_000002324,ACC_000283,MER_00003,802.79,INR,success,net_banking,2026-07-04T22:18:37.760363
TXN_000002325,ACC_000410,MER_00047,532.08,INR,success,wallet,2026-07-05T16:06:59.760363
TXN_000002326,ACC_000473,MER_00190,52.75,INR,success,net_banking,2026-08-10T01:57:41.760363
TXN_000002327,ACC_000829,MER_00114,573.84,INR,success,wallet,2026-06-04T02:55:16.760363
TXN_000002328,ACC_000380,MER_00152,193.67,INR,success,net_banking,2026-08-03T22:10:02.760363
TXN_000002329,ACC_000124,MER_00120,131.53,INR,success,upi,2026-07-07T09:50:55.760363
TXN_000002330,ACC_000882,MER_00141,1914.99,INR,success,card,2026-06-04T03:14:40.760363
TXN_000002331,ACC_000589,MER_00007,421.53,INR,success,upi,2026-08-17T14:35:22.760363
TXN_000002332,ACC_000627,MER_00153,897.36,INR,success,net_banking,2026-07-30T00:12:04.760363
TXN_000002333,ACC_000346,MER_00044,191.23,INR,success,upi,2026-08-24T17:37:20.760363
TXN_000002334,ACC_000005,MER_00035,172.41,INR,success,upi,2026-07-14T23:39:43.760363
TXN_000002335,ACC_000281,MER_00159,210.13,INR,success,wallet,2026-06-14T03:35:09.760363
TXN_000002336,ACC_000544,MER_00092,151.79,INR,success,upi,2026-07-13T18:03:03.760363
TXN_000002337,ACC_000947,MER_00052,141.2,INR,success,wallet,2026-08-23T14:11:44.760363
TXN_000002338,ACC_000061,MER_00148,74.63,INR,success,wallet,2026-08-12T16:58:51.760363
TXN_000002339,ACC_000137,MER_00035,268.8,INR,success,wallet,2026-06-21T05:56:11.760363
TXN_000002340,ACC_000865,MER_00151,1520.09,INR,success,net_banking,2026-06-14T05:03:10.760363
TXN_000002341,ACC_000491,MER_00194,325.4,INR,success,wallet,2026-07-18T11:00:25.760363
TXN_000002342,ACC_000196,MER_00005,385.2,INR,success,wallet,2026-08-08T10:29:33.760363
TXN_000002343,ACC_000830,MER_00162,293.68,INR,success,card,2026-06-06T18:46:07.760363
TXN_000002344,ACC_000697,MER_00131,538.41,INR,success,card,2026-07-10T17:19:31.760363
TXN_000002345,ACC_000844,MER_00010,187.0,INR,success,upi,2026-06-21T01:47:31.760363
TXN_000002346,ACC_000604,MER_00040,3389.41,INR,success,wallet,2026-07-12T15:27:41.760363
TXN_000002347,ACC_000974,MER_00109,20.19,INR,success,upi,2026-07-15T13:13:51.760363
TXN_000002348,ACC_000267,MER_00033,555.18,INR,failed,wallet,2026-07-21T22:32:17.760363
TXN_000002349,ACC_000941,MER_00035,426.07,INR,success,upi,2026-06-24T16:24:00.760363
TXN_000002350,ACC_000527,MER_00163,48.88,INR,success,upi,2026-06-02T19:41:21.760363
TXN_000002351,ACC_000212,MER_00116,344.37,INR,success,wallet,2026-06-09T10:39:50.760363
TXN_000002352,ACC_000220,MER_00096,643.98,INR,success,upi,2026-06-16T22:33:26.760363
TXN_000002353,ACC_000703,MER_00023,98.14,INR,success,upi,2026-08-05T00:08:01.760363
TXN_000002354,ACC_000172,MER_00134,147.41,INR,success,wallet,2026-06-30T05:05:33.760363
TXN_000002355,ACC_000064,MER_00087,725.86,INR,success,wallet,2026-05-31T22:00:36.760363
TXN_000002356,ACC_000957,MER_00044,197.92,INR,success,net_banking,2026-08-21T06:57:56.760363
TXN_000002357,ACC_000180,MER_00128,551.45,INR,success,net_banking,2026-05-27T20:28:03.760363
TXN_000002358,ACC_000728,MER_00109,51.29,INR,success,card,2026-07-17T18:44:25.760363
TXN_000002359,ACC_000548,MER_00181,70.0,INR,success,upi,2026-08-15T16:03:14.760363
TXN_000002360,ACC_000780,MER_00137,1249.22,INR,success,net_banking,2026-07-14T22:59:31.760363
TXN_000002361,ACC_000927,MER_00049,289.32,INR,success,wallet,2026-06-19T12:39:09.760363
TXN_000002362,ACC_000977,MER_00057,138.06,INR,success,wallet,2026-07-16T20:41:39.760363
TXN_000002363,ACC_000126,MER_00114,455.78,INR,success,card,2026-06-16T22:53:19.760363
TXN_000002364,ACC_000590,MER_00014,18.23,INR,success,upi,2026-08-12T08:14:39.760363
TXN_000002365,ACC_000212,MER_00166,201.45,INR,success,card,2026-06-13T13:40:22.760363
TXN_000002366,ACC_000222,MER_00130,1111.72,INR,success,net_banking,2026-06-30T19:45:55.760363
TXN_000002367,ACC_000902,MER_00023,160.92,INR,success,upi,2026-07-14T07:35:34.760363
TXN_000002368,ACC_000957,MER_00081,1144.7,INR,success,wallet,2026-07-06T10:34:11.760363
TXN_000002369,ACC_000988,MER_00142,946.6,INR,success,upi,2026-06-25T00:33:30.760363
TXN_000002370,ACC_000671,MER_00132,1553.52,INR,success,upi,2026-05-30T01:38:20.760363
TXN_000002371,ACC_000154,MER_00141,192.7,INR,success,wallet,2026-08-16T21:29:24.760363
TXN_000002372,ACC_000112,MER_00154,289.03,INR,success,wallet,2026-08-02T05:37:21.760363
TXN_000002373,ACC_000663,MER_00078,278.2,INR,success,upi,2026-06-12T02:07:38.760363
TXN_000002374,ACC_000440,MER_00139,241.34,INR,success,net_banking,2026-06-17T15:15:49.760363
TXN_000002375,ACC_000673,MER_00164,326.8,INR,success,net_banking,2026-07-11T05:53:45.760363
TXN_000002376,ACC_000862,MER_00108,806.83,INR,success,upi,2026-06-08T06:51:39.760363
TXN_000002377,ACC_000785,MER_00031,331.39,INR,success,card,2026-07-03T02:23:07.760363
TXN_000002378,ACC_000924,MER_00199,157.23,INR,failed,net_banking,2026-05-30T10:32:22.760363
TXN_000002379,ACC_000029,MER_00061,175.24,INR,success,wallet,2026-07-10T18:48:07.760363
TXN_000002380,ACC_000930,MER_00106,144.88,INR,success,upi,2026-07-11T01:14:51.760363
TXN_000002381,ACC_000696,MER_00162,139.44,INR,success,net_banking,2026-08-15T07:14:30.760363
TXN_000002382,ACC_000852,MER_00070,142.19,INR,success,upi,2026-07-02T20:36:46.760363
TXN_000002383,ACC_000045,MER_00110,499.69,INR,success,wallet,2026-08-17T09:41:55.760363
TXN_000002384,ACC_000532,MER_00029,560.57,INR,success,upi,2026-07-04T12:02:48.760363
TXN_000002385,ACC_000165,MER_00104,338.85,INR,success,upi,2026-08-11T11:03:04.760363
TXN_000002386,ACC_000677,MER_00137,781.4,INR,success,card,2026-08-16T23:59:42.760363
TXN_000002387,ACC_000368,MER_00029,245.0,INR,success,wallet,2026-07-27T18:23:56.760363
TXN_000002388,ACC_000458,MER_00019,68.97,INR,success,card,2026-08-12T14:45:22.760363
TXN_000002389,ACC_000139,MER_00093,277.11,INR,success,card,2026-06-04T11:07:41.760363
TXN_000002390,ACC_000779,MER_00158,438.43,INR,success,wallet,2026-07-02T04:27:41.760363
TXN_000002391,ACC_000835,MER_00024,86.46,INR,success,card,2026-06-02T23:46:12.760363
TXN_000002392,ACC_000714,MER_00018,335.16,INR,success,upi,2026-08-20T00:51:16.760363
TXN_000002393,ACC_000641,MER_00011,57.88,INR,success,upi,2026-08-18T12:42:47.760363
TXN_000002394,ACC_000857,MER_00156,124.95,INR,success,wallet,2026-06-03T02:16:04.760363
TXN_000002395,ACC_000337,MER_00118,261.87,INR,success,wallet,2026-06-20T10:51:59.760363
TXN_000002396,ACC_000971,MER_00012,301.0,INR,success,net_banking,2026-08-14T01:50:01.760363
TXN_000002397,ACC_000157,MER_00166,718.85,INR,success,upi,2026-06-14T08:21:16.760363
TXN_000002398,ACC_000388,MER_00064,105.42,INR,success,net_banking,2026-08-06T17:36:35.760363
TXN_000002399,ACC_000379,MER_00046,333.43,INR,failed,net_banking,2026-07-15T06:29:47.760363
TXN_000002400,ACC_000341,MER_00093,202.47,INR,success,card,2026-08-07T18:52:58.760363
TXN_000002401,ACC_000526,MER_00031,1029.92,INR,success,upi,2026-06-16T17:16:35.760363
TXN_000002402,ACC_000971,MER_00068,92.0,INR,success,card,2026-06-25T10:11:19.760363
TXN_000002403,ACC_000413,MER_00005,323.6,INR,success,wallet,2026-08-14T07:25:26.760363
TXN_000002404,ACC_000732,MER_00182,642.97,INR,success,card,2026-07-25T17:47:07.760363
TXN_000002405,ACC_000481,MER_00034,1644.55,INR,success,card,2026-08-15T11:26:25.760363
TXN_000002406,ACC_000790,MER_00075,197.07,INR,success,upi,2026-06-22T17:02:42.760363
TXN_000002407,ACC_000885,MER_00016,89.46,INR,success,net_banking,2026-08-03T04:29:47.760363
TXN_000002408,ACC_000574,MER_00189,66.8,INR,failed,card,2026-07-24T08:04:14.760363
TXN_000002409,ACC_000967,MER_00106,111.89,INR,success,wallet,2026-08-18T13:24:20.760363
TXN_000002410,ACC_000916,MER_00132,112.25,INR,success,net_banking,2026-06-24T21:36:23.760363
TXN_000002411,ACC_000328,MER_00134,447.73,INR,success,card,2026-07-01T10:01:49.760363
TXN_000002412,ACC_000177,MER_00112,324.32,INR,success,upi,2026-05-29T02:03:20.760363
TXN_000002413,ACC_000178,MER_00038,219.49,INR,success,upi,2026-08-04T08:38:19.760363
TXN_000002414,ACC_000779,MER_00144,126.74,INR,success,upi,2026-06-30T13:15:09.760363
TXN_000002415,ACC_000654,MER_00096,202.77,INR,success,card,2026-07-06T00:10:37.760363
TXN_000002416,ACC_000436,MER_00179,256.63,INR,success,wallet,2026-07-11T05:50:43.760363
TXN_000002417,ACC_000227,MER_00078,532.61,INR,success,wallet,2026-06-19T21:11:33.760363
TXN_000002418,ACC_000664,MER_00018,236.4,INR,success,wallet,2026-08-16T20:22:32.760363
TXN_000002419,ACC_000058,MER_00185,73.93,INR,success,wallet,2026-06-20T17:27:39.760363
TXN_000002420,ACC_000697,MER_00165,253.16,INR,success,net_banking,2026-07-15T03:57:50.760363
TXN_000002421,ACC_000756,MER_00009,161.44,INR,success,upi,2026-07-16T02:42:59.760363
TXN_000002422,ACC_000437,MER_00054,60.49,INR,success,upi,2026-08-24T02:16:58.760363
TXN_000002423,ACC_000275,MER_00110,136.46,INR,success,wallet,2026-08-12T20:46:23.760363
TXN_000002424,ACC_000402,MER_00140,348.34,INR,success,wallet,2026-06-08T04:29:09.760363
TXN_000002425,ACC_000927,MER_00058,696.85,INR,success,wallet,2026-07-31T13:28:48.760363
TXN_000002426,ACC_000335,MER_00134,121.13,INR,success,upi,2026-06-13T05:51:50.760363
TXN_000002427,ACC_000567,MER_00168,346.29,INR,success,upi,2026-06-28T18:48:56.760363
TXN_000002428,ACC_000801,MER_00069,173.52,INR,success,wallet,2026-07-27T08:37:36.760363
TXN_000002429,ACC_000155,MER_00099,86.49,INR,success,wallet,2026-06-04T23:20:58.760363
TXN_000002430,ACC_000510,MER_00087,459.85,INR,success,card,2026-08-14T02:05:14.760363
TXN_000002431,ACC_000112,MER_00135,157.26,INR,success,upi,2026-06-05T13:21:33.760363
TXN_000002432,ACC_000679,MER_00090,160.82,INR,success,card,2026-08-10T12:49:50.760363
TXN_000002433,ACC_000035,MER_00186,576.03,INR,success,net_banking,2026-08-05T20:37:14.760363
TXN_000002434,ACC_000100,MER_00084,821.01,INR,success,card,2026-06-24T11:36:42.760363
TXN_000002435,ACC_000611,MER_00067,107.19,INR,success,net_banking,2026-06-01T01:32:21.760363
TXN_000002436,ACC_000428,MER_00166,124.43,INR,success,upi,2026-06-30T21:32:13.760363
TXN_000002437,ACC_000070,MER_00010,59.62,INR,success,upi,2026-05-28T03:08:56.760363
TXN_000002438,ACC_000653,MER_00145,156.85,INR,success,net_banking,2026-05-29T05:09:48.760363
TXN_000002439,ACC_000128,MER_00021,583.82,INR,success,wallet,2026-06-03T05:01:00.760363
TXN_000002440,ACC_000264,MER_00049,2080.73,INR,success,wallet,2026-07-14T19:48:17.760363
TXN_000002441,ACC_000050,MER_00029,329.93,INR,success,wallet,2026-08-24T13:14:14.760363
TXN_000002442,ACC_000739,MER_00194,448.2,INR,success,wallet,2026-08-19T22:47:31.760363
TXN_000002443,ACC_000107,MER_00009,203.99,INR,success,card,2026-07-20T07:02:29.760363
TXN_000002444,ACC_000383,MER_00196,122.42,INR,success,upi,2026-08-04T16:22:10.760363
TXN_000002445,ACC_000531,MER_00089,49.61,INR,success,upi,2026-06-18T16:10:41.760363
TXN_000002446,ACC_000361,MER_00140,383.53,INR,success,card,2026-06-29T19:52:37.760363
TXN_000002447,ACC_000051,MER_00071,87.75,INR,success,upi,2026-07-31T14:12:21.760363
TXN_000002448,ACC_000880,MER_00034,220.43,INR,success,net_banking,2026-08-12T13:47:21.760363
TXN_000002449,ACC_000628,MER_00067,50.47,INR,success,card,2026-06-24T08:27:15.760363
TXN_000002450,ACC_000937,MER_00055,32.17,INR,success,net_banking,2026-07-27T11:13:38.760363
TXN_000002451,ACC_000186,MER_00076,475.93,INR,success,upi,2026-08-12T04:49:01.760363
TXN_000002452,ACC_001000,MER_00095,266.0,INR,success,wallet,2026-08-13T02:17:32.760363
TXN_000002453,ACC_000946,MER_00189,189.04,INR,success,upi,2026-07-22T21:25:45.760363
TXN_000002454,ACC_001000,MER_00064,48.06,INR,success,net_banking,2026-07-27T21:42:14.760363
TXN_000002455,ACC_000449,MER_00153,97.49,INR,success,net_banking,2026-06-08T15:15:03.760363
TXN_000002456,ACC_000632,MER_00140,117.99,INR,success,upi,2026-07-08T17:53:19.760363
TXN_000002457,ACC_000305,MER_00046,1300.77,INR,success,card,2026-05-26T18:20:38.760363
TXN_000002458,ACC_000576,MER_00116,131.93,INR,success,wallet,2026-06-17T01:06:39.760363
TXN_000002459,ACC_000907,MER_00028,65.38,INR,success,card,2026-06-10T12:35:19.760363
TXN_000002460,ACC_000845,MER_00137,85.22,INR,success,card,2026-08-21T22:56:52.760363
TXN_000002461,ACC_000703,MER_00187,163.38,INR,success,wallet,2026-07-08T07:14:56.760363
TXN_000002462,,MER_00162,305.35,INR,success,net_banking,2026-06-21T05:38:52.760363
TXN_000002463,ACC_000947,MER_00008,101.55,INR,success,upi,2026-08-20T14:08:22.760363
TXN_000002464,ACC_000410,MER_00028,1339.86,INR,success,card,2026-07-10T00:12:59.760363
TXN_000002465,ACC_000564,MER_00199,239.28,INR,success,card,2026-08-24T15:56:22.760363
TXN_000002466,ACC_000256,MER_00172,97.16,INR,failed,net_banking,2026-07-13T08:12:14.760363
TXN_000002467,ACC_000428,MER_00146,323.54,INR,success,net_banking,2026-07-27T17:10:14.760363
TXN_000002468,ACC_000781,MER_00134,569.83,INR,success,wallet,2026-05-27T01:12:05.760363
TXN_000002469,ACC_000311,MER_00037,68.73,INR,success,upi,2026-07-16T06:35:17.760363
TXN_000002470,ACC_000246,MER_00014,504.44,INR,success,net_banking,2026-07-26T13:10:08.760363
TXN_000002471,ACC_000566,MER_00156,259.38,INR,success,net_banking,2026-06-07T11:27:33.760363
TXN_000002472,ACC_000017,MER_00066,180.15,INR,success,card,2026-06-21T00:27:11.760363
TXN_000002473,ACC_000024,MER_00017,335.21,INR,success,upi,2026-07-19T04:52:25.760363
TXN_000002474,ACC_000586,MER_00047,296.75,INR,success,wallet,2026-06-16T09:03:50.760363
TXN_000002475,ACC_000019,MER_00196,273.42,INR,success,card,2026-08-10T19:28:28.760363
TXN_000002476,ACC_000933,MER_00175,468.97,INR,success,upi,2026-07-27T09:14:14.760363
TXN_000002477,ACC_000528,MER_00012,80.93,INR,success,net_banking,2026-07-04T13:15:21.760363
TXN_000002478,ACC_000825,MER_00041,375.93,INR,failed,card,2026-06-11T00:36:59.760363
TXN_000002479,ACC_000980,MER_00095,1700.7,INR,failed,net_banking,2026-07-20T07:11:45.760363
TXN_000002480,ACC_000105,MER_00128,317.92,INR,success,net_banking,2026-05-31T14:51:56.760363
TXN_000002481,ACC_000202,MER_00084,758.82,INR,pending,upi,2026-06-19T14:53:18.760363
TXN_000002482,ACC_000127,MER_00098,795.6,INR,success,net_banking,2026-07-20T07:42:01.760363
TXN_000002483,ACC_000970,MER_00145,111.09,INR,success,net_banking,2026-08-24T13:18:40.760363
TXN_000002484,ACC_000597,MER_00116,104.41,INR,success,upi,2026-07-28T00:33:28.760363
TXN_000002485,ACC_000455,MER_00095,174.91,INR,success,net_banking,2026-07-09T20:55:26.760363
TXN_000002486,ACC_000749,MER_00199,345.85,INR,success,net_banking,2026-08-06T15:43:42.760363
TXN_000002487,ACC_000721,MER_00131,574.85,INR,success,card,2026-08-22T20:31:10.760363
TXN_000002488,ACC_000489,MER_00074,104.58,INR,success,upi,2026-06-01T03:35:59.760363
TXN_000002489,ACC_000529,MER_00031,265.83,INR,failed,card,2026-06-22T16:56:13.760363
TXN_000002490,ACC_000577,MER_00181,437.07,INR,success,card,2026-05-27T07:55:26.760363
TXN_000002491,ACC_000213,MER_00137,1332.89,INR,success,upi,2026-05-27T08:59:35.760363
TXN_000002492,ACC_000872,MER_00106,462.65,INR,success,wallet,2026-07-30T11:18:13.760363
TXN_000002493,ACC_000307,MER_00037,249.46,INR,success,upi,2026-07-07T16:54:47.760363
TXN_000002494,ACC_000170,MER_00092,158.65,INR,success,card,2026-08-21T19:15:12.760363
TXN_000002495,ACC_000934,MER_00006,84.15,INR,success,net_banking,2026-07-11T03:03:07.760363
TXN_000002496,ACC_000412,MER_00062,309.28,INR,success,wallet,2026-07-28T21:02:04.760363
TXN_000002497,ACC_000523,MER_00198,1037.1,INR,success,net_banking,2026-06-28T19:05:18.760363
TXN_000002498,ACC_000538,MER_00137,33.72,INR,success,net_banking,2026-08-12T04:40:25.760363
TXN_000002499,ACC_000547,MER_00182,158.84,INR,success,upi,2026-07-11T12:02:39.760363
TXN_000002500,ACC_000272,MER_00171,556.78,INR,success,wallet,2026-06-26T02:07:28.760363
TXN_000002501,ACC_000045,MER_00107,65.87,INR,success,wallet,2026-08-21T21:46:45.760363
TXN_000002502,ACC_000295,MER_00062,147.94,INR,success,wallet,2026-06-23T09:27:15.760363
TXN_000002503,ACC_000091,MER_00113,118.02,INR,success,net_banking,2026-07-10T02:37:25.760363
TXN_000002504,ACC_000394,MER_00130,196.2,INR,success,card,2026-07-30T19:40:13.760363
TXN_000002505,ACC_000690,MER_00198,41.87,INR,success,net_banking,2026-08-18T09:13:41.760363
TXN_000002506,ACC_000925,MER_00197,162.45,INR,success,card,2026-06-11T07:36:44.760363
TXN_000002507,ACC_000665,MER_00200,261.39,INR,success,upi,2026-06-04T09:02:09.760363
TXN_000002508,ACC_000568,MER_00146,165.65,INR,success,wallet,2026-06-24T18:26:16.760363
TXN_000002509,ACC_000725,MER_00138,819.08,INR,success,wallet,2026-07-09T09:38:38.760363
TXN_000002510,ACC_000539,MER_00030,185.51,INR,pending,net_banking,2026-06-06T10:38:58.760363
TXN_000002511,ACC_000772,MER_00153,146.85,INR,success,card,2026-06-13T10:45:01.760363
TXN_000002512,ACC_000581,MER_00167,650.08,INR,success,wallet,2026-07-29T17:57:31.760363
TXN_000002513,ACC_000638,MER_00132,199.03,INR,success,card,2026-08-16T14:28:20.760363
TXN_000002514,ACC_000947,MER_00095,150.87,INR,success,upi,2026-08-17T18:26:03.760363
TXN_000002515,ACC_000586,MER_00125,127.03,INR,success,card,2026-08-14T23:17:40.760363
TXN_000002516,ACC_000318,MER_00147,87.91,INR,success,wallet,2026-07-30T10:48:59.760363
TXN_000002517,ACC_000747,MER_00192,308.87,INR,success,upi,2026-06-15T11:40:33.760363
TXN_000002518,ACC_000989,MER_00176,110.8,INR,success,upi,2026-07-05T10:00:35.760363
TXN_000002519,ACC_000248,MER_00068,1932.41,INR,success,net_banking,2026-08-02T08:18:32.760363
TXN_000002520,ACC_000261,MER_00159,360.45,INR,success,wallet,2026-07-08T07:14:08.760363
TXN_000002521,ACC_000965,MER_00138,808.48,INR,success,card,2026-06-08T22:38:16.760363
TXN_000002522,ACC_000437,MER_00078,863.42,INR,success,net_banking,2026-06-27T04:13:06.760363
TXN_000002523,ACC_000767,MER_00055,281.86,INR,success,net_banking,2026-06-01T18:51:05.760363
TXN_000002524,ACC_000845,MER_00134,1177.58,INR,success,card,2026-06-18T10:40:11.760363
TXN_000002525,ACC_000239,MER_00040,279.71,INR,success,upi,2026-06-20T11:14:08.760363
TXN_000002526,ACC_000384,MER_00072,352.81,INR,success,card,2026-06-07T11:37:42.760363
TXN_000002527,ACC_000758,MER_00058,157.25,INR,success,net_banking,2026-07-22T01:53:19.760363
TXN_000002528,ACC_000735,MER_00141,107.46,INR,success,wallet,2026-06-07T15:52:03.760363
TXN_000002529,ACC_000518,MER_00161,285.73,INR,success,wallet,2026-06-21T06:02:07.760363
TXN_000002530,ACC_000145,MER_00033,176.31,INR,success,upi,2026-06-03T23:18:25.760363
TXN_000002531,ACC_000212,MER_00083,172.44,INR,pending,upi,2026-08-08T22:33:02.760363
TXN_000002532,ACC_000892,MER_00058,84.43,INR,success,net_banking,2026-07-11T21:52:12.760363
TXN_000002533,ACC_000026,MER_00082,312.64,INR,success,wallet,2026-06-30T04:52:56.760363
TXN_000002534,ACC_000847,MER_00180,689.73,INR,success,card,2026-07-28T19:05:57.760363
TXN_000002535,ACC_000023,MER_00081,1090.42,INR,success,upi,2026-08-05T19:13:26.760363
TXN_000002536,ACC_000833,MER_00178,213.63,INR,success,card,2026-08-08T16:06:14.760363
TXN_000002537,ACC_000104,MER_00176,326.61,INR,success,wallet,2026-08-20T12:20:25.760363
TXN_000002538,ACC_000773,MER_00043,480.47,INR,success,card,2026-06-20T07:42:56.760363
TXN_000002539,ACC_000061,MER_00192,114.74,INR,success,upi,2026-08-06T04:31:38.760363
TXN_000002540,ACC_000757,MER_00165,527.51,INR,success,wallet,2026-07-07T06:40:05.760363
TXN_000002541,ACC_000998,MER_00125,127.85,INR,success,upi,2026-08-16T13:45:57.760363
TXN_000002542,ACC_000121,MER_00170,187.0,INR,success,wallet,2026-07-09T01:05:18.760363
TXN_000002543,ACC_000765,MER_00054,75.58,INR,pending,upi,2026-06-13T23:16:07.760363
TXN_000002544,ACC_000885,MER_00101,400.81,INR,success,net_banking,2026-08-06T19:00:51.760363
TXN_000002545,ACC_000918,MER_00100,747.44,INR,success,card,2026-06-26T02:11:49.760363
TXN_000002546,ACC_000082,MER_00170,221.95,INR,success,wallet,2026-07-08T11:45:35.760363
TXN_000002547,ACC_000314,MER_00159,131.81,INR,success,card,2026-06-11T06:50:52.760363
TXN_000002548,ACC_000679,MER_00118,153.98,INR,success,card,2026-07-06T16:44:19.760363
TXN_000002549,ACC_000276,MER_00159,304.84,INR,pending,upi,2026-08-06T14:42:43.760363
TXN_000002550,ACC_000139,MER_00197,943.6,INR,success,wallet,2026-08-07T19:51:55.760363
TXN_000002551,ACC_000106,MER_00026,148.02,INR,success,card,2026-07-09T10:19:26.760363
TXN_000002552,ACC_000996,MER_00100,110.34,INR,success,card,2026-07-17T11:48:50.760363
TXN_000002553,ACC_000374,MER_00143,270.9,INR,success,wallet,2026-06-21T23:54:55.760363
TXN_000002554,ACC_000265,MER_00011,375.82,INR,success,upi,2026-06-13T03:30:45.760363
TXN_000002555,ACC_000003,MER_00122,36.15,INR,success,upi,2026-06-20T20:27:59.760363
TXN_000002556,ACC_000169,MER_00075,92.28,INR,success,card,2026-07-11T06:40:14.760363
TXN_000002557,ACC_000781,MER_00057,155.88,INR,success,card,2026-08-08T00:53:37.760363
TXN_000002558,ACC_000860,MER_00180,672.31,INR,success,upi,2026-06-04T05:02:05.760363
TXN_000002559,ACC_000276,MER_00158,547.86,INR,success,upi,2026-08-22T02:47:03.760363
TXN_000002560,ACC_000835,MER_00169,2314.97,INR,success,net_banking,2026-06-04T13:22:34.760363
TXN_000002561,ACC_000251,MER_00060,315.7,INR,success,net_banking,2026-06-02T12:28:29.760363
TXN_000002562,ACC_000795,MER_00153,37.81,INR,success,net_banking,2026-06-24T22:13:47.760363
TXN_000002563,ACC_000717,MER_00070,297.29,INR,failed,upi,2026-07-08T17:35:34.760363
TXN_000002564,ACC_000666,MER_00042,262.46,INR,success,upi,2026-06-09T06:20:14.760363
TXN_000002565,ACC_000314,MER_00063,155.26,INR,success,card,2026-07-17T15:25:46.760363
TXN_000002566,ACC_000202,MER_00020,482.95,INR,success,upi,2026-08-07T15:44:23.760363
TXN_000002567,ACC_000664,MER_00117,275.7,INR,failed,upi,2026-06-04T00:18:30.760363
TXN_000002568,ACC_000466,MER_00009,473.5,INR,success,wallet,2026-08-12T16:27:43.760363
TXN_000002569,ACC_000179,MER_00123,137.89,INR,success,card,2026-06-27T18:33:21.760363
TXN_000002570,ACC_000455,MER_00199,610.5,INR,success,upi,2026-07-25T15:33:13.760363
TXN_000002571,ACC_000147,MER_00171,1625.28,INR,success,net_banking,2026-07-27T21:20:01.760363
TXN_000002572,ACC_000558,MER_00012,271.57,INR,success,upi,2026-07-16T22:27:19.760363
TXN_000002573,ACC_000455,MER_00036,2362.78,INR,success,net_banking,2026-07-20T07:42:50.760363
TXN_000002574,ACC_000283,MER_00197,131.56,INR,success,wallet,2026-08-09T03:25:38.760363
TXN_000002575,ACC_000981,MER_00007,290.31,INR,success,wallet,2026-07-20T11:29:55.760363
TXN_000002576,ACC_000372,MER_00193,8.32,INR,success,net_banking,2026-07-05T14:48:28.760363
TXN_000002577,ACC_000605,MER_00168,340.42,INR,success,card,2026-08-12T17:13:44.760363
TXN_000002578,ACC_000372,MER_00138,329.72,INR,success,wallet,2026-07-07T17:45:30.760363
TXN_000002579,ACC_000810,MER_00129,673.03,INR,success,upi,2026-06-16T07:50:35.760363
TXN_000002580,ACC_000238,MER_00068,237.21,INR,success,upi,2026-07-27T17:07:33.760363
TXN_000002581,ACC_000793,MER_00067,583.86,INR,success,upi,2026-06-24T01:08:20.760363
TXN_000002582,ACC_000593,MER_00186,84.66,INR,success,wallet,2026-08-23T18:16:01.760363
TXN_000002583,ACC_000603,MER_00165,98.23,INR,success,card,2026-07-01T05:31:57.760363
TXN_000002584,ACC_000239,MER_00029,1452.72,INR,success,upi,2026-07-11T12:34:48.760363
TXN_000002585,ACC_000936,MER_00089,86.96,INR,success,wallet,2026-07-31T14:16:11.760363
TXN_000002586,ACC_000648,MER_00156,917.69,INR,success,wallet,2026-05-31T20:56:01.760363
TXN_000002587,ACC_000464,MER_00113,279.59,INR,success,card,2026-06-18T04:35:29.760363
TXN_000002588,ACC_000832,MER_00190,25.12,INR,success,net_banking,2026-07-07T22:36:40.760363
TXN_000002589,ACC_000435,MER_00033,1027.99,INR,success,wallet,2026-06-12T12:33:18.760363
TXN_000002590,ACC_000230,MER_00099,138.95,INR,success,upi,2026-07-13T19:35:29.760363
TXN_000002591,ACC_000774,MER_00093,602.69,INR,success,upi,2026-08-21T00:06:50.760363
TXN_000002592,ACC_000972,MER_00125,105.73,INR,pending,upi,2026-06-03T12:44:53.760363
TXN_000002593,ACC_000625,MER_00039,328.95,INR,success,upi,2026-08-23T18:10:58.760363
TXN_000002594,ACC_000680,MER_00066,180.41,INR,success,net_banking,2026-07-08T16:30:00.760363
TXN_000002595,ACC_000835,MER_00093,115.76,INR,success,upi,2026-08-21T18:14:48.760363
TXN_000002596,ACC_000457,MER_00090,322.97,INR,success,wallet,2026-06-25T16:39:54.760363
TXN_000002597,ACC_000463,MER_00182,135.52,INR,failed,upi,2026-07-16T02:15:49.760363
TXN_000002598,ACC_000044,,3253.08,INR,success,wallet,2026-08-01T23:08:54.760363
TXN_000002599,ACC_000572,MER_00012,991.11,INR,failed,net_banking,2026-06-01T05:25:43.760363
TXN_000002600,ACC_000094,MER_00056,38.86,INR,success,card,2026-07-30T19:05:50.760363
TXN_000002601,ACC_000616,MER_00028,467.23,INR,success,upi,2026-07-17T21:13:00.760363
TXN_000002602,ACC_000309,MER_00104,275.36,INR,success,wallet,2026-05-31T22:28:50.760363
TXN_000002603,ACC_000904,MER_00154,916.87,INR,success,upi,2026-08-08T01:23:47.760363
TXN_000002604,ACC_000666,MER_00100,1141.78,INR,success,net_banking,2026-06-16T08:41:09.760363
TXN_000002605,ACC_000793,MER_00158,66.73,INR,success,net_banking,2026-07-10T13:01:21.760363
TXN_000002606,ACC_000166,MER_00103,986.67,INR,success,net_banking,2026-06-29T13:03:47.760363
TXN_000002607,ACC_000119,MER_00107,756.13,INR,success,upi,2026-08-09T02:47:43.760363
TXN_000002608,ACC_000362,MER_00111,154.32,INR,success,wallet,2026-08-03T16:16:08.760363
TXN_000002609,ACC_000454,MER_00148,65.94,INR,success,wallet,2026-07-01T10:13:23.760363
TXN_000002610,ACC_000759,MER_00064,439.71,INR,success,wallet,2026-05-30T08:09:15.760363
TXN_000002611,ACC_000955,MER_00037,696.29,INR,success,wallet,2026-05-31T17:08:40.760363
TXN_000002612,ACC_000743,MER_00200,279.53,INR,success,upi,2026-08-22T14:22:30.760363
TXN_000002613,ACC_000631,MER_00079,326.79,INR,success,net_banking,2026-05-28T04:13:31.760363
TXN_000002614,ACC_000153,MER_00164,87.76,INR,success,card,2026-06-05T21:06:54.760363
TXN_000002615,ACC_000342,MER_00029,308.57,INR,success,upi,2026-08-06T07:11:41.760363
TXN_000002616,ACC_000300,MER_00127,399.95,INR,success,card,2026-05-28T05:59:49.760363
TXN_000002617,ACC_000812,MER_00157,264.52,INR,success,net_banking,2026-06-16T04:14:18.760363
TXN_000002618,ACC_000545,MER_00077,167.51,INR,success,card,2026-05-28T17:01:58.760363
TXN_000002619,ACC_000381,MER_00156,157.8,INR,success,card,2026-06-03T17:03:36.760363
TXN_000002620,ACC_000553,MER_00118,75.02,INR,success,upi,2026-08-12T20:28:12.760363
TXN_000002621,ACC_000440,MER_00196,87.98,INR,success,card,2026-08-17T06:17:47.760363
TXN_000002622,ACC_000111,MER_00082,2484.49,INR,failed,upi,2026-08-07T12:49:52.760363
TXN_000002623,ACC_000528,MER_00009,227.67,INR,success,wallet,2026-08-23T01:14:13.760363
TXN_000002624,ACC_000798,MER_00165,112.97,INR,success,wallet,2026-07-25T02:01:54.760363
TXN_000002625,ACC_000251,MER_00018,646.75,INR,pending,upi,2026-07-11T14:46:09.760363
TXN_000002626,ACC_000135,MER_00014,53.47,INR,success,wallet,2026-06-05T19:34:24.760363
TXN_000002627,ACC_000592,MER_00157,235.37,INR,success,net_banking,2026-08-10T02:29:41.760363
TXN_000002628,ACC_000379,MER_00081,1255.12,INR,success,card,2026-07-21T01:11:14.760363
TXN_000002629,ACC_000710,MER_00151,103.6,INR,success,wallet,2026-08-22T20:11:03.760363
TXN_000002630,ACC_000130,MER_00103,832.51,INR,success,card,2026-07-14T02:43:43.760363
TXN_000002631,ACC_000722,MER_00104,317.43,INR,success,upi,2026-08-14T23:05:55.760363
TXN_000002632,ACC_000364,MER_00144,96.19,INR,success,upi,2026-07-10T12:09:24.760363
TXN_000002633,ACC_000698,MER_00008,2006.29,INR,success,net_banking,2026-06-07T22:39:11.760363
TXN_000002634,ACC_000660,MER_00009,1238.86,INR,success,card,2026-06-21T15:19:33.760363
TXN_000002635,ACC_000588,MER_00151,286.63,INR,success,wallet,2026-08-16T04:00:47.760363
TXN_000002636,ACC_000826,MER_00087,87.68,INR,success,card,2026-06-01T19:25:28.760363
TXN_000002637,ACC_000301,MER_00014,236.89,INR,success,card,2026-06-02T18:43:59.760363
TXN_000002638,ACC_000284,MER_00185,558.57,INR,pending,upi,2026-06-04T15:56:23.760363
TXN_000002639,ACC_000704,MER_00111,187.73,INR,success,upi,2026-08-20T14:41:17.760363
TXN_000002640,ACC_INVALID,MER_00186,373.96,INR,success,upi,2026-08-03T11:27:19.760363
TXN_000002641,ACC_000959,MER_00085,143.68,INR,pending,upi,2026-08-03T00:40:24.760363
TXN_000002642,ACC_000081,MER_00192,183.66,INR,failed,upi,2026-08-19T04:24:28.760363
TXN_000002643,ACC_000575,MER_00109,44.24,INR,success,card,2026-07-17T18:07:24.760363
TXN_000002644,ACC_000005,MER_00123,250.78,INR,success,wallet,2026-07-18T23:31:47.760363
TXN_000002645,ACC_000286,MER_00166,178.55,INR,success,card,2026-06-25T04:37:34.760363
TXN_000002646,ACC_000707,MER_00125,149.18,INR,success,upi,2026-07-15T04:43:53.760363
TXN_000002647,ACC_000539,MER_00174,96.82,INR,success,upi,2026-07-10T00:10:49.760363
TXN_000002648,ACC_000251,MER_00072,1551.4,INR,success,upi,2026-08-13T23:38:31.760363
TXN_000002649,ACC_000249,MER_00136,21.58,INR,success,net_banking,2026-08-20T18:34:54.760363
TXN_000002650,ACC_000604,MER_00199,132.12,INR,success,card,2026-07-19T14:04:43.760363
TXN_000002651,ACC_000868,MER_00077,80.34,INR,success,wallet,2026-07-03T11:47:35.760363
TXN_000002652,ACC_000930,MER_00194,461.85,INR,success,net_banking,2026-08-24T09:56:38.760363
TXN_000002653,ACC_000763,MER_00116,56.46,INR,success,wallet,2026-08-16T01:16:14.760363
TXN_000002654,ACC_000666,MER_00151,183.39,INR,success,wallet,2026-07-21T19:53:20.760363
TXN_000002655,ACC_000583,MER_00001,613.78,INR,success,wallet,2026-08-05T10:33:52.760363
TXN_000002656,ACC_000791,MER_00037,446.58,INR,success,card,2026-08-23T13:10:16.760363
TXN_000002657,ACC_000909,MER_00174,1297.97,INR,success,net_banking,2026-06-18T07:48:33.760363
TXN_000002658,ACC_000419,MER_00058,122.46,INR,success,upi,2026-06-19T18:39:23.760363
TXN_000002659,ACC_000766,MER_00052,147.27,INR,success,card,2026-08-11T20:40:58.760363
TXN_000002660,ACC_000346,MER_00058,331.29,INR,success,upi,2026-06-13T08:19:24.760363
TXN_000002661,ACC_000074,MER_00104,248.13,INR,pending,upi,2026-06-07T07:12:45.760363
TXN_000002662,ACC_000166,MER_00069,91.27,INR,success,card,2026-06-22T04:45:40.760363
TXN_000002663,ACC_000008,MER_00031,32.9,INR,success,card,2026-07-25T13:38:15.760363
TXN_000002664,ACC_000011,MER_00012,468.09,INR,success,wallet,2026-06-06T15:01:54.760363
TXN_000002665,ACC_000919,MER_00066,124.66,INR,success,upi,2026-07-29T13:56:13.760363
TXN_000002666,ACC_000487,MER_00061,125.2,INR,success,net_banking,2026-07-20T16:13:11.760363
TXN_000002667,ACC_000487,MER_00007,641.6,INR,success,card,2026-06-10T10:49:22.760363
TXN_000002668,ACC_000891,MER_00131,423.42,INR,success,upi,2026-08-21T11:38:05.760363
TXN_000002669,ACC_000967,MER_00013,489.89,INR,success,upi,2026-08-20T00:47:23.760363
TXN_000002670,ACC_000083,MER_00148,125.28,INR,success,card,2026-06-24T12:14:47.760363
TXN_000002671,ACC_000450,MER_00093,1964.56,INR,success,upi,2026-06-16T00:27:38.760363
TXN_000002672,ACC_000461,MER_00135,881.22,INR,success,upi,2026-06-19T07:05:23.760363
TXN_000002673,ACC_000610,MER_00178,141.04,INR,success,upi,2026-07-26T04:54:34.760363
TXN_000002674,ACC_000026,MER_00045,460.97,INR,success,card,2026-08-13T18:16:59.760363
TXN_000002675,ACC_000807,MER_00042,149.59,INR,success,net_banking,2026-07-31T21:33:05.760363
TXN_000002676,ACC_000608,MER_00051,533.62,INR,success,card,2026-06-27T17:52:06.760363
TXN_000002677,ACC_000363,MER_00057,345.51,INR,success,net_banking,2026-08-09T06:19:45.760363
TXN_000002678,ACC_000198,MER_00092,169.0,INR,success,net_banking,2026-08-11T09:38:32.760363
TXN_000002679,ACC_000109,MER_00092,95.48,INR,success,upi,2026-08-03T20:07:20.760363
TXN_000002680,ACC_000650,MER_00151,1715.72,INR,success,wallet,2026-06-27T13:43:02.760363
TXN_000002681,ACC_000042,MER_00085,667.38,INR,success,card,2026-08-15T06:15:18.760363
TXN_000002682,ACC_000629,MER_00051,331.74,INR,success,wallet,2026-08-16T16:59:54.760363
TXN_000002683,ACC_000831,MER_00001,71.91,INR,success,card,2026-07-13T10:14:49.760363
TXN_000002684,ACC_000938,MER_00038,873.05,INR,success,wallet,2026-07-31T12:50:26.760363
TXN_000002685,ACC_000774,MER_00075,398.83,INR,success,upi,2026-07-20T16:01:03.760363
TXN_000002686,ACC_000513,MER_00008,592.55,INR,success,wallet,2026-07-27T22:37:11.760363
TXN_000002687,ACC_000662,MER_00032,174.04,INR,success,net_banking,2026-06-20T19:47:45.760363
TXN_000002688,ACC_000868,MER_00115,1550.12,INR,success,wallet,2026-08-03T12:49:24.760363
TXN_000002689,ACC_000535,MER_00090,486.36,INR,success,upi,2026-08-13T21:27:02.760363
TXN_000002690,ACC_000297,MER_00148,337.88,INR,success,net_banking,2026-08-13T23:27:42.760363
TXN_000002691,ACC_000315,MER_00041,246.61,INR,success,wallet,2026-07-26T10:56:30.760363
TXN_000002692,ACC_000277,MER_00094,1558.0,INR,success,net_banking,2026-06-03T18:23:14.760363
TXN_000002693,ACC_000075,MER_00190,1897.27,INR,success,wallet,2026-05-29T14:28:14.760363
TXN_000002694,ACC_000508,MER_00074,93.57,INR,success,net_banking,2026-06-16T01:25:05.760363
TXN_000002695,ACC_000236,MER_00135,49.03,INR,success,wallet,2026-08-07T06:38:40.760363
TXN_000002696,ACC_000806,MER_00153,244.55,INR,success,upi,2026-08-12T03:22:57.760363
TXN_000002697,ACC_000661,MER_00171,267.96,INR,success,card,2026-05-29T01:41:04.760363
TXN_000002698,ACC_000492,MER_00026,700.99,INR,success,wallet,2026-06-16T03:35:20.760363
TXN_000002699,ACC_000651,MER_00171,2325.13,INR,success,wallet,2026-07-07T09:54:03.760363
TXN_000002700,ACC_000969,MER_00104,389.22,INR,success,upi,2026-07-24T22:30:09.760363
TXN_000002701,ACC_000052,MER_00089,134.19,INR,success,net_banking,2026-06-05T13:30:24.760363
TXN_000002702,ACC_000861,MER_00095,268.87,INR,success,upi,2026-05-27T23:11:45.760363
TXN_000002703,ACC_000984,MER_00089,96.97,INR,success,wallet,2026-06-28T14:59:32.760363
TXN_000002704,ACC_000047,MER_00152,201.67,INR,success,wallet,2026-08-18T18:02:00.760363
TXN_000002705,ACC_000481,MER_00185,1742.78,INR,success,net_banking,2026-07-28T05:01:26.760363
TXN_000002706,ACC_000231,MER_00194,50.02,INR,success,upi,2026-06-28T00:13:42.760363
TXN_000002707,ACC_000729,MER_00178,1222.71,INR,success,wallet,2026-06-01T12:32:52.760363
TXN_000002708,ACC_000202,MER_00190,235.86,INR,success,net_banking,2026-05-30T05:40:34.760363
TXN_000002709,ACC_000574,MER_00174,474.44,INR,success,net_banking,2026-06-28T13:10:18.760363
TXN_000002710,ACC_000462,MER_00044,3359.3,INR,success,net_banking,2026-07-31T21:22:34.760363
TXN_000002711,ACC_000177,MER_00130,163.75,INR,success,wallet,2026-06-20T17:48:18.760363
TXN_000002712,ACC_000024,MER_00126,298.27,INR,success,card,2026-07-24T21:53:54.760363
TXN_000002713,ACC_000793,MER_00179,274.67,INR,success,wallet,2026-06-19T05:26:54.760363
TXN_000002714,ACC_000194,MER_00108,366.6,INR,success,card,2026-08-17T16:31:33.760363
TXN_000002715,ACC_000870,MER_00039,201.71,INR,success,card,2026-06-04T08:27:53.760363
TXN_000002716,ACC_000789,MER_00118,211.85,INR,failed,upi,2026-08-13T05:38:30.760363
TXN_000002717,ACC_000877,MER_00007,126.19,INR,failed,card,2026-06-14T21:14:29.760363
TXN_000002718,ACC_000402,MER_00073,139.58,INR,success,net_banking,2026-06-19T21:03:05.760363
TXN_000002719,ACC_000590,MER_00013,43.52,INR,success,net_banking,2026-07-24T07:39:47.760363
TXN_000002720,ACC_000311,MER_00109,130.33,INR,success,net_banking,2026-05-29T01:45:16.760363
TXN_000002721,ACC_000948,MER_00192,108.02,INR,success,wallet,2026-08-19T17:21:52.760363
TXN_000002722,ACC_000698,MER_00044,126.85,INR,success,wallet,2026-08-03T19:25:28.760363
TXN_000002723,ACC_000277,MER_00109,33.0,INR,success,net_banking,2026-06-02T09:47:19.760363
TXN_000002724,ACC_000733,MER_00033,184.97,INR,success,net_banking,2026-06-29T09:27:21.760363
TXN_000002725,ACC_000339,MER_00184,562.75,INR,success,card,2026-06-27T19:27:40.760363
TXN_000002726,ACC_000239,MER_00085,365.31,INR,success,card,2026-06-07T04:00:20.760363
TXN_000002727,ACC_000953,MER_00163,205.65,INR,success,wallet,2026-07-08T02:35:54.760363
TXN_000002728,ACC_000960,MER_00107,12.2,INR,success,upi,2026-07-31T09:18:16.760363
TXN_000002729,ACC_000166,MER_00111,31.21,INR,success,card,2026-06-18T12:15:32.760363
TXN_000002730,ACC_000923,MER_00095,796.51,INR,success,wallet,2026-07-11T12:50:50.760363
TXN_000002731,ACC_000920,MER_00169,200.92,INR,success,net_banking,2026-08-16T13:00:44.760363
TXN_000002732,ACC_000897,MER_00003,295.95,INR,success,upi,2026-07-26T23:13:42.760363
TXN_000002733,ACC_000008,MER_00124,59.0,INR,success,net_banking,2026-06-08T11:18:47.760363
TXN_000002734,ACC_000244,MER_00134,569.96,INR,success,wallet,2026-08-11T21:31:31.760363
TXN_000002735,ACC_000384,MER_00123,24.01,INR,success,wallet,2026-08-22T18:33:02.760363
TXN_000002736,ACC_000229,MER_00060,330.65,INR,success,wallet,2026-07-13T15:59:22.760363
TXN_000002737,ACC_000869,MER_00094,89.0,INR,success,card,2026-08-12T02:25:17.760363
TXN_000002738,ACC_000614,MER_00157,319.83,INR,success,net_banking,2026-08-13T17:57:25.760363
TXN_000002739,ACC_000609,MER_00091,56.37,INR,success,wallet,2026-07-31T06:56:15.760363
TXN_000002740,ACC_000385,MER_00128,265.27,INR,success,wallet,2026-06-21T01:22:05.760363
TXN_000002741,ACC_000184,MER_00142,169.53,INR,success,wallet,2026-07-07T19:37:03.760363
TXN_000002742,ACC_000613,MER_00150,509.05,INR,success,card,2026-07-11T03:13:59.760363
TXN_000002743,ACC_000312,MER_00120,317.74,INR,success,wallet,2026-08-21T10:12:53.760363
TXN_000002744,ACC_000440,MER_00035,382.37,INR,success,card,2026-05-31T23:44:50.760363
TXN_000002745,ACC_000246,MER_00005,207.8,INR,success,card,2026-07-29T19:26:16.760363
TXN_000002746,ACC_000510,MER_00019,891.12,INR,success,card,2026-07-23T01:10:44.760363
TXN_000002747,ACC_000703,MER_00025,300.95,INR,success,card,2026-06-08T07:13:36.760363
TXN_000002748,ACC_000741,MER_00174,281.39,INR,success,card,2026-06-19T11:37:09.760363
TXN_000002749,ACC_000364,MER_00005,123.92,INR,success,net_banking,2026-06-23T23:41:28.760363
TXN_000002750,ACC_000329,MER_00013,59.63,INR,success,net_banking,2026-07-31T22:10:27.760363
TXN_000002751,ACC_000723,MER_00157,179.89,INR,success,wallet,2026-07-20T05:20:12.760363
TXN_000002752,ACC_000338,MER_00003,564.09,INR,success,net_banking,2026-07-01T00:56:13.760363
TXN_000002753,ACC_000244,MER_00132,600.39,INR,success,card,2026-06-11T02:28:42.760363
TXN_000002754,ACC_000010,MER_00071,169.4,INR,success,wallet,2026-08-06T18:08:03.760363
TXN_000002755,ACC_000159,MER_00069,619.16,INR,success,net_banking,2026-07-09T00:14:59.760363
TXN_000002756,ACC_000357,MER_00192,138.84,INR,success,upi,2026-06-13T22:44:16.760363
TXN_000002757,ACC_000962,MER_00132,737.43,INR,success,net_banking,2026-07-25T05:59:19.760363
TXN_000002758,ACC_000097,MER_00086,69.12,INR,success,upi,2026-08-11T03:37:04.760363
TXN_000002759,ACC_000434,MER_00030,272.49,INR,success,upi,2026-06-09T21:03:10.760363
TXN_000002760,ACC_000289,MER_00062,211.98,INR,success,card,2026-08-01T12:59:16.760363
TXN_000002761,ACC_000828,MER_00074,98.23,INR,success,card,2026-08-07T21:22:06.760363
TXN_000002762,ACC_000660,MER_00029,181.14,INR,success,net_banking,2026-05-30T04:50:26.760363
TXN_000002763,ACC_000932,MER_00070,422.1,INR,success,card,2026-05-28T19:02:15.760363
TXN_000002764,ACC_000995,MER_00167,175.9,INR,success,net_banking,2026-07-02T08:13:44.760363
TXN_000002765,ACC_000160,MER_00169,112.44,INR,success,net_banking,2026-08-05T17:59:28.760363
TXN_000002766,ACC_000406,MER_00034,248.3,INR,success,card,2026-08-22T15:41:58.760363
TXN_000002767,ACC_000522,MER_00200,131.89,INR,success,upi,2026-07-27T08:06:34.760363
TXN_000002768,ACC_000941,MER_00120,373.5,INR,success,card,2026-06-01T14:15:26.760363
TXN_000002769,ACC_000009,MER_00111,46.18,INR,success,upi,2026-06-08T03:07:48.760363
TXN_000002770,ACC_000263,MER_00068,371.47,INR,success,upi,2026-07-30T10:13:02.760363
TXN_000002771,ACC_000469,MER_00193,608.05,INR,failed,net_banking,2026-07-06T06:16:26.760363
TXN_000002772,ACC_000159,MER_00163,93.55,INR,success,net_banking,2026-06-01T08:11:01.760363
TXN_000002773,ACC_000374,MER_00189,976.58,INR,success,net_banking,2026-06-22T06:24:22.760363
TXN_000002774,ACC_000829,MER_00157,25.07,INR,success,net_banking,2026-08-11T17:12:04.760363
TXN_000002775,ACC_000526,MER_00090,452.85,INR,success,card,2026-06-20T17:53:32.760363
TXN_000002776,ACC_000270,MER_00143,804.65,INR,success,upi,2026-07-25T14:24:18.760363
TXN_000002777,ACC_000297,MER_00002,70.05,INR,success,wallet,2026-07-05T15:33:07.760363
TXN_000002778,ACC_000514,MER_00188,255.1,INR,success,upi,2026-07-08T04:45:47.760363
TXN_000002779,ACC_000361,MER_00116,462.09,INR,success,net_banking,2026-06-03T23:06:07.760363
TXN_000002780,ACC_000198,MER_00032,1474.28,INR,success,net_banking,2026-06-10T09:08:55.760363
TXN_000002781,ACC_000457,MER_00074,408.03,INR,success,wallet,2026-06-18T12:44:39.760363
TXN_000002782,ACC_000928,MER_00039,524.27,INR,failed,upi,2026-06-05T02:23:30.760363
TXN_000002783,ACC_000019,MER_00085,148.89,INR,success,wallet,2026-08-23T11:33:42.760363
TXN_000002784,ACC_000458,MER_00142,667.29,INR,success,wallet,2026-08-19T04:03:46.760363
TXN_000002785,ACC_000864,MER_00047,158.99,INR,success,net_banking,2026-06-22T00:50:04.760363
TXN_000002786,ACC_000888,MER_00150,397.28,INR,success,net_banking,2026-08-07T07:35:41.760363
TXN_000002787,ACC_000559,MER_00172,286.09,INR,success,net_banking,2026-07-16T10:37:45.760363
TXN_000002788,ACC_000696,MER_00123,292.96,INR,success,wallet,2026-05-29T20:36:13.760363
TXN_000002789,ACC_000879,MER_00095,212.91,INR,success,card,2026-08-13T16:52:09.760363
TXN_000002790,ACC_000105,MER_00076,62.42,INR,success,net_banking,2026-06-12T16:33:46.760363
TXN_000002791,ACC_000054,MER_00003,236.78,INR,success,wallet,2026-06-15T10:03:16.760363
TXN_000002792,ACC_000130,MER_00096,128.69,INR,success,card,2026-06-25T06:20:35.760363
TXN_000002793,ACC_000110,MER_00115,638.41,INR,success,card,2026-06-07T06:08:34.760363
TXN_000002794,ACC_000257,MER_00099,10.78,INR,success,upi,2026-07-20T13:53:09.760363
TXN_000002795,ACC_000008,MER_00193,883.36,INR,success,upi,2026-08-22T21:13:18.760363
TXN_000002796,ACC_000080,MER_00075,252.07,INR,success,net_banking,2026-06-01T13:25:40.760363
TXN_000002797,ACC_000408,MER_00014,584.69,INR,success,net_banking,2026-08-20T09:26:37.760363
TXN_000002798,ACC_000124,MER_00142,190.94,INR,success,card,2026-07-06T05:07:10.760363
TXN_000002799,ACC_000396,MER_00144,266.01,INR,success,upi,2026-06-10T12:06:32.760363
TXN_000002800,ACC_000115,MER_00026,107.56,INR,success,card,2026-07-12T20:12:18.760363
TXN_000002801,ACC_000312,MER_00006,291.49,INR,success,upi,2026-07-19T23:05:10.760363
TXN_000002802,ACC_000485,MER_00037,327.46,INR,success,net_banking,2026-07-10T05:01:28.760363
TXN_000002803,ACC_000618,MER_00087,185.37,INR,success,card,2026-08-16T13:49:30.760363
TXN_000002804,ACC_000356,MER_00191,30.55,INR,success,upi,2026-06-03T18:51:12.760363
TXN_000002805,ACC_000407,MER_00179,317.34,INR,success,upi,2026-07-04T12:17:19.760363
TXN_000002806,ACC_000253,MER_00183,87.1,INR,success,net_banking,2026-08-08T02:39:06.760363
TXN_000002807,ACC_000993,MER_00136,334.2,INR,success,card,2026-06-09T13:30:20.760363
TXN_000002808,ACC_000428,MER_00066,48.03,INR,success,card,2026-06-26T08:11:25.760363
TXN_000002809,ACC_000657,MER_00178,651.85,INR,success,card,2026-07-02T14:40:07.760363
TXN_000002810,ACC_000651,MER_00075,782.09,INR,success,card,2026-07-04T01:54:48.760363
TXN_000002811,ACC_000623,MER_00031,92.74,INR,success,upi,2026-08-10T01:18:18.760363
TXN_000002812,ACC_000379,MER_00042,152.12,INR,success,wallet,2026-06-26T08:32:40.760363
TXN_000002813,ACC_000965,MER_00134,350.19,INR,success,upi,2026-05-30T21:35:56.760363
TXN_000002814,ACC_000900,MER_00107,145.69,INR,success,upi,2026-08-03T02:21:46.760363
TXN_000002815,ACC_000439,MER_00098,87.09,INR,success,card,2026-07-14T07:54:28.760363
TXN_000002816,ACC_000534,MER_00143,83.42,INR,success,upi,2026-07-25T14:16:45.760363
TXN_000002817,ACC_000718,MER_00007,110.9,INR,success,net_banking,2026-06-29T08:49:31.760363
TXN_000002818,ACC_000521,MER_00077,294.09,INR,failed,card,2026-06-16T06:24:36.760363
TXN_000002819,ACC_000360,MER_00134,205.68,INR,success,upi,2026-08-23T20:14:43.760363
TXN_000002820,ACC_000196,MER_00069,473.6,INR,success,wallet,2026-06-29T07:43:21.760363
TXN_000002821,ACC_000969,MER_00020,79.29,INR,success,wallet,2026-08-20T02:23:43.760363
TXN_000002822,ACC_000310,MER_00069,136.71,INR,success,card,2026-06-17T05:06:50.760363
TXN_000002823,ACC_000299,MER_00159,76.08,INR,success,wallet,2026-08-18T23:22:23.760363
TXN_000002824,ACC_000014,MER_00182,87.26,INR,success,net_banking,2026-08-02T23:02:45.760363
TXN_000002825,ACC_000925,MER_00120,84.74,INR,success,net_banking,2026-08-19T23:05:47.760363
TXN_000002826,ACC_000940,MER_00083,1017.43,INR,success,wallet,2026-07-30T09:23:21.760363
TXN_000002827,ACC_000566,MER_00023,167.87,INR,success,card,2026-06-12T11:13:20.760363
TXN_000002828,ACC_000760,MER_00127,431.3,INR,success,wallet,2026-08-15T08:44:49.760363
TXN_000002829,ACC_000883,MER_00175,46.13,INR,success,upi,2026-07-10T03:04:14.760363
TXN_000002830,ACC_000147,MER_00073,884.64,INR,success,card,2026-06-18T10:09:42.760363
TXN_000002831,ACC_000694,MER_00135,299.3,INR,success,upi,2026-08-01T06:55:09.760363
TXN_000002832,ACC_000984,MER_00058,633.25,INR,success,wallet,2026-06-02T18:03:43.760363
TXN_000002833,ACC_000134,MER_00026,1245.28,INR,success,upi,2026-06-20T09:33:58.760363
TXN_000002834,ACC_000977,MER_00139,72.19,INR,success,card,2026-08-02T13:02:39.760363
TXN_000002835,ACC_000822,MER_00188,219.48,INR,failed,upi,2026-07-16T09:54:47.760363
TXN_000002836,ACC_000156,MER_00057,161.68,INR,success,wallet,2026-07-14T14:09:48.760363
TXN_000002837,ACC_000666,MER_00100,183.23,INR,success,wallet,2026-08-19T09:39:01.760363
TXN_000002838,ACC_000231,MER_00071,452.42,INR,success,card,2026-06-06T05:57:51.760363
TXN_000002839,ACC_000702,MER_00193,346.28,INR,success,upi,2026-06-24T16:51:27.760363
TXN_000002840,ACC_000364,MER_00062,858.74,INR,success,wallet,2026-07-31T11:26:29.760363
TXN_000002841,ACC_000792,MER_00007,446.09,INR,success,wallet,2026-08-24T06:20:31.760363
TXN_000002842,ACC_000774,MER_00124,843.92,INR,success,upi,2026-08-22T01:06:03.760363
TXN_000002843,ACC_000502,MER_00021,113.03,INR,success,card,2026-07-05T09:13:13.760363
TXN_000002844,ACC_000862,MER_00176,1066.64,INR,success,upi,2026-07-20T00:37:02.760363
TXN_000002845,ACC_000404,MER_00019,355.64,INR,success,wallet,2026-07-08T22:02:05.760363
TXN_000002846,ACC_000712,MER_00152,286.86,INR,success,upi,2026-06-12T20:25:59.760363
TXN_000002847,ACC_000568,MER_00080,864.91,INR,success,net_banking,2026-06-10T15:30:45.760363
TXN_000002848,ACC_000331,MER_00072,415.32,INR,success,net_banking,2026-05-28T10:25:47.760363
TXN_000002849,ACC_000481,MER_00170,483.43,INR,failed,net_banking,2026-06-12T16:43:11.760363
TXN_000002850,ACC_000044,MER_00117,561.07,INR,success,upi,2026-06-04T21:11:05.760363
TXN_000002851,ACC_000505,MER_00182,55.31,INR,success,wallet,2026-05-27T18:01:37.760363
TXN_000002852,ACC_000738,MER_00162,197.4,INR,success,wallet,2026-06-24T14:10:44.760363
TXN_000002853,ACC_000035,MER_00147,503.44,INR,success,wallet,2026-08-10T02:19:15.760363
TXN_000002854,ACC_000025,MER_00148,762.89,INR,success,upi,2026-08-11T02:22:57.760363
TXN_000002855,ACC_000737,MER_00171,315.72,INR,success,wallet,2026-08-09T03:40:31.760363
TXN_000002856,ACC_000258,MER_00096,1179.86,INR,success,upi,2026-07-12T01:15:02.760363
TXN_000002857,ACC_000707,MER_00027,127.47,INR,success,upi,2026-06-30T19:41:33.760363
TXN_000002858,ACC_000670,MER_00107,104.79,INR,success,card,2026-08-16T06:34:44.760363
TXN_000002859,ACC_000372,MER_00179,116.58,INR,success,net_banking,2026-08-08T16:20:42.760363
TXN_000002860,ACC_000071,MER_00025,529.17,INR,pending,net_banking,2026-08-11T08:29:11.760363
TXN_000002861,ACC_000263,MER_00109,431.92,INR,success,wallet,2026-06-24T05:00:21.760363
TXN_000002862,ACC_000685,MER_00013,360.13,INR,success,upi,2026-07-17T18:07:11.760363
TXN_000002863,ACC_000687,MER_00154,839.11,INR,success,card,2026-08-04T04:53:50.760363
TXN_000002864,ACC_000244,MER_00096,109.63,INR,success,wallet,2026-06-03T04:14:01.760363
TXN_000002865,ACC_000525,MER_00196,86.63,INR,success,net_banking,2026-05-28T13:57:36.760363
TXN_000002866,ACC_000837,MER_00007,227.22,INR,success,card,2026-06-19T20:45:05.760363
TXN_000002867,ACC_000663,MER_00064,82.01,INR,success,wallet,2026-08-21T12:15:33.760363
TXN_000002868,ACC_000294,MER_00135,300.95,INR,success,wallet,2026-07-19T21:28:16.760363
TXN_000002869,ACC_000911,MER_00080,135.83,INR,success,card,2026-07-24T07:24:59.760363
TXN_000002870,ACC_000945,MER_00193,144.28,INR,success,card,2026-06-06T21:11:40.760363
TXN_000002871,ACC_000718,MER_00038,1277.93,INR,success,card,2026-08-03T20:39:53.760363
TXN_000002872,ACC_000246,MER_00150,23.41,INR,success,wallet,2026-07-02T19:43:52.760363
TXN_000002873,ACC_000091,MER_00109,282.88,INR,success,wallet,2026-07-03T08:12:31.760363
TXN_000002874,ACC_000002,MER_00172,281.06,INR,success,upi,2026-07-04T03:31:25.760363
TXN_000002875,ACC_000501,MER_00030,608.51,INR,success,upi,2026-06-13T14:58:53.760363
TXN_000002876,ACC_000971,MER_00200,91.19,INR,success,wallet,2026-05-28T22:06:47.760363
TXN_000002877,ACC_000147,MER_00098,63.05,INR,success,card,2026-08-15T10:19:26.760363
TXN_000002878,ACC_000849,MER_00190,1063.48,INR,success,wallet,2026-07-14T22:05:55.760363
TXN_000002879,ACC_000980,MER_00034,439.24,INR,success,net_banking,2026-06-29T22:18:29.760363
TXN_000002880,ACC_000175,MER_00046,121.45,INR,success,upi,2026-05-27T09:28:17.760363
TXN_000002881,ACC_000674,MER_00187,87.14,INR,success,wallet,2026-08-07T14:27:55.760363
TXN_000002882,ACC_000219,MER_00059,83.57,INR,failed,net_banking,2026-06-11T13:48:41.760363
TXN_000002883,ACC_000150,MER_00003,230.2,INR,success,card,2026-06-03T23:12:28.760363
TXN_000002884,ACC_000381,MER_00137,2246.38,INR,pending,wallet,2026-08-24T06:20:14.760363
TXN_000002885,ACC_000242,MER_00053,270.96,INR,success,wallet,2026-08-07T11:15:39.760363
TXN_000002886,ACC_000821,MER_00193,196.01,INR,success,net_banking,2026-06-28T23:29:38.760363
TXN_000002887,ACC_000446,MER_00145,37.7,INR,success,wallet,2026-08-06T22:48:41.760363
TXN_000002888,ACC_000434,MER_00194,226.3,INR,success,net_banking,2026-06-23T09:57:21.760363
TXN_000002889,ACC_000793,MER_00028,860.2,INR,success,upi,2026-07-06T01:10:16.760363
TXN_000002890,ACC_000683,MER_00117,220.69,INR,success,wallet,2026-06-08T02:41:29.760363
TXN_000002891,ACC_000872,MER_00076,328.3,INR,success,wallet,2026-06-08T07:52:17.760363
TXN_000002892,ACC_000391,MER_00138,64.24,INR,success,wallet,2026-05-31T00:28:59.760363
TXN_000002893,ACC_000922,MER_00094,56.41,INR,success,net_banking,2026-07-20T20:32:00.760363
TXN_000002894,ACC_000349,MER_00007,312.96,INR,success,upi,2026-07-10T00:32:12.760363
TXN_000002895,ACC_000629,MER_00122,155.84,INR,success,upi,2026-08-12T10:24:48.760363
TXN_000002896,ACC_000859,MER_00167,267.75,INR,success,wallet,2026-07-10T12:35:57.760363
TXN_000002897,ACC_000268,MER_00027,201.26,INR,success,wallet,2026-08-14T19:38:28.760363
TXN_000002898,ACC_000660,MER_00186,136.05,INR,success,upi,2026-07-30T12:22:52.760363
TXN_000002899,ACC_000100,MER_00116,136.36,INR,success,wallet,2026-07-29T05:17:05.760363
TXN_000002900,ACC_000272,MER_00062,291.94,INR,success,wallet,2026-06-02T03:01:30.760363
TXN_000002901,ACC_000034,MER_00194,574.34,INR,success,net_banking,2026-08-14T22:05:21.760363
TXN_000002902,ACC_000431,MER_00171,67.24,INR,success,net_banking,2026-07-07T16:02:36.760363
TXN_000002903,ACC_000344,MER_00163,240.9,INR,success,net_banking,2026-07-16T21:14:52.760363
TXN_000002904,ACC_000394,MER_00156,479.32,INR,success,wallet,2026-06-29T05:21:15.760363
TXN_000002905,ACC_000548,MER_00083,323.6,INR,success,card,2026-08-17T03:22:30.760363
TXN_000002906,ACC_000422,MER_00124,435.21,INR,success,card,2026-07-03T03:01:24.760363
TXN_000002907,ACC_000742,MER_00003,46.47,INR,success,card,2026-06-10T19:17:59.760363
TXN_000002908,ACC_000646,MER_00184,172.73,INR,success,upi,2026-07-19T08:20:32.760363
TXN_000002909,ACC_000974,MER_00072,344.52,INR,success,upi,2026-06-20T10:54:28.760363
TXN_000002910,ACC_000498,MER_00103,601.33,INR,success,wallet,2026-08-20T12:39:35.760363
TXN_000002911,ACC_000452,MER_00198,608.98,INR,success,upi,2026-07-29T02:16:55.760363
TXN_000002912,ACC_000567,MER_00018,586.72,INR,success,upi,2026-08-17T20:49:13.760363
TXN_000002913,ACC_000274,MER_00076,127.14,INR,success,card,2026-08-21T22:04:55.760363
TXN_000002914,ACC_000874,MER_00177,658.72,INR,success,upi,2026-05-27T02:49:37.760363
TXN_000002915,ACC_000016,MER_00144,229.15,INR,success,wallet,2026-06-17T19:29:28.760363
TXN_000002916,ACC_000482,MER_00133,253.55,INR,success,net_banking,2026-08-18T12:36:23.760363
TXN_000002917,ACC_000257,MER_00118,1170.35,INR,success,net_banking,2026-06-28T03:34:39.760363
TXN_000002918,ACC_000712,MER_00121,725.44,INR,success,wallet,2026-06-06T06:37:35.760363
TXN_000002919,ACC_000786,MER_00198,332.91,INR,success,upi,2026-08-21T04:12:06.760363
TXN_000002920,ACC_000249,MER_00047,166.26,INR,success,card,2026-06-17T20:56:12.760363
TXN_000002921,ACC_000001,MER_00092,661.17,INR,success,wallet,2026-06-05T15:49:50.760363
TXN_000002922,ACC_000856,MER_00106,265.95,INR,failed,upi,2026-08-16T08:30:38.760363
TXN_000002923,ACC_000761,MER_00165,395.81,INR,success,upi,2026-07-26T07:01:15.760363
TXN_000002924,ACC_000266,MER_00040,365.13,INR,success,wallet,2026-07-10T18:54:02.760363
TXN_000002925,ACC_000391,MER_00049,139.89,INR,success,net_banking,2026-07-19T14:58:16.760363
TXN_000002926,ACC_000695,MER_00116,314.78,INR,success,wallet,2026-07-28T11:25:57.760363
TXN_000002927,ACC_000534,MER_00175,221.12,INR,success,upi,2026-06-26T22:55:22.760363
TXN_000002928,ACC_000315,MER_00198,81.15,INR,success,upi,2026-06-18T08:28:40.760363
TXN_000002929,ACC_000114,MER_00087,121.42,INR,success,wallet,2026-08-06T07:04:20.760363
TXN_000002930,ACC_000849,MER_00191,163.27,INR,success,upi,2026-05-30T05:52:35.760363
TXN_000002931,ACC_000211,MER_00099,627.91,INR,success,card,2026-07-02T06:04:19.760363
TXN_000002932,ACC_000434,MER_00016,72.82,INR,success,net_banking,2026-06-17T11:50:22.760363
TXN_000002933,ACC_000551,MER_00195,78.95,INR,success,card,2026-08-14T09:34:24.760363
TXN_000002934,ACC_000338,MER_00151,234.85,INR,success,wallet,2026-07-24T22:52:28.760363
TXN_000002935,ACC_000912,MER_00191,100.98,INR,success,upi,2026-06-22T06:18:51.760363
TXN_000002936,ACC_000132,MER_00132,120.21,INR,success,wallet,2026-07-30T14:32:25.760363
TXN_000002937,ACC_001000,MER_00110,251.81,INR,success,wallet,2026-07-04T00:18:47.760363
TXN_000002938,ACC_000359,MER_00177,373.14,INR,success,net_banking,2026-06-19T01:21:42.760363
TXN_000002939,ACC_000941,MER_00079,2134.09,INR,success,wallet,2026-06-14T13:58:14.760363
TXN_000002940,ACC_000903,MER_00018,1110.15,INR,success,card,2026-07-20T21:57:19.760363
TXN_000002941,ACC_000518,MER_00054,30.13,INR,success,card,2026-08-01T03:19:16.760363
TXN_000002942,ACC_000423,MER_00139,197.97,INR,success,wallet,2026-07-09T08:51:15.760363
TXN_000002943,ACC_000119,MER_00087,138.54,INR,success,wallet,2026-08-19T08:27:07.760363
TXN_000002944,ACC_000031,MER_00187,228.6,INR,success,net_banking,2026-06-09T06:24:28.760363
TXN_000002945,ACC_000206,MER_00179,171.82,INR,success,card,2026-07-30T18:33:00.760363
TXN_000002946,ACC_000109,MER_00056,67.11,INR,success,card,2026-06-13T00:14:55.760363
TXN_000002947,ACC_000163,MER_00080,100.25,INR,success,card,2026-08-10T19:09:02.760363
TXN_000002948,ACC_000865,MER_00049,93.61,INR,success,wallet,2026-07-13T12:19:38.760363
TXN_000002949,ACC_000053,MER_00025,454.82,INR,success,upi,2026-06-18T13:32:12.760363
TXN_000002950,ACC_000570,MER_00178,617.96,INR,success,wallet,2026-05-28T15:08:59.760363
TXN_000002951,ACC_000698,MER_00061,85.24,INR,success,wallet,2026-07-03T15:23:16.760363
TXN_000002952,ACC_000900,MER_00084,55.21,INR,success,upi,2026-08-08T03:14:07.760363
TXN_000002953,ACC_000013,MER_00091,109.79,INR,success,wallet,2026-07-30T19:01:16.760363
TXN_000002954,ACC_000191,MER_00127,202.68,INR,success,wallet,2026-06-09T13:26:00.760363
TXN_000002955,ACC_000752,MER_00145,39.41,INR,success,net_banking,2026-06-04T17:07:03.760363
TXN_000002956,ACC_000926,MER_00142,462.81,INR,success,net_banking,2026-07-05T14:27:59.760363
TXN_000002957,ACC_000896,MER_00166,28.57,INR,success,net_banking,2026-05-29T02:01:36.760363
TXN_000002958,ACC_000135,MER_00093,176.87,INR,success,card,2026-07-01T15:37:45.760363
TXN_000002959,ACC_000895,MER_00147,137.42,INR,success,net_banking,2026-06-13T12:48:43.760363
TXN_000002960,ACC_000511,MER_00082,18.17,INR,failed,upi,2026-07-21T21:05:17.760363
TXN_000002961,ACC_000194,MER_00085,82.38,INR,success,upi,2026-08-17T16:15:41.760363
TXN_000002962,ACC_000929,MER_00086,29.62,INR,failed,wallet,2026-06-11T04:28:31.760363
TXN_000002963,ACC_000872,MER_00076,363.57,INR,success,card,2026-06-06T11:19:14.760363
TXN_000002964,ACC_000324,MER_00127,216.82,INR,failed,upi,2026-07-12T02:22:22.760363
TXN_000002965,ACC_000173,MER_00047,288.27,INR,success,net_banking,2026-07-08T17:17:49.760363
TXN_000002966,ACC_000607,MER_00200,519.95,INR,success,net_banking,2026-06-16T08:32:37.760363
TXN_000002967,ACC_000279,MER_00169,96.04,INR,success,net_banking,2026-07-19T00:02:26.760363
TXN_000002968,ACC_000396,MER_00184,1274.88,INR,success,net_banking,2026-08-14T01:02:55.760363
TXN_000002969,ACC_000116,MER_00105,75.59,INR,success,card,2026-07-08T03:00:46.760363
TXN_000002970,ACC_000968,MER_00116,249.17,INR,success,upi,2026-08-18T22:31:42.760363
TXN_000002971,ACC_000040,MER_00162,142.82,INR,success,card,2026-06-06T19:46:01.760363
TXN_000002972,ACC_000260,MER_00167,288.15,INR,success,wallet,2026-08-10T03:51:01.760363
TXN_000002973,ACC_000907,MER_00027,505.15,INR,success,net_banking,2026-07-02T15:01:15.760363
TXN_000002974,ACC_000870,MER_00041,258.35,INR,success,wallet,2026-07-21T01:21:55.760363
TXN_000002975,ACC_000036,MER_00028,223.25,INR,success,card,2026-08-22T07:12:18.760363
TXN_000002976,ACC_000539,MER_00150,179.73,INR,success,wallet,2026-08-19T04:52:05.760363
TXN_000002977,ACC_000303,MER_00141,287.67,INR,success,card,2026-08-09T05:12:49.760363
TXN_000002978,ACC_000228,MER_00163,163.54,INR,success,upi,2026-08-02T22:43:35.760363
TXN_000002979,ACC_000096,MER_00193,161.2,INR,success,net_banking,2026-07-28T04:40:41.760363
TXN_000002980,ACC_000649,MER_00164,958.74,INR,success,net_banking,2026-07-24T09:40:55.760363
TXN_000002981,ACC_000221,MER_00054,33.15,INR,failed,wallet,2026-08-22T10:23:24.760363
TXN_000002982,ACC_000007,MER_00090,267.24,INR,success,wallet,2026-08-06T09:15:07.760363
TXN_000002983,ACC_000354,MER_00042,114.48,INR,success,card,2026-06-08T05:37:17.760363
TXN_000002984,ACC_000262,MER_00012,203.83,INR,success,card,2026-08-11T02:22:56.760363
TXN_000002985,ACC_000746,MER_00028,963.18,INR,success,wallet,2026-05-28T18:03:19.760363
TXN_000002986,ACC_000092,MER_00027,121.63,INR,success,wallet,2026-07-29T10:33:46.760363
TXN_000002987,ACC_000526,MER_00062,1043.96,INR,success,upi,2026-06-12T06:37:35.760363
TXN_000002988,ACC_000641,MER_00056,621.07,INR,success,card,2026-08-04T00:46:24.760363
TXN_000002989,ACC_000198,MER_00075,552.63,INR,failed,net_banking,2026-07-17T21:59:10.760363
TXN_000002990,ACC_000245,MER_00071,2628.95,INR,success,card,2026-07-02T00:22:52.760363
TXN_000002991,ACC_000619,MER_00007,68.56,INR,success,net_banking,2026-06-13T05:51:48.760363
TXN_000002992,ACC_000450,MER_00135,1019.07,INR,success,wallet,2026-07-11T10:12:31.760363
TXN_000002993,ACC_000617,MER_00066,380.08,INR,success,upi,2026-08-09T05:49:55.760363
TXN_000002994,ACC_000601,MER_00131,239.66,INR,pending,wallet,2026-06-13T03:05:33.760363
TXN_000002995,ACC_000154,MER_00123,333.39,INR,success,wallet,2026-06-27T23:29:49.760363
TXN_000002996,ACC_000825,MER_00057,96.01,INR,success,card,2026-07-31T00:48:06.760363
TXN_000002997,ACC_000193,MER_00097,1459.84,INR,success,net_banking,2026-06-19T12:32:03.760363
TXN_000002998,ACC_000208,MER_00188,220.23,INR,success,net_banking,2026-07-17T07:03:43.760363
TXN_000002999,ACC_000020,MER_00087,135.51,INR,success,upi,2026-06-02T14:20:26.760363
TXN_000003000,ACC_000800,MER_00025,624.89,INR,success,wallet,2026-08-08T11:06:18.760363
TXN_000003001,ACC_000547,MER_00045,142.63,INR,success,net_banking,2026-07-02T20:25:22.760363
TXN_000003002,ACC_INVALID,MER_00066,33.16,INR,success,card,2026-06-15T08:31:43.760363
TXN_000003003,ACC_000973,MER_00180,266.58,INR,success,wallet,2026-08-11T19:30:34.760363
TXN_000003004,ACC_000279,MER_00113,15.41,INR,success,upi,2026-05-31T18:55:20.760363
TXN_000003005,ACC_000090,MER_00049,295.34,INR,success,upi,2026-07-19T16:12:11.760363
TXN_000003006,ACC_000236,MER_00080,985.3,INR,success,wallet,2026-07-26T14:47:36.760363
TXN_000003007,ACC_000886,MER_00043,81.6,INR,success,wallet,2026-08-13T10:36:02.760363
TXN_000003008,ACC_000096,MER_00179,1445.44,INR,failed,wallet,2026-07-31T19:40:14.760363
TXN_000003009,ACC_000595,MER_00138,71.79,INR,success,net_banking,2026-06-08T19:26:45.760363
TXN_000003010,ACC_000561,MER_00149,94.74,INR,success,wallet,2026-08-18T15:07:16.760363
TXN_000003011,ACC_000102,MER_00141,160.08,INR,success,card,2026-06-30T14:44:56.760363
TXN_000003012,ACC_000238,MER_00195,61.76,INR,success,net_banking,2026-07-06T01:30:29.760363
TXN_000003013,ACC_000336,MER_00013,1056.76,INR,success,net_banking,2026-08-13T21:11:56.760363
TXN_000003014,ACC_000515,MER_00142,160.12,INR,success,card,2026-07-20T10:33:14.760363
TXN_000003015,ACC_000679,MER_00153,495.39,INR,success,card,2026-06-16T04:32:59.760363
TXN_000003016,ACC_000359,MER_00170,798.47,INR,success,wallet,2026-06-13T17:29:53.760363
TXN_000003017,ACC_000040,MER_00062,478.73,INR,success,card,2026-08-03T20:39:45.760363
TXN_000003018,ACC_000601,MER_00127,73.75,INR,success,card,2026-05-27T10:03:49.760363
TXN_000003019,ACC_000318,MER_00173,190.85,INR,success,upi,2026-06-16T17:15:13.760363
TXN_000003020,ACC_000885,MER_00198,83.22,INR,success,card,2026-06-27T19:53:48.760363
TXN_000003021,ACC_000138,MER_00052,220.35,INR,success,card,2026-07-10T20:00:25.760363
TXN_000003022,ACC_000572,MER_00174,103.59,INR,success,wallet,2026-07-09T08:28:01.760363
TXN_000003023,ACC_000116,MER_00084,100.66,INR,success,wallet,2026-06-10T04:39:39.760363
TXN_000003024,ACC_000501,MER_00179,131.54,INR,success,card,2026-07-22T11:31:17.760363
TXN_000003025,ACC_000323,MER_00037,319.13,INR,success,card,2026-07-13T23:06:14.760363
TXN_000003026,ACC_000255,MER_00040,608.19,INR,success,card,2026-06-12T08:41:20.760363
TXN_000003027,ACC_000303,MER_00033,323.75,INR,success,wallet,2026-07-17T12:52:49.760363
TXN_000003028,ACC_000709,MER_00012,489.95,INR,success,upi,2026-07-02T17:07:25.760363
TXN_000003029,ACC_000919,MER_00035,331.27,INR,success,upi,2026-06-08T12:26:42.760363
TXN_000003030,ACC_000829,MER_00124,132.13,INR,success,card,2026-07-15T18:41:09.760363
TXN_000003031,ACC_000289,MER_00116,27.97,INR,success,wallet,2026-08-16T03:25:54.760363
TXN_000003032,ACC_000230,MER_00127,180.02,INR,success,net_banking,2026-07-08T15:33:05.760363
TXN_000003033,ACC_000892,MER_00180,240.97,INR,failed,net_banking,2026-06-09T01:29:52.760363
TXN_000003034,ACC_000078,MER_00067,398.51,INR,failed,card,2026-08-20T09:39:17.760363
TXN_000003035,ACC_000638,MER_00152,332.75,INR,success,wallet,2026-07-24T06:54:34.760363
TXN_000003036,ACC_000036,MER_00105,190.75,INR,success,net_banking,2026-06-11T15:01:05.760363
TXN_000003037,ACC_000491,MER_00048,986.29,INR,success,wallet,2026-08-06T10:38:09.760363
TXN_000003038,ACC_000627,MER_00122,192.29,INR,success,upi,2026-06-12T20:54:24.760363
TXN_000003039,ACC_000279,MER_00052,468.15,INR,success,wallet,2026-07-02T04:36:10.760363
TXN_000003040,ACC_000602,MER_00022,379.41,INR,success,net_banking,2026-08-12T10:01:02.760363
TXN_000003041,ACC_000111,MER_00021,23.78,INR,success,card,2026-07-28T18:29:39.760363
TXN_000003042,ACC_000232,MER_00115,1082.55,INR,failed,upi,2026-08-01T01:56:11.760363
TXN_000003043,ACC_000752,MER_00071,300.5,INR,success,net_banking,2026-08-19T08:53:34.760363
TXN_000003044,ACC_000033,MER_00030,69.25,INR,success,upi,2026-06-10T06:46:40.760363
TXN_000003045,ACC_000332,MER_00146,250.29,INR,failed,wallet,2026-08-14T15:17:42.760363
TXN_000003046,ACC_000955,MER_00099,785.58,INR,success,net_banking,2026-08-08T12:08:20.760363
TXN_000003047,ACC_000850,MER_00098,24.18,INR,success,net_banking,2026-06-03T08:28:52.760363
TXN_000003048,ACC_000269,MER_00026,1594.22,INR,success,upi,2026-06-23T02:42:48.760363
TXN_000003049,ACC_000037,MER_00195,478.97,INR,success,wallet,2026-06-08T05:38:59.760363
TXN_000003050,ACC_000082,MER_00176,797.51,INR,success,wallet,2026-08-11T16:33:11.760363
TXN_000003051,ACC_000688,MER_00015,173.32,INR,success,upi,2026-08-11T01:11:57.760363
TXN_000003052,ACC_000393,MER_00046,271.79,INR,success,card,2026-05-31T16:01:12.760363
TXN_000003053,ACC_000683,MER_00110,375.46,INR,success,net_banking,2026-07-11T15:41:04.760363
TXN_000003054,ACC_000095,MER_00114,97.34,INR,success,card,2026-06-27T04:38:55.760363
TXN_000003055,ACC_000092,MER_00078,362.02,INR,success,upi,2026-06-18T23:20:16.760363
TXN_000003056,ACC_000873,MER_00012,30.29,INR,success,wallet,2026-06-21T20:39:21.760363
TXN_000003057,ACC_000390,MER_00003,114.24,INR,success,upi,2026-06-22T16:45:48.760363
TXN_000003058,ACC_000484,MER_00017,65.03,INR,success,wallet,2026-08-21T05:19:23.760363
TXN_000003059,ACC_000747,MER_00090,49.97,INR,success,upi,2026-07-02T06:02:27.760363
TXN_000003060,ACC_000974,MER_00056,133.51,INR,success,net_banking,2026-07-19T01:00:36.760363
TXN_000003061,ACC_000985,MER_00150,73.37,INR,success,net_banking,2026-05-30T14:54:28.760363
TXN_000003062,ACC_000149,MER_00039,664.33,INR,success,net_banking,2026-08-20T15:57:21.760363
TXN_000003063,ACC_000919,MER_00138,333.18,INR,success,wallet,2026-06-04T05:11:40.760363
TXN_000003064,ACC_000253,MER_00148,789.09,INR,success,wallet,2026-07-13T21:34:32.760363
TXN_000003065,ACC_000794,MER_00110,168.2,INR,success,upi,2026-08-04T00:00:28.760363
TXN_000003066,ACC_000010,MER_00032,96.31,INR,success,upi,2026-08-23T21:24:19.760363
TXN_000003067,ACC_000100,MER_00160,886.15,INR,success,upi,2026-08-04T22:34:38.760363
TXN_000003068,ACC_000435,MER_00106,2608.97,INR,success,card,2026-08-04T06:33:58.760363
TXN_000003069,ACC_000689,MER_00030,202.36,INR,success,net_banking,2026-06-11T21:24:48.760363
TXN_000003070,ACC_000739,MER_00086,661.23,INR,success,card,2026-06-30T17:09:52.760363
TXN_000003071,ACC_000062,MER_00083,599.74,INR,success,upi,2026-08-05T13:47:13.760363
TXN_000003072,ACC_000940,MER_00079,963.81,INR,success,card,2026-06-08T20:34:41.760363
TXN_000003073,ACC_000532,MER_00024,248.29,INR,success,net_banking,2026-06-09T06:55:05.760363
TXN_000003074,ACC_000047,MER_00064,246.77,INR,success,card,2026-07-05T02:49:20.760363
TXN_000003075,ACC_000525,MER_00029,261.7,INR,success,net_banking,2026-06-11T11:32:33.760363
TXN_000003076,ACC_000703,MER_00031,510.05,INR,success,card,2026-07-04T01:26:08.760363
TXN_000003077,ACC_000659,MER_00049,118.97,INR,success,net_banking,2026-08-23T14:35:53.760363
TXN_000003078,ACC_000710,MER_00023,64.56,INR,success,net_banking,2026-06-09T09:43:20.760363
TXN_000003079,ACC_000082,MER_00065,242.77,INR,success,net_banking,2026-06-28T07:11:44.760363
TXN_000003080,ACC_000844,MER_00049,80.26,INR,success,upi,2026-06-12T13:00:17.760363
TXN_000003081,ACC_000162,MER_00031,262.83,INR,success,wallet,2026-08-19T11:09:17.760363
TXN_000003082,ACC_000159,MER_00114,1210.89,INR,success,wallet,2026-06-22T04:08:51.760363
TXN_000003083,ACC_000314,MER_00183,73.61,INR,success,net_banking,2026-06-01T05:29:34.760363
TXN_000003084,ACC_000283,MER_00024,193.6,INR,success,upi,2026-07-07T09:50:07.760363
TXN_000003085,ACC_000077,MER_00152,351.76,INR,success,card,2026-07-04T02:15:34.760363
TXN_000003086,ACC_000028,MER_00153,162.28,INR,success,wallet,2026-05-30T13:55:57.760363
TXN_000003087,ACC_000329,MER_00115,581.26,INR,success,wallet,2026-07-16T21:25:26.760363
TXN_000003088,ACC_000960,MER_00149,1007.83,INR,success,net_banking,2026-07-28T11:41:21.760363
TXN_000003089,ACC_000198,MER_00024,30.81,INR,success,net_banking,2026-05-29T00:17:05.760363
TXN_000003090,ACC_000965,MER_00153,328.33,INR,success,net_banking,2026-07-04T05:02:26.760363
TXN_000003091,ACC_000680,MER_00072,116.09,INR,success,upi,2026-08-18T23:30:40.760363
TXN_000003092,ACC_000257,MER_00080,274.01,INR,success,upi,2026-08-17T20:29:45.760363
TXN_000003093,ACC_000593,MER_00100,829.12,INR,success,upi,2026-06-17T20:58:38.760363
TXN_000003094,ACC_000411,MER_00157,57.33,INR,success,card,2026-07-17T21:11:52.760363
TXN_000003095,ACC_000702,MER_00154,502.68,INR,success,upi,2026-05-29T06:57:14.760363
TXN_000003096,ACC_000900,MER_00110,359.03,INR,pending,net_banking,2026-08-10T01:28:14.760363
TXN_000003097,ACC_000535,MER_00065,302.52,INR,success,net_banking,2026-08-06T09:29:46.760363
TXN_000003098,ACC_000315,MER_00033,144.19,INR,failed,wallet,2026-08-07T00:39:34.760363
TXN_000003099,ACC_000721,MER_00087,262.63,INR,success,upi,2026-08-22T23:14:00.760363
TXN_000003100,ACC_000537,MER_00062,106.42,INR,success,net_banking,2026-07-28T04:00:50.760363
TXN_000003101,ACC_000084,MER_00163,618.27,INR,success,upi,2026-06-29T02:15:44.760363
TXN_000003102,ACC_000620,MER_00158,554.12,INR,success,wallet,2026-07-26T13:44:56.760363
TXN_000003103,ACC_000955,MER_00094,97.1,INR,success,net_banking,2026-08-04T12:47:15.760363
TXN_000003104,ACC_000695,MER_00049,504.62,INR,success,wallet,2026-06-30T13:14:38.760363
TXN_000003105,ACC_000735,MER_00175,113.56,INR,success,wallet,2026-07-16T03:29:11.760363
TXN_000003106,ACC_000773,MER_00084,138.65,INR,success,upi,2026-07-30T21:14:46.760363
TXN_000003107,ACC_000790,MER_00006,183.6,INR,success,net_banking,2026-07-26T10:56:06.760363
TXN_000003108,ACC_000301,MER_00070,1020.96,INR,success,upi,2026-06-15T07:39:17.760363
TXN_000003109,ACC_000095,MER_00150,86.05,INR,success,card,2026-07-27T00:25:22.760363
TXN_000003110,ACC_000553,MER_00057,3272.57,INR,success,net_banking,2026-06-01T12:10:01.760363
TXN_000003111,ACC_000577,MER_00022,159.66,INR,success,upi,2026-06-29T02:26:02.760363
TXN_000003112,ACC_000974,MER_00099,-500.00,INR,success,net_banking,2026-07-14T15:15:15.760363
TXN_000003113,ACC_000369,MER_00074,423.45,INR,success,net_banking,2026-06-07T11:32:11.760363
TXN_000003114,ACC_000232,MER_00119,156.13,INR,success,wallet,2026-08-09T18:47:02.760363
TXN_000003115,ACC_000443,MER_00063,198.98,INR,success,net_banking,2026-06-16T08:45:19.760363
TXN_000003116,ACC_000671,MER_00145,220.98,INR,success,net_banking,2026-06-14T07:02:09.760363
TXN_000003117,ACC_000614,MER_00066,281.15,INR,success,net_banking,2026-07-31T18:15:38.760363
TXN_000003118,ACC_000886,MER_00074,280.96,INR,success,wallet,2026-06-12T15:34:17.760363
TXN_000003119,ACC_000824,MER_00174,495.99,INR,success,wallet,2026-06-27T13:50:09.760363
TXN_000003120,ACC_000581,MER_00152,61.51,INR,pending,wallet,2026-07-28T12:59:20.760363
TXN_000003121,ACC_000193,MER_00024,900.35,INR,success,upi,2026-06-18T23:36:36.760363
TXN_000003122,ACC_000961,MER_00058,226.7,INR,success,card,2026-08-14T21:43:49.760363
TXN_000003123,ACC_000663,MER_00121,301.05,INR,success,wallet,2026-06-10T00:51:05.760363
TXN_000003124,ACC_000780,MER_00081,474.97,INR,success,card,2026-06-12T03:45:23.760363
TXN_000003125,ACC_000283,MER_00164,572.46,INR,success,wallet,2026-08-03T13:49:09.760363
TXN_000003126,ACC_000333,MER_00146,60.98,INR,success,upi,2026-06-30T07:47:10.760363
TXN_000003127,ACC_000673,MER_00061,276.13,INR,success,upi,2026-06-24T09:13:50.760363
TXN_000003128,ACC_000463,MER_00077,349.21,INR,success,upi,2026-07-26T15:59:01.760363
TXN_000003129,ACC_000563,MER_00019,141.36,INR,success,upi,2026-07-18T14:20:34.760363
TXN_000003130,ACC_000283,MER_00131,878.54,INR,success,upi,2026-07-17T04:40:46.760363
TXN_000003131,ACC_000311,MER_00057,226.49,INR,success,card,2026-05-27T17:14:26.760363
TXN_000003132,ACC_000669,MER_00131,185.93,INR,success,card,2026-07-31T19:33:51.760363
TXN_000003133,ACC_000918,MER_00160,103.52,INR,success,card,2026-08-10T13:06:40.760363
TXN_000003134,ACC_000168,MER_00060,421.52,INR,success,upi,2026-07-27T02:44:04.760363
TXN_000003135,ACC_000576,MER_00100,1446.9,INR,success,card,2026-08-17T17:16:05.760363
TXN_000003136,ACC_000538,MER_00127,96.29,INR,success,net_banking,2026-08-17T19:41:53.760363
TXN_000003137,ACC_000497,MER_00064,521.73,INR,success,upi,2026-06-23T22:57:40.760363
TXN_000003138,ACC_000744,MER_00085,87.51,INR,success,wallet,2026-05-28T00:10:13.760363
TXN_000003139,ACC_000707,MER_00140,399.07,INR,pending,card,2026-05-30T12:34:09.760363
TXN_000003140,ACC_000445,MER_00180,249.87,INR,success,wallet,2026-08-16T21:11:57.760363
TXN_000003141,ACC_000326,MER_00151,662.48,INR,success,card,2026-06-24T16:26:38.760363
TXN_000003142,ACC_000243,MER_00097,106.62,INR,success,wallet,2026-08-19T22:29:54.760363
TXN_000003143,ACC_000313,MER_00123,63.75,INR,success,net_banking,2026-06-21T03:37:30.760363
TXN_000003144,ACC_000779,MER_00165,79.52,INR,success,card,2026-06-28T00:39:03.760363
TXN_000003145,ACC_000865,MER_00058,93.83,INR,success,card,2026-08-13T15:14:49.760363
TXN_000003146,ACC_000786,MER_00038,2227.47,INR,success,net_banking,2026-08-06T23:18:59.760363
TXN_000003147,ACC_000318,MER_00041,102.95,INR,success,wallet,2026-08-10T16:06:34.760363
TXN_000003148,ACC_000980,MER_00176,105.72,INR,success,wallet,2026-05-29T17:27:51.760363
TXN_000003149,ACC_000133,MER_00039,204.23,INR,success,wallet,2026-08-04T17:48:34.760363
TXN_000003150,ACC_000246,MER_00149,215.48,INR,success,wallet,2026-06-15T07:14:57.760363
TXN_000003151,ACC_000646,MER_00023,760.83,INR,success,net_banking,2026-07-10T05:17:11.760363
TXN_000003152,ACC_000664,MER_00170,951.73,INR,success,net_banking,2026-06-03T14:06:53.760363
TXN_000003153,ACC_000432,MER_00092,307.13,INR,success,net_banking,2026-06-27T21:37:27.760363
TXN_000003154,ACC_000667,MER_00013,554.43,INR,success,net_banking,2026-06-27T11:11:38.760363
TXN_000003155,ACC_000726,MER_00047,340.2,INR,success,wallet,2026-07-13T04:35:43.760363
TXN_000003156,ACC_000159,MER_00112,523.35,INR,success,net_banking,2026-08-05T14:22:22.760363
TXN_000003157,ACC_000262,MER_00195,320.48,INR,success,card,2026-08-05T11:33:12.760363
TXN_000003158,ACC_000307,MER_00082,670.95,INR,success,card,2026-05-28T19:34:05.760363
TXN_000003159,ACC_000918,MER_00137,250.63,INR,success,card,2026-08-04T09:03:11.760363
TXN_000003160,ACC_000950,MER_00068,287.3,INR,success,card,2026-08-12T06:02:16.760363
TXN_000003161,ACC_000134,MER_00075,297.82,INR,success,card,2026-06-15T10:39:50.760363
TXN_000003162,ACC_000714,MER_00136,137.33,INR,success,net_banking,2026-07-28T04:39:47.760363
TXN_000003163,ACC_000883,MER_00134,532.19,INR,success,wallet,2026-08-03T03:50:04.760363
TXN_000003164,ACC_000596,MER_00111,229.68,INR,success,card,2026-07-30T08:41:52.760363
TXN_000003165,ACC_000599,MER_00009,123.36,INR,success,wallet,2026-08-22T02:57:52.760363
TXN_000003166,ACC_000860,MER_00028,130.47,INR,success,net_banking,2026-08-13T10:40:18.760363
TXN_000003167,ACC_000562,MER_00056,134.35,INR,success,net_banking,2026-08-18T04:30:06.760363
TXN_000003168,ACC_000451,MER_00075,168.61,INR,success,net_banking,2026-06-15T18:05:37.760363
TXN_000003169,ACC_000163,MER_00081,117.25,INR,success,wallet,2026-06-26T04:20:34.760363
TXN_000003170,ACC_000048,MER_00014,544.0,INR,success,wallet,2026-06-01T19:43:10.760363
TXN_000003171,ACC_000882,MER_00007,238.08,INR,success,card,2026-08-24T16:33:08.760363
TXN_000003172,ACC_000594,MER_00015,196.85,INR,success,net_banking,2026-06-23T14:17:19.760363
TXN_000003173,ACC_000678,MER_00121,281.18,INR,success,wallet,2026-06-09T17:56:24.760363
TXN_000003174,ACC_000737,MER_00102,287.72,INR,success,card,2026-07-08T03:33:20.760363
TXN_000003175,ACC_000431,MER_00147,176.92,INR,success,net_banking,2026-07-29T06:37:46.760363
TXN_000003176,ACC_000500,MER_00075,195.58,INR,success,card,2026-08-16T10:47:36.760363
TXN_000003177,ACC_000490,MER_00105,277.29,INR,success,upi,2026-06-01T11:29:52.760363
TXN_000003178,ACC_000312,MER_00145,947.08,INR,success,card,2026-07-12T11:48:45.760363
TXN_000003179,ACC_000140,MER_00103,119.44,INR,success,upi,2026-06-23T00:41:25.760363
TXN_000003180,ACC_000897,MER_00128,847.4,INR,success,upi,2026-07-01T05:01:21.760363
TXN_000003181,ACC_000489,MER_00004,80.91,INR,success,wallet,2026-06-04T04:40:30.760363
TXN_000003182,ACC_000203,MER_00008,110.35,INR,success,wallet,2026-07-20T06:45:57.760363
TXN_000003183,ACC_000693,MER_00196,231.58,INR,success,upi,2026-05-31T08:32:21.760363
TXN_000003184,ACC_000043,MER_00007,226.83,INR,success,card,2026-07-25T23:22:03.760363
TXN_000003185,ACC_000833,MER_00084,256.27,INR,success,card,2026-08-12T19:28:05.760363
TXN_000003186,ACC_000967,MER_00144,134.01,INR,success,net_banking,2026-06-23T18:54:14.760363
TXN_000003187,ACC_000516,MER_00082,1151.36,INR,success,upi,2026-08-12T20:05:38.760363
TXN_000003188,ACC_000611,MER_00089,230.61,INR,success,card,2026-07-04T18:32:58.760363
TXN_000003189,ACC_000828,MER_00083,17.81,INR,success,card,2026-07-11T02:14:42.760363
TXN_000003190,ACC_000076,MER_00127,219.08,INR,success,upi,2026-05-31T07:10:41.760363
TXN_000003191,ACC_000244,MER_00088,89.42,INR,success,net_banking,2026-08-06T08:35:42.760363
TXN_000003192,ACC_000501,MER_00110,958.72,INR,success,card,2026-07-15T00:04:27.760363
TXN_000003193,ACC_000212,MER_00112,1067.32,INR,success,wallet,2026-06-01T19:35:47.760363
TXN_000003194,ACC_000641,MER_00038,240.71,INR,success,wallet,2026-06-22T01:57:05.760363
TXN_000003195,ACC_000713,MER_00095,139.78,INR,success,card,2026-06-03T09:49:44.760363
TXN_000003196,ACC_000429,MER_00092,378.84,INR,success,upi,2026-07-31T14:32:15.760363
TXN_000003197,ACC_000901,MER_00178,412.67,INR,success,upi,2026-06-01T13:50:58.760363
TXN_000003198,ACC_000728,MER_00027,203.99,INR,success,card,2026-05-27T12:51:16.760363
TXN_000003199,ACC_000530,MER_00102,148.73,INR,success,net_banking,2026-06-25T01:24:00.760363
TXN_000003200,ACC_000973,MER_00141,422.03,INR,success,upi,2026-06-27T12:13:13.760363
TXN_000003201,ACC_000061,MER_00011,540.32,INR,success,upi,2026-07-01T16:08:50.760363
TXN_000003202,ACC_000322,MER_00076,187.54,INR,success,card,2026-07-06T08:59:40.760363
TXN_000003203,ACC_000119,MER_00178,169.79,INR,success,net_banking,2026-05-27T06:13:40.760363
TXN_000003204,ACC_000005,MER_00091,486.45,INR,success,upi,2026-07-29T04:32:30.760363
TXN_000003205,ACC_000336,MER_00005,295.84,INR,success,wallet,2026-07-02T13:39:02.760363
TXN_000003206,ACC_000616,MER_00186,577.45,INR,success,net_banking,2026-07-23T17:31:26.760363
TXN_000003207,ACC_000302,MER_00078,1598.69,INR,success,net_banking,2026-07-25T22:06:32.760363
TXN_000003208,ACC_000519,MER_00188,214.4,INR,success,wallet,2026-06-13T00:36:11.760363
TXN_000003209,ACC_000338,MER_00089,626.16,INR,success,wallet,2026-05-28T08:42:24.760363
TXN_000003210,ACC_000705,MER_00178,205.18,INR,success,upi,2026-08-14T17:41:22.760363
TXN_000003211,ACC_000423,MER_00142,1552.59,INR,success,wallet,2026-05-30T08:16:56.760363
TXN_000003212,ACC_000159,MER_00188,22.09,INR,success,wallet,2026-08-03T04:05:30.760363
TXN_000003213,ACC_000388,MER_00193,108.83,INR,success,card,2026-08-02T22:56:20.760363
TXN_000003214,ACC_000934,MER_00091,349.83,INR,success,net_banking,2026-07-22T17:48:26.760363
TXN_000003215,ACC_000509,MER_00084,1753.66,INR,success,card,2026-07-18T09:39:30.760363
TXN_000003216,ACC_000965,MER_00194,421.82,INR,success,wallet,2026-07-23T00:51:51.760363
TXN_000003217,ACC_000972,MER_00042,378.59,INR,success,upi,2026-06-03T17:33:09.760363
TXN_000003218,ACC_000158,MER_00194,686.39,INR,success,net_banking,2026-07-09T16:03:07.760363
TXN_000003219,ACC_000442,MER_00121,978.67,INR,success,wallet,2026-06-20T09:26:31.760363
TXN_000003220,ACC_000306,MER_00022,92.83,INR,success,wallet,2026-07-26T12:28:20.760363
TXN_000003221,ACC_000997,MER_00008,408.0,INR,pending,card,2026-07-20T12:07:55.760363
TXN_000003222,ACC_000199,MER_00012,1025.27,INR,success,card,2026-07-29T12:49:11.760363
TXN_000003223,ACC_000543,MER_00018,839.24,INR,success,wallet,2026-06-30T02:05:27.760363
TXN_000003224,ACC_000813,MER_00187,46.18,INR,failed,net_banking,2026-06-27T09:45:55.760363
TXN_000003225,ACC_000439,MER_00007,216.68,INR,success,net_banking,2026-07-06T21:31:48.760363
TXN_000003226,ACC_000762,MER_00080,134.24,INR,failed,card,2026-07-15T18:45:15.760363
TXN_000003227,ACC_000951,MER_00151,81.85,INR,success,wallet,2026-07-24T04:54:39.760363
TXN_000003228,ACC_000957,MER_00006,113.01,INR,success,upi,2026-08-14T19:14:57.760363
TXN_000003229,ACC_000959,MER_00153,40.03,INR,success,wallet,2026-08-03T15:58:22.760363
TXN_000003230,ACC_000084,MER_00063,143.06,INR,success,upi,2026-06-11T07:39:19.760363
TXN_000003231,ACC_000392,MER_00180,62.38,INR,success,net_banking,2026-06-04T01:58:04.760363
TXN_000003232,ACC_000479,MER_00184,383.91,INR,success,wallet,2026-08-07T10:27:57.760363
TXN_000003233,ACC_000446,MER_00153,41.59,INR,success,wallet,2026-08-15T17:37:41.760363
TXN_000003234,ACC_000846,MER_00041,298.22,INR,success,wallet,2026-07-16T09:14:25.760363
TXN_000003235,ACC_000755,MER_00190,511.93,INR,success,upi,2026-06-29T04:29:07.760363
TXN_000003236,ACC_000293,MER_00024,130.97,INR,success,upi,2026-06-01T13:02:07.760363
TXN_000003237,ACC_000562,MER_00080,425.89,INR,success,net_banking,2026-06-26T07:14:12.760363
TXN_000003238,ACC_000524,MER_00070,111.25,INR,success,card,2026-05-27T20:22:39.760363
TXN_000003239,ACC_000985,MER_00085,515.36,INR,success,net_banking,2026-08-02T03:36:59.760363
TXN_000003240,ACC_000911,MER_00090,212.94,INR,success,card,2026-06-21T19:05:01.760363
TXN_000003241,ACC_000711,MER_00184,230.27,INR,success,upi,2026-08-11T13:51:24.760363
TXN_000003242,ACC_000586,MER_00075,34.45,INR,success,upi,2026-06-03T08:00:58.760363
TXN_000003243,ACC_000847,MER_00013,118.41,INR,success,wallet,2026-06-08T08:26:44.760363
TXN_000003244,ACC_000470,MER_00005,466.56,INR,success,card,2026-05-29T20:53:14.760363
TXN_000003245,ACC_000112,MER_00099,29.97,INR,success,net_banking,2026-06-01T11:00:43.760363
TXN_000003246,ACC_000012,MER_00189,716.03,INR,success,net_banking,2026-06-15T07:51:28.760363
TXN_000003247,ACC_000227,MER_00010,207.48,INR,success,wallet,2026-07-30T20:41:56.760363
TXN_000003248,ACC_000289,MER_00027,301.42,INR,success,net_banking,2026-08-16T06:30:37.760363
TXN_000003249,ACC_000987,MER_00155,1500.76,INR,success,upi,2026-08-17T17:05:02.760363
TXN_000003250,ACC_000278,MER_00188,120.35,INR,success,card,2026-07-30T18:13:52.760363
TXN_000003251,ACC_000897,MER_00064,197.96,INR,success,net_banking,2026-07-15T13:53:18.760363
TXN_000003252,ACC_000605,MER_00019,228.76,INR,success,card,2026-08-20T03:56:28.760363
TXN_000003253,ACC_000513,MER_00154,172.21,INR,success,upi,2026-06-29T16:31:41.760363
TXN_000003254,ACC_000341,MER_00154,392.96,INR,success,net_banking,2026-06-06T11:01:55.760363
TXN_000003255,ACC_000567,MER_00005,35.03,INR,success,card,2026-06-12T11:04:18.760363
TXN_000003256,ACC_000306,MER_00163,355.82,INR,success,wallet,2026-07-19T04:10:26.760363
TXN_000003257,ACC_000714,MER_00141,358.14,INR,success,wallet,2026-06-23T00:41:32.760363
TXN_000003258,ACC_000274,MER_00113,160.11,INR,failed,card,2026-07-01T10:10:57.760363
TXN_000003259,ACC_000330,MER_00146,209.04,INR,success,card,2026-05-30T00:14:14.760363
TXN_000003260,ACC_000764,MER_00148,101.97,INR,success,card,2026-07-17T16:59:02.760363
TXN_000003261,ACC_000813,MER_00026,591.83,INR,success,wallet,2026-05-27T09:38:06.760363
TXN_000003262,ACC_000890,MER_00109,463.03,INR,success,upi,2026-08-12T16:30:10.760363
TXN_000003263,ACC_000295,MER_00070,390.55,INR,success,upi,2026-06-17T00:57:04.760363
TXN_000003264,ACC_000878,MER_00116,77.82,INR,success,net_banking,2026-08-20T00:55:20.760363
TXN_000003265,ACC_000218,MER_00148,47.12,INR,success,wallet,2026-06-13T08:10:30.760363
TXN_000003266,ACC_000036,MER_00101,84.47,INR,success,upi,2026-07-17T08:41:55.760363
TXN_000003267,ACC_000016,MER_00175,209.84,INR,success,net_banking,2026-08-06T17:26:15.760363
TXN_000003268,ACC_000160,MER_00055,110.17,INR,success,upi,2026-06-13T05:06:48.760363
TXN_000003269,ACC_000316,MER_00193,112.31,INR,success,upi,2026-07-23T08:39:27.760363
TXN_000003270,ACC_000220,MER_00017,519.12,INR,failed,card,2026-08-21T20:16:24.760363
TXN_000003271,ACC_000194,MER_00113,174.04,INR,success,wallet,2026-08-12T03:47:08.760363
TXN_000003272,ACC_000693,MER_00127,53.46,INR,success,wallet,2026-05-27T05:24:08.760363
TXN_000003273,ACC_000946,MER_00001,1383.87,INR,success,net_banking,2026-06-15T09:35:56.760363
TXN_000003274,ACC_000388,MER_00111,372.96,INR,success,upi,2026-07-10T00:36:53.760363
TXN_000003275,ACC_000604,MER_00081,335.52,INR,success,upi,2026-07-12T01:37:21.760363
TXN_000003276,ACC_000864,MER_00059,28.45,INR,success,upi,2026-06-08T04:19:27.760363
TXN_000003277,ACC_000895,MER_00185,244.56,INR,success,upi,2026-06-09T17:24:46.760363
TXN_000003278,ACC_000217,MER_00031,661.52,INR,success,net_banking,2026-07-23T23:43:06.760363
TXN_000003279,ACC_000788,MER_00195,105.24,INR,success,card,2026-07-05T09:26:18.760363
TXN_000003280,ACC_000604,MER_00028,531.58,INR,pending,wallet,2026-07-17T15:56:56.760363
TXN_000003281,ACC_000026,MER_00185,66.59,INR,success,card,2026-06-06T03:33:52.760363
TXN_000003282,ACC_000702,MER_00031,63.17,INR,success,wallet,2026-07-01T06:56:02.760363
TXN_000003283,ACC_000326,MER_00040,674.39,INR,success,card,2026-06-27T12:53:15.760363
TXN_000003284,ACC_000428,MER_00103,259.18,INR,success,card,2026-07-05T04:48:24.760363
TXN_000003285,ACC_000679,MER_00129,295.05,INR,success,net_banking,2026-06-14T01:29:49.760363
TXN_000003286,ACC_000273,MER_00088,100.46,INR,success,wallet,2026-05-29T18:24:53.760363
TXN_000003287,ACC_000003,MER_00038,1274.73,INR,success,upi,2026-06-29T09:38:31.760363
TXN_000003288,ACC_000533,MER_00190,474.9,INR,success,card,2026-06-23T03:13:24.760363
TXN_000003289,ACC_000307,MER_00091,415.23,INR,success,net_banking,2026-08-15T22:36:35.760363
TXN_000003290,ACC_000326,MER_00190,49.99,INR,success,card,2026-08-13T16:12:06.760363
TXN_000003291,ACC_000123,MER_00072,145.54,INR,success,net_banking,2026-07-11T20:32:14.760363
TXN_000003292,ACC_000343,MER_00161,106.84,INR,success,upi,2026-07-30T06:33:29.760363
TXN_000003293,ACC_000071,MER_00046,756.0,INR,success,card,2026-08-02T01:35:52.760363
TXN_000003294,ACC_000999,MER_00020,886.14,INR,success,card,2026-06-16T01:01:51.760363
TXN_000003295,ACC_000725,MER_00069,74.2,INR,success,card,2026-07-04T10:08:49.760363
TXN_000003296,ACC_000099,MER_00188,149.5,INR,success,upi,2026-07-06T03:24:48.760363
TXN_000003297,ACC_000829,MER_00146,882.55,INR,success,wallet,2026-07-20T09:36:01.760363
TXN_000003298,ACC_000890,MER_00136,161.73,INR,success,upi,2026-06-19T20:51:44.760363
TXN_000003299,ACC_000144,MER_00068,39.46,INR,success,upi,2026-06-29T20:17:34.760363
TXN_000003300,ACC_INVALID,MER_00062,188.07,INR,success,wallet,2026-07-15T17:30:52.760363
TXN_000003301,ACC_000499,MER_00169,135.94,INR,success,net_banking,2026-05-27T01:30:09.760363
TXN_000003302,ACC_000906,MER_00001,556.69,INR,success,card,2026-08-07T21:26:07.760363
TXN_000003303,ACC_000839,MER_00081,748.27,INR,success,net_banking,2026-08-07T06:34:03.760363
TXN_000003304,ACC_000307,MER_00150,91.13,INR,success,upi,2026-08-23T22:36:56.760363
TXN_000003305,ACC_000924,MER_00158,433.43,INR,success,net_banking,2026-06-19T15:03:14.760363
TXN_000003306,ACC_000164,MER_00190,341.91,INR,failed,card,2026-06-05T09:46:33.760363
TXN_000003307,ACC_000517,MER_00163,472.52,INR,success,wallet,2026-08-12T20:30:16.760363
TXN_000003308,ACC_000810,MER_00006,244.1,INR,success,wallet,2026-07-05T15:24:37.760363
TXN_000003309,ACC_000806,MER_00043,630.88,INR,success,wallet,2026-08-18T11:26:31.760363
TXN_000003310,ACC_000280,MER_00148,91.44,INR,success,wallet,2026-07-27T17:51:57.760363
TXN_000003311,ACC_000374,MER_00093,199.56,INR,success,card,2026-07-18T16:49:13.760363
TXN_000003312,ACC_000121,MER_00048,452.81,INR,success,wallet,2026-06-30T06:43:59.760363
TXN_000003313,ACC_000538,MER_00049,369.54,INR,success,upi,2026-06-13T01:12:51.760363
TXN_000003314,ACC_000755,MER_00189,339.47,INR,success,upi,2026-07-21T08:06:31.760363
TXN_000003315,ACC_000407,MER_00086,764.45,INR,success,wallet,2026-06-20T17:37:48.760363
TXN_000003316,ACC_000706,MER_00164,1912.11,INR,success,wallet,2026-07-03T15:15:24.760363
TXN_000003317,ACC_000668,MER_00028,126.53,INR,success,net_banking,2026-06-10T03:20:41.760363
TXN_000003318,ACC_000914,MER_00002,214.92,INR,success,net_banking,2026-06-24T18:13:44.760363
TXN_000003319,ACC_000392,MER_00171,207.13,INR,success,net_banking,2026-06-07T03:49:50.760363
TXN_000003320,ACC_000440,MER_00005,417.6,INR,success,upi,2026-08-18T07:36:38.760363
TXN_000003321,ACC_000992,MER_00058,464.26,INR,success,upi,2026-07-19T15:47:01.760363
TXN_000003322,ACC_000558,MER_00101,233.24,INR,failed,wallet,2026-06-13T00:08:30.760363
TXN_000003323,ACC_000553,MER_00037,639.58,INR,pending,net_banking,2026-06-24T13:46:39.760363
TXN_000003324,ACC_000399,MER_00144,615.88,INR,success,wallet,2026-06-10T19:18:44.760363
TXN_000003325,ACC_000826,MER_00195,316.18,INR,success,wallet,2026-07-18T06:55:07.760363
TXN_000003326,ACC_000337,MER_00187,54.87,INR,success,upi,2026-07-06T15:44:04.760363
TXN_000003327,ACC_000607,MER_00117,129.51,INR,success,wallet,2026-06-13T06:42:54.760363
TXN_000003328,ACC_000099,MER_00127,86.18,INR,success,net_banking,2026-08-20T21:28:20.760363
TXN_000003329,ACC_000475,MER_00097,746.67,INR,pending,card,2026-06-02T03:26:19.760363
TXN_000003330,ACC_000978,MER_00097,298.26,INR,success,card,2026-07-08T05:44:26.760363
TXN_000003331,ACC_000830,MER_00030,467.29,INR,success,upi,2026-08-11T09:09:53.760363
TXN_000003332,ACC_000186,MER_00074,50.07,INR,failed,card,2026-07-27T23:07:36.760363
TXN_000003333,ACC_000077,MER_00027,834.33,INR,success,upi,2026-07-26T16:47:26.760363
TXN_000003334,ACC_000469,MER_00033,490.83,INR,success,wallet,2026-07-17T08:45:38.760363
TXN_000003335,ACC_000499,MER_00004,354.13,INR,success,card,2026-05-27T02:06:22.760363
TXN_000003336,ACC_000048,MER_00060,192.42,INR,pending,upi,2026-05-29T07:52:46.760363
TXN_000003337,ACC_000245,MER_00126,427.31,INR,success,wallet,2026-08-24T02:48:30.760363
TXN_000003338,ACC_000371,MER_00148,169.64,INR,success,net_banking,2026-08-15T13:12:48.760363
TXN_000003339,ACC_000503,MER_00046,94.67,INR,success,net_banking,2026-07-10T07:22:20.760363
TXN_000003340,ACC_000370,MER_00119,163.31,INR,success,upi,2026-07-07T19:03:29.760363
TXN_000003341,ACC_000243,MER_00131,286.67,INR,success,card,2026-07-12T22:28:28.760363
TXN_000003342,ACC_000357,MER_00124,456.84,INR,success,wallet,2026-06-23T11:11:55.760363
TXN_000003343,ACC_000193,MER_00095,135.99,INR,success,net_banking,2026-08-18T07:54:31.760363
TXN_000003344,ACC_000459,MER_00085,225.92,INR,success,card,2026-06-22T15:40:37.760363
TXN_000003345,ACC_000433,MER_00038,268.37,INR,success,upi,2026-07-08T17:54:40.760363
TXN_000003346,ACC_000238,MER_00116,631.15,INR,success,card,2026-05-28T03:30:22.760363
TXN_000003347,ACC_000095,MER_00153,64.81,INR,success,upi,2026-06-14T07:19:23.760363
TXN_000003348,ACC_000579,MER_00003,119.05,INR,success,wallet,2026-07-02T12:02:17.760363
TXN_000003349,ACC_000980,MER_00164,941.39,INR,success,net_banking,2026-07-13T03:12:37.760363
TXN_000003350,ACC_000289,MER_00132,267.67,INR,success,card,2026-07-08T20:42:50.760363
TXN_000003351,ACC_000172,MER_00034,162.48,INR,success,net_banking,2026-07-19T01:37:26.760363
TXN_000003352,ACC_000563,MER_00111,1481.53,INR,success,wallet,2026-06-11T22:05:01.760363
TXN_000003353,ACC_000486,MER_00188,437.01,INR,success,upi,2026-07-01T04:13:31.760363
TXN_000003354,ACC_000597,MER_00039,1436.72,INR,success,net_banking,2026-06-12T13:55:40.760363
TXN_000003355,ACC_000640,MER_00078,282.21,INR,success,card,2026-06-06T09:51:15.760363
TXN_000003356,ACC_000277,MER_00177,589.7,INR,success,net_banking,2026-07-25T16:55:31.760363
TXN_000003357,ACC_000374,MER_00107,686.33,INR,success,upi,2026-07-25T06:45:30.760363
TXN_000003358,ACC_000050,MER_00143,97.45,INR,success,wallet,2026-06-01T16:03:55.760363
TXN_000003359,ACC_000092,MER_00168,219.47,INR,success,upi,2026-07-24T05:44:10.760363
TXN_000003360,ACC_000125,MER_00070,392.45,INR,success,card,2026-07-07T18:43:50.760363
TXN_000003361,ACC_000548,MER_00108,128.48,INR,success,card,2026-05-31T17:18:20.760363
TXN_000003362,ACC_000916,MER_00128,524.41,INR,success,net_banking,2026-08-18T09:12:49.760363
TXN_000003363,ACC_000026,MER_00028,240.01,INR,failed,upi,2026-08-03T16:37:08.760363
TXN_000003364,ACC_000510,MER_00092,147.86,INR,success,net_banking,2026-07-31T20:30:20.760363
TXN_000003365,ACC_000983,MER_00040,259.73,INR,success,upi,2026-07-14T18:09:25.760363
TXN_000003366,ACC_000436,MER_00162,187.0,INR,success,upi,2026-08-02T00:06:57.760363
TXN_000003367,ACC_000529,MER_00142,56.2,INR,success,card,2026-06-15T14:45:35.760363
TXN_000003368,ACC_000354,MER_00069,98.9,INR,success,card,2026-05-30T05:07:54.760363
TXN_000003369,ACC_000758,MER_00074,183.51,INR,success,wallet,2026-06-30T10:30:50.760363
TXN_000003370,ACC_000132,MER_00121,128.11,INR,success,net_banking,2026-05-30T00:39:28.760363
TXN_000003371,ACC_000367,MER_00058,258.65,INR,success,net_banking,2026-07-29T03:18:11.760363
TXN_000003372,ACC_000253,MER_00087,506.84,INR,success,card,2026-07-14T11:22:21.760363
TXN_000003373,ACC_000651,MER_00105,-500.00,INR,success,wallet,2026-08-18T00:04:35.760363
TXN_000003374,ACC_000040,MER_00035,51.55,INR,success,wallet,2026-08-14T22:05:42.760363
TXN_000003375,ACC_000886,MER_00118,114.31,INR,success,card,2026-08-08T00:29:45.760363
TXN_000003376,ACC_000271,MER_00090,130.81,INR,success,upi,2026-08-15T17:04:46.760363
TXN_000003377,ACC_000524,MER_00051,392.74,INR,success,upi,2026-08-19T02:27:20.760363
TXN_000003378,ACC_000436,MER_00004,31.59,INR,success,card,2026-06-10T12:37:32.760363
TXN_000003379,ACC_000697,MER_00010,536.98,INR,success,upi,2026-05-31T07:02:31.760363
TXN_000003380,ACC_000675,MER_00200,549.02,INR,success,wallet,2026-06-14T01:18:14.760363
TXN_000003381,ACC_000988,MER_00173,62.01,INR,success,card,2026-07-19T02:11:37.760363
TXN_000003382,ACC_000529,MER_00052,185.73,INR,success,wallet,2026-07-31T00:12:53.760363
TXN_000003383,ACC_000172,MER_00167,117.63,INR,success,upi,2026-08-17T09:54:12.760363
TXN_000003384,ACC_000458,MER_00096,257.86,INR,success,card,2026-07-25T11:34:30.760363
TXN_000003385,ACC_000105,MER_00128,167.48,INR,success,wallet,2026-08-21T07:27:31.760363
TXN_000003386,ACC_000404,MER_00111,263.34,INR,success,upi,2026-06-25T03:53:20.760363
TXN_000003387,ACC_000053,MER_00159,491.57,INR,success,wallet,2026-07-19T09:10:27.760363
TXN_000003388,ACC_000224,MER_00004,741.55,INR,failed,wallet,2026-07-16T18:39:48.760363
TXN_000003389,ACC_000003,MER_00185,346.77,INR,success,card,2026-06-17T08:21:26.760363
TXN_000003390,ACC_000835,MER_00015,368.95,INR,success,net_banking,2026-06-13T04:33:29.760363
TXN_000003391,ACC_000610,MER_00054,60.11,INR,success,upi,2026-07-19T13:57:48.760363
TXN_000003392,ACC_000622,MER_00142,597.67,INR,success,net_banking,2026-06-08T09:56:56.760363
TXN_000003393,ACC_000582,MER_00149,478.6,INR,success,card,2026-05-31T07:08:14.760363
TXN_000003394,ACC_000054,MER_00112,435.39,INR,success,card,2026-06-14T01:06:02.760363
TXN_000003395,ACC_000074,MER_00152,136.58,INR,success,net_banking,2026-07-06T18:37:30.760363
TXN_000003396,ACC_000588,MER_00193,305.13,INR,success,net_banking,2026-07-06T09:41:29.760363
TXN_000003397,ACC_000903,MER_00137,405.36,INR,success,card,2026-05-31T18:32:38.760363
TXN_000003398,ACC_000282,MER_00148,276.62,INR,success,net_banking,2026-07-15T04:31:37.760363
TXN_000003399,ACC_000039,MER_00044,547.24,INR,success,upi,2026-08-15T09:55:12.760363
TXN_000003400,ACC_000448,MER_00002,269.83,INR,success,wallet,2026-07-01T02:37:02.760363
TXN_000003401,ACC_000545,MER_00028,365.08,INR,success,net_banking,2026-05-30T14:35:33.760363
TXN_000003402,ACC_000079,MER_00193,312.15,INR,success,wallet,2026-07-23T07:29:30.760363
TXN_000003403,ACC_000759,MER_00146,144.24,INR,success,net_banking,2026-06-11T09:26:46.760363
TXN_000003404,ACC_000930,MER_00077,149.07,INR,success,upi,2026-07-11T12:23:26.760363
TXN_000003405,ACC_000369,MER_00059,790.95,INR,success,wallet,2026-08-19T04:08:19.760363
TXN_000003406,ACC_000208,MER_00137,75.93,INR,success,card,2026-07-19T22:36:32.760363
TXN_000003407,ACC_000936,MER_00160,203.36,INR,success,card,2026-06-23T07:50:58.760363
TXN_000003408,ACC_000510,MER_00060,456.44,INR,success,net_banking,2026-06-24T00:22:14.760363
TXN_000003409,ACC_000014,MER_00126,238.92,INR,success,wallet,2026-08-12T13:04:12.760363
TXN_000003410,ACC_000066,MER_00147,333.26,INR,success,card,2026-07-15T00:32:27.760363
TXN_000003411,ACC_000162,MER_00091,95.05,INR,success,card,2026-07-02T14:38:36.760363
TXN_000003412,ACC_000978,MER_00169,167.07,INR,success,upi,2026-06-18T10:01:13.760363
TXN_000003413,ACC_000820,MER_00128,104.9,INR,success,card,2026-07-07T07:46:54.760363
TXN_000003414,ACC_000612,MER_00108,134.54,INR,success,net_banking,2026-06-23T07:50:43.760363
TXN_000003415,ACC_000112,MER_00014,140.92,INR,success,upi,2026-07-16T22:41:12.760363
TXN_000003416,ACC_000950,MER_00168,558.82,INR,success,card,2026-08-17T23:45:37.760363
TXN_000003417,ACC_000169,MER_00191,626.23,INR,success,wallet,2026-07-28T18:35:34.760363
TXN_000003418,ACC_000627,MER_00065,253.28,INR,failed,wallet,2026-05-27T06:44:54.760363
TXN_000003419,ACC_000648,MER_00114,93.89,INR,success,upi,2026-08-08T15:58:34.760363
TXN_000003420,ACC_000605,MER_00132,15.21,INR,success,wallet,2026-07-28T10:27:02.760363
TXN_000003421,ACC_000881,MER_00088,1374.82,INR,success,upi,2026-07-12T02:01:40.760363
TXN_000003422,ACC_000595,MER_00143,113.89,INR,success,wallet,2026-06-12T03:54:05.760363
TXN_000003423,ACC_000911,MER_00187,193.42,INR,success,upi,2026-08-14T08:04:30.760363
TXN_000003424,ACC_000861,MER_00182,1042.12,INR,pending,card,2026-08-16T18:01:47.760363
TXN_000003425,ACC_000995,MER_00051,68.91,INR,success,wallet,2026-05-28T09:37:48.760363
TXN_000003426,ACC_000119,MER_00047,106.51,INR,success,card,2026-07-05T07:02:33.760363
TXN_000003427,ACC_000969,MER_00140,122.86,INR,success,upi,2026-06-18T15:53:46.760363
TXN_000003428,ACC_000034,MER_00045,378.87,INR,success,net_banking,2026-08-23T14:13:18.760363
TXN_000003429,ACC_000148,MER_00133,103.77,INR,success,wallet,2026-08-18T05:07:02.760363
TXN_000003430,ACC_000022,MER_00082,227.5,INR,success,wallet,2026-05-29T09:45:45.760363
TXN_000003431,ACC_000819,MER_00190,187.41,INR,success,card,2026-06-12T23:25:21.760363
TXN_000003432,ACC_000561,MER_00029,234.31,INR,success,wallet,2026-07-01T17:50:58.760363
TXN_000003433,ACC_000756,MER_00029,429.61,INR,success,card,2026-06-30T10:26:41.760363
TXN_000003434,ACC_000710,MER_00134,32.56,INR,success,wallet,2026-07-20T13:42:18.760363
TXN_000003435,ACC_000883,MER_00047,212.54,INR,success,card,2026-08-10T20:47:39.760363
TXN_000003436,ACC_000216,MER_00103,43.17,INR,success,wallet,2026-08-15T20:51:31.760363
TXN_000003437,ACC_000518,MER_00025,239.62,INR,success,net_banking,2026-08-14T10:18:59.760363
TXN_000003438,ACC_000821,MER_00103,541.69,INR,success,net_banking,2026-06-29T07:48:05.760363
TXN_000003439,ACC_000833,MER_00023,275.39,INR,success,upi,2026-05-31T10:06:47.760363
TXN_000003440,ACC_000284,MER_00135,156.81,INR,success,net_banking,2026-06-10T00:47:43.760363
TXN_000003441,ACC_000628,MER_00032,431.35,INR,success,upi,2026-07-01T06:51:33.760363
TXN_000003442,ACC_000718,MER_00140,367.48,INR,success,net_banking,2026-07-27T11:22:29.760363
TXN_000003443,ACC_000441,MER_00152,218.37,INR,success,wallet,2026-08-15T22:03:46.760363
TXN_000003444,ACC_000804,MER_00187,305.85,INR,success,card,2026-06-09T16:48:08.760363
TXN_000003445,ACC_000410,MER_00118,56.7,INR,success,wallet,2026-08-22T14:02:44.760363
TXN_000003446,ACC_000329,MER_00139,657.86,INR,success,net_banking,2026-08-22T00:18:52.760363
TXN_000003447,ACC_000694,MER_00145,322.55,INR,success,net_banking,2026-07-19T08:29:25.760363
TXN_000003448,ACC_000755,MER_00023,1089.35,INR,success,wallet,2026-06-27T10:05:21.760363
TXN_000003449,ACC_000648,MER_00200,76.34,INR,success,wallet,2026-07-08T20:55:21.760363
TXN_000003450,ACC_000402,MER_00031,506.28,INR,success,net_banking,2026-07-07T15:07:08.760363
TXN_000003451,ACC_000781,MER_00156,368.13,INR,success,upi,2026-07-12T02:35:40.760363
TXN_000003452,ACC_000878,MER_00163,186.4,INR,success,net_banking,2026-08-05T14:33:09.760363
TXN_000003453,ACC_000784,MER_00184,520.8,INR,success,wallet,2026-08-02T09:37:23.760363
TXN_000003454,ACC_000097,MER_00052,624.46,INR,success,net_banking,2026-07-28T18:33:18.760363
TXN_000003455,ACC_000387,MER_00171,1824.99,INR,success,card,2026-06-07T04:13:10.760363
TXN_000003456,ACC_000393,MER_00068,459.34,INR,success,net_banking,2026-05-28T17:49:47.760363
TXN_000003457,ACC_000701,MER_00065,734.06,INR,success,upi,2026-05-28T20:40:21.760363
TXN_000003458,ACC_000775,MER_00087,-500.00,INR,success,upi,2026-06-24T18:53:38.760363
TXN_000003459,ACC_000868,MER_00168,740.78,INR,failed,upi,2026-07-20T14:02:32.760363
TXN_000003460,ACC_000651,MER_00114,1182.36,INR,success,wallet,2026-08-20T20:27:30.760363
TXN_000003461,ACC_000320,MER_00138,112.11,INR,success,card,2026-07-01T21:32:35.760363
TXN_000003462,ACC_000377,MER_00078,131.5,INR,success,upi,2026-06-27T03:00:00.760363
TXN_000003463,ACC_000229,MER_00057,205.4,INR,success,wallet,2026-08-03T02:33:07.760363
TXN_000003464,ACC_000577,MER_00200,241.34,INR,success,net_banking,2026-08-20T02:12:39.760363
TXN_000003465,ACC_000640,MER_00185,109.17,INR,success,upi,2026-07-01T14:27:53.760363
TXN_000003466,ACC_000598,MER_00061,140.69,INR,success,upi,2026-08-19T00:32:44.760363
TXN_000003467,ACC_000935,MER_00134,373.11,INR,success,upi,2026-06-27T05:54:19.760363
TXN_000003468,ACC_000056,MER_00192,70.82,INR,success,card,2026-07-19T01:52:37.760363
TXN_000003469,ACC_000599,MER_00196,548.11,INR,success,net_banking,2026-06-06T22:38:57.760363
TXN_000003470,ACC_000022,MER_00077,64.11,INR,failed,wallet,2026-08-20T15:39:10.760363
TXN_000003471,ACC_000291,MER_00137,2326.39,INR,success,net_banking,2026-07-27T16:03:40.760363
TXN_000003472,ACC_000313,MER_00095,170.51,INR,success,net_banking,2026-07-28T16:59:32.760363
TXN_000003473,ACC_000476,MER_00135,122.84,INR,success,upi,2026-06-01T16:07:34.760363
TXN_000003474,ACC_000405,MER_00165,600.98,INR,success,wallet,2026-08-18T02:49:49.760363
TXN_000003475,,MER_00007,737.28,INR,success,wallet,2026-06-09T17:20:04.760363
TXN_000003476,ACC_000500,MER_00144,162.02,INR,success,wallet,2026-08-13T11:25:10.760363
TXN_000003477,ACC_000419,MER_00063,281.71,INR,success,net_banking,2026-06-05T05:54:54.760363
TXN_000003478,ACC_000365,MER_00172,845.91,INR,success,card,2026-06-10T12:20:25.760363
TXN_000003479,ACC_000759,MER_00090,2188.53,INR,success,card,2026-06-28T21:19:04.760363
TXN_000003480,ACC_000586,MER_00003,436.85,INR,success,wallet,2026-08-20T07:55:49.760363
TXN_000003481,ACC_000196,MER_00025,452.62,INR,success,card,2026-07-09T07:54:13.760363
TXN_000003482,ACC_000396,MER_00128,43.73,INR,failed,net_banking,2026-07-22T23:26:44.760363
TXN_000003483,ACC_000282,MER_00125,1022.33,INR,success,card,2026-08-08T21:25:59.760363
TXN_000003484,ACC_000332,MER_00164,261.67,INR,success,net_banking,2026-08-21T15:41:26.760363
TXN_000003485,ACC_000332,MER_00012,189.47,INR,success,card,2026-06-29T15:43:11.760363
TXN_000003486,ACC_000985,MER_00177,68.66,INR,success,wallet,2026-06-30T12:02:33.760363
TXN_000003487,ACC_000501,MER_00015,192.89,INR,success,card,2026-07-17T18:12:57.760363
TXN_000003488,ACC_000081,MER_00175,299.62,INR,success,card,2026-08-15T16:35:59.760363
TXN_000003489,ACC_000570,MER_00171,189.69,INR,success,card,2026-06-22T13:50:17.760363
TXN_000003490,ACC_000988,MER_00134,66.6,INR,success,upi,2026-08-10T11:52:48.760363
TXN_000003491,ACC_000567,MER_00184,273.09,INR,success,upi,2026-08-24T15:35:03.760363
TXN_000003492,ACC_000933,MER_00021,164.24,INR,success,upi,2026-07-20T13:49:29.760363
TXN_000003493,ACC_000895,MER_00184,42.45,INR,success,net_banking,2026-07-22T15:19:43.760363
TXN_000003494,ACC_000727,MER_00051,274.09,INR,success,net_banking,2026-06-22T00:49:57.760363
TXN_000003495,ACC_000125,MER_00025,559.33,INR,success,card,2026-08-10T15:59:26.760363
TXN_000003496,ACC_000091,MER_00094,620.44,INR,success,net_banking,2026-07-07T11:39:58.760363
TXN_000003497,ACC_000486,MER_00074,77.72,INR,success,wallet,2026-05-28T22:06:51.760363
TXN_000003498,ACC_000070,MER_00146,132.29,INR,success,wallet,2026-07-27T12:17:53.760363
TXN_000003499,ACC_000107,MER_00040,172.27,INR,success,wallet,2026-07-29T00:12:49.760363
TXN_000003500,ACC_000808,MER_00164,123.71,INR,success,wallet,2026-06-14T16:58:19.760363
TXN_000003501,ACC_000946,MER_00019,576.99,INR,success,card,2026-06-30T06:07:42.760363
TXN_000003502,ACC_000794,MER_00173,591.27,INR,success,card,2026-07-06T20:02:05.760363
TXN_000003503,ACC_000938,MER_00098,43.07,INR,success,upi,2026-06-15T08:40:45.760363
TXN_000003504,ACC_000483,MER_00008,409.11,INR,success,card,2026-06-05T00:31:36.760363
TXN_000003505,ACC_000682,MER_00010,272.59,INR,failed,wallet,2026-08-23T01:12:27.760363
TXN_000003506,ACC_000283,MER_00018,137.53,INR,success,card,2026-08-07T11:08:48.760363
TXN_000003507,ACC_000451,MER_00148,324.06,INR,success,wallet,2026-07-02T19:07:28.760363
TXN_000003508,ACC_000774,MER_00134,479.21,INR,success,wallet,2026-08-22T12:48:43.760363
TXN_000003509,ACC_000829,MER_00193,83.54,INR,success,card,2026-06-11T04:46:01.760363
TXN_000003510,ACC_000246,MER_00089,62.92,INR,success,net_banking,2026-07-24T18:55:03.760363
TXN_000003511,ACC_000504,MER_00096,145.4,INR,success,upi,2026-06-09T16:02:00.760363
TXN_000003512,ACC_000958,MER_00136,342.47,INR,success,net_banking,2026-07-03T06:45:14.760363
TXN_000003513,ACC_000903,MER_00089,101.52,INR,success,net_banking,2026-07-23T11:20:31.760363
TXN_000003514,ACC_000643,MER_00167,138.37,INR,success,net_banking,2026-06-22T04:47:33.760363
TXN_000003515,ACC_000499,MER_00172,209.45,INR,success,net_banking,2026-08-23T16:04:27.760363
TXN_000003516,ACC_000153,MER_00125,229.14,INR,success,wallet,2026-08-14T03:42:22.760363
TXN_000003517,ACC_000767,MER_00180,615.37,INR,success,upi,2026-08-13T03:23:43.760363
TXN_000003518,ACC_000171,MER_00073,23.87,INR,success,upi,2026-07-17T17:51:02.760363
TXN_000003519,ACC_000780,MER_00092,238.31,INR,success,upi,2026-07-31T23:48:24.760363
TXN_000003520,ACC_000505,MER_00054,111.21,INR,success,wallet,2026-06-11T05:17:36.760363
TXN_000003521,ACC_000116,MER_00038,666.13,INR,success,net_banking,2026-05-30T20:41:19.760363
TXN_000003522,ACC_000395,MER_00121,149.49,INR,success,upi,2026-08-23T00:15:25.760363
TXN_000003523,ACC_000282,MER_00122,181.51,INR,success,net_banking,2026-08-20T06:07:20.760363
TXN_000003524,ACC_000643,MER_00096,263.19,INR,success,upi,2026-05-31T17:41:23.760363
TXN_000003525,ACC_000641,MER_00089,669.83,INR,failed,net_banking,2026-08-09T18:02:45.760363
TXN_000003526,ACC_000910,MER_00174,251.45,INR,success,upi,2026-08-08T01:37:33.760363
TXN_000003527,ACC_000659,MER_00018,776.4,INR,success,net_banking,2026-07-21T09:36:54.760363
TXN_000003528,ACC_000419,MER_00052,153.88,INR,success,net_banking,2026-06-14T23:02:45.760363
TXN_000003529,ACC_000255,MER_00078,46.93,INR,success,wallet,2026-07-01T16:20:23.760363
TXN_000003530,ACC_000712,MER_00194,239.09,INR,success,net_banking,2026-08-07T20:29:32.760363
TXN_000003531,ACC_000719,MER_00083,401.64,INR,success,card,2026-06-07T05:17:31.760363
TXN_000003532,ACC_000922,MER_00016,860.43,INR,success,card,2026-07-16T17:55:15.760363
TXN_000003533,ACC_000248,MER_00022,97.38,INR,success,upi,2026-07-19T22:16:04.760363
TXN_000003534,ACC_000903,MER_00013,538.16,INR,success,wallet,2026-07-09T06:53:39.760363
TXN_000003535,ACC_000106,MER_00131,-500.00,INR,success,wallet,2026-08-20T23:10:50.760363
TXN_000003536,ACC_000864,MER_00178,170.58,INR,success,card,2026-08-24T03:23:37.760363
TXN_000003537,ACC_000041,MER_00141,573.44,INR,success,wallet,2026-07-29T12:59:48.760363
TXN_000003538,ACC_000325,MER_00023,134.96,INR,success,card,2026-08-14T06:27:48.760363
TXN_000003539,ACC_000409,MER_00198,130.89,INR,success,upi,2026-06-05T11:39:17.760363
TXN_000003540,ACC_000757,MER_00112,125.67,INR,success,net_banking,2026-07-26T07:14:19.760363
TXN_000003541,ACC_000075,MER_00128,107.97,INR,success,net_banking,2026-08-21T03:19:12.760363
TXN_000003542,ACC_000736,MER_00050,182.62,INR,success,card,2026-08-03T03:52:17.760363
TXN_000003543,ACC_000148,MER_00059,135.49,INR,success,net_banking,2026-08-22T10:33:13.760363
TXN_000003544,ACC_000503,MER_00092,78.72,INR,success,wallet,2026-06-17T07:26:26.760363
TXN_000003545,ACC_000454,MER_00129,76.88,INR,success,upi,2026-07-04T04:56:25.760363
TXN_000003546,ACC_000710,MER_00166,190.6,INR,success,upi,2026-06-03T21:27:39.760363
TXN_000003547,ACC_000159,MER_00056,837.69,INR,success,upi,2026-06-23T15:25:52.760363
TXN_000003548,ACC_000747,MER_00067,22.02,INR,success,upi,2026-06-28T00:59:18.760363
TXN_000003549,ACC_000681,MER_00183,217.01,INR,success,net_banking,2026-08-16T15:43:32.760363
TXN_000003550,ACC_000087,MER_00170,156.33,INR,success,wallet,2026-07-26T09:20:59.760363
TXN_000003551,ACC_000662,MER_00158,248.03,INR,success,upi,2026-08-05T22:57:27.760363
TXN_000003552,ACC_000915,MER_00066,111.52,INR,success,net_banking,2026-07-29T00:00:04.760363
TXN_000003553,ACC_000426,MER_00080,1358.64,INR,failed,wallet,2026-08-10T00:43:18.760363
TXN_000003554,ACC_000971,MER_00086,89.94,INR,success,net_banking,2026-07-09T13:14:09.760363
TXN_000003555,ACC_000397,MER_00163,214.49,INR,success,net_banking,2026-05-31T05:05:07.760363
TXN_000003556,ACC_000496,MER_00170,747.67,INR,success,wallet,2026-06-10T12:34:18.760363
TXN_000003557,ACC_000626,MER_00005,61.37,INR,success,upi,2026-06-15T11:08:11.760363
TXN_000003558,ACC_000827,MER_00003,109.76,INR,success,wallet,2026-07-02T02:13:45.760363
TXN_000003559,ACC_000995,MER_00072,236.09,INR,success,upi,2026-06-28T15:50:27.760363
TXN_000003560,ACC_000158,MER_00096,88.91,INR,success,net_banking,2026-07-17T14:33:00.760363
TXN_000003561,ACC_000206,MER_00059,142.07,INR,success,card,2026-06-11T10:55:43.760363
TXN_000003562,ACC_000877,MER_00141,29.85,INR,success,wallet,2026-08-12T07:55:26.760363
TXN_000003563,ACC_000936,MER_00172,429.66,INR,failed,net_banking,2026-08-01T15:38:04.760363
TXN_000003564,ACC_000496,MER_00003,120.21,INR,success,upi,2026-06-27T04:08:17.760363
TXN_000003565,ACC_000426,MER_00041,148.17,INR,success,upi,2026-08-14T21:19:24.760363
TXN_000003566,ACC_000765,MER_00058,44.82,INR,success,card,2026-07-01T02:00:38.760363
TXN_000003567,ACC_000779,MER_00113,83.8,INR,success,wallet,2026-07-15T10:33:11.760363
TXN_000003568,ACC_000676,MER_00157,261.76,INR,success,card,2026-06-10T09:09:28.760363
TXN_000003569,ACC_000831,MER_00046,409.12,INR,success,upi,2026-06-16T21:52:26.760363
TXN_000003570,ACC_000510,MER_00124,623.19,INR,success,net_banking,2026-07-24T12:33:32.760363
TXN_000003571,ACC_000997,MER_00040,67.06,INR,success,wallet,2026-06-05T12:48:19.760363
TXN_000003572,ACC_000483,MER_00054,127.18,INR,success,wallet,2026-07-21T21:46:03.760363
TXN_000003573,ACC_000782,MER_00161,159.87,INR,success,card,2026-08-13T18:37:40.760363
TXN_000003574,ACC_000673,MER_00113,118.21,INR,success,upi,2026-06-05T02:20:47.760363
TXN_000003575,ACC_000764,MER_00073,95.11,INR,success,net_banking,2026-07-03T12:02:11.760363
TXN_000003576,ACC_000913,MER_00068,26.28,INR,success,wallet,2026-07-14T04:24:24.760363
TXN_000003577,ACC_000522,MER_00162,65.86,INR,success,card,2026-06-02T16:58:43.760363
TXN_000003578,ACC_000736,MER_00191,64.41,INR,success,net_banking,2026-06-09T09:10:40.760363
TXN_000003579,ACC_000824,MER_00186,197.96,INR,success,card,2026-05-27T22:37:57.760363
TXN_000003580,ACC_000179,MER_00020,983.39,INR,success,wallet,2026-05-28T09:31:28.760363
TXN_000003581,ACC_000343,MER_00178,393.42,INR,success,card,2026-06-07T23:30:03.760363
TXN_000003582,ACC_001000,MER_00134,116.0,INR,success,card,2026-06-10T11:33:33.760363
TXN_000003583,ACC_000146,MER_00107,351.91,INR,success,card,2026-08-01T00:51:03.760363
TXN_000003584,ACC_000927,MER_00001,97.79,INR,success,card,2026-08-12T11:44:31.760363
TXN_000003585,ACC_000207,MER_00082,326.83,INR,success,card,2026-06-03T11:49:31.760363
TXN_000003586,ACC_000584,MER_00039,1281.57,INR,success,card,2026-07-28T19:00:26.760363
TXN_000003587,ACC_000472,MER_00192,210.69,INR,success,card,2026-08-14T22:24:24.760363
TXN_000003588,ACC_000180,MER_00163,456.9,INR,success,upi,2026-07-07T11:04:09.760363
TXN_000003589,ACC_000875,MER_00137,670.77,INR,success,net_banking,2026-06-26T23:18:53.760363
TXN_000003590,ACC_000753,MER_00137,2353.81,INR,success,wallet,2026-05-28T12:22:40.760363
TXN_000003591,ACC_000566,MER_00013,148.99,INR,pending,card,2026-06-03T07:49:34.760363
TXN_000003592,ACC_000284,MER_00131,143.96,INR,success,net_banking,2026-07-05T11:32:35.760363
TXN_000003593,ACC_000979,MER_00114,1012.27,INR,success,wallet,2026-08-03T22:27:11.760363
TXN_000003594,ACC_000728,MER_00100,103.26,INR,success,net_banking,2026-08-04T04:59:36.760363
TXN_000003595,ACC_000185,MER_00071,807.11,INR,success,wallet,2026-08-21T14:31:22.760363
TXN_000003596,ACC_000047,MER_00110,129.39,INR,success,wallet,2026-08-15T17:36:45.760363
TXN_000003597,ACC_000960,MER_00106,725.04,INR,success,wallet,2026-08-15T13:36:41.760363
TXN_000003598,ACC_000953,MER_00105,728.38,INR,success,wallet,2026-08-13T05:43:13.760363
TXN_000003599,ACC_000204,MER_00103,94.58,INR,success,net_banking,2026-08-22T12:51:10.760363
TXN_000003600,ACC_000410,MER_00057,159.23,INR,success,upi,2026-06-11T04:22:50.760363
TXN_000003601,ACC_000459,MER_00068,193.71,INR,success,card,2026-07-11T06:47:55.760363
TXN_000003602,ACC_000101,MER_00016,18.97,INR,success,upi,2026-08-12T03:51:44.760363
TXN_000003603,ACC_000272,MER_00008,270.39,INR,failed,wallet,2026-05-27T19:42:39.760363
TXN_000003604,ACC_000936,MER_00020,12768.22,INR,success,upi,2026-07-26T23:48:48.760363
TXN_000003605,ACC_000872,MER_00044,188.71,INR,success,upi,2026-07-21T09:54:56.760363
TXN_000003606,ACC_000620,MER_00191,733.29,INR,success,net_banking,2026-06-21T20:18:15.760363
TXN_000003607,ACC_000791,MER_00110,210.3,INR,success,wallet,2026-08-16T19:49:48.760363
TXN_000003608,ACC_000845,MER_00079,664.79,INR,success,card,2026-05-27T04:00:32.760363
TXN_000003609,ACC_000799,MER_00099,132.85,INR,pending,card,2026-08-14T15:06:23.760363
TXN_000003610,ACC_000790,MER_00060,62.28,INR,success,upi,2026-07-06T12:55:09.760363
TXN_000003611,ACC_000945,MER_00099,212.34,INR,success,card,2026-08-15T07:23:54.760363
TXN_000003612,ACC_000407,MER_00185,671.55,INR,success,net_banking,2026-06-18T18:29:45.760363
TXN_000003613,ACC_000198,MER_00120,781.31,INR,success,net_banking,2026-08-21T18:15:01.760363
TXN_000003614,ACC_000432,MER_00114,200.26,INR,success,net_banking,2026-05-27T20:24:29.760363
TXN_000003615,ACC_000479,MER_00024,136.21,INR,success,wallet,2026-08-22T18:37:00.760363
TXN_000003616,ACC_000863,MER_00073,228.07,INR,success,net_banking,2026-05-29T17:33:23.760363
TXN_000003617,ACC_000370,MER_00119,181.41,INR,success,card,2026-08-22T17:38:01.760363
TXN_000003618,ACC_000769,MER_00199,513.29,INR,success,net_banking,2026-08-03T13:40:41.760363
TXN_000003619,ACC_000824,MER_00017,153.65,INR,success,wallet,2026-07-08T11:23:07.760363
TXN_000003620,ACC_000357,MER_00001,313.78,INR,success,card,2026-06-15T08:44:19.760363
TXN_000003621,ACC_000730,MER_00177,78.86,INR,success,wallet,2026-08-17T05:02:07.760363
TXN_000003622,ACC_000621,MER_00011,141.99,INR,success,wallet,2026-07-15T05:32:23.760363
TXN_000003623,ACC_000870,MER_00144,1328.88,INR,success,card,2026-05-30T12:15:12.760363
TXN_000003624,ACC_000983,MER_00192,178.31,INR,success,upi,2026-05-28T21:53:29.760363
TXN_000003625,ACC_000802,MER_00156,275.52,INR,success,net_banking,2026-06-04T19:29:02.760363
TXN_000003626,ACC_000552,MER_00049,356.25,INR,success,net_banking,2026-08-20T17:21:54.760363
TXN_000003627,ACC_000404,MER_00124,337.56,INR,success,net_banking,2026-07-06T19:23:54.760363
TXN_000003628,ACC_000390,MER_00086,352.52,INR,success,wallet,2026-06-30T11:23:29.760363
TXN_000003629,ACC_000546,MER_00039,338.19,INR,success,card,2026-07-07T08:05:43.760363
TXN_000003630,ACC_000785,MER_00088,121.42,INR,success,net_banking,2026-06-30T11:06:32.760363
TXN_000003631,ACC_000118,MER_00092,282.89,INR,success,card,2026-08-03T06:17:22.760363
TXN_000003632,ACC_000980,MER_00156,92.4,INR,success,wallet,2026-06-29T12:18:56.760363
TXN_000003633,ACC_000262,MER_00156,143.23,INR,success,wallet,2026-07-15T18:16:54.760363
TXN_000003634,ACC_000420,MER_00171,714.69,INR,success,wallet,2026-07-23T05:10:00.760363
TXN_000003635,ACC_000622,,555.15,INR,success,net_banking,2026-05-27T05:53:12.760363
TXN_000003636,ACC_000745,MER_00104,137.15,INR,success,wallet,2026-07-20T05:47:11.760363
TXN_000003637,ACC_000948,MER_00070,649.69,INR,success,upi,2026-07-16T17:29:09.760363
TXN_000003638,ACC_000630,MER_00153,454.3,INR,failed,net_banking,2026-07-28T13:39:19.760363
TXN_000003639,ACC_000660,MER_00086,384.08,INR,success,net_banking,2026-06-27T17:26:28.760363
TXN_000003640,ACC_000464,MER_00134,204.22,INR,success,net_banking,2026-08-18T18:36:54.760363
TXN_000003641,ACC_000610,MER_00040,152.83,INR,failed,upi,2026-08-22T19:57:55.760363
TXN_000003642,ACC_000198,MER_00192,27.25,INR,success,card,2026-08-02T19:42:52.760363
TXN_000003643,ACC_000366,MER_00089,167.3,INR,success,net_banking,2026-08-02T12:59:35.760363
TXN_000003644,ACC_000860,MER_00164,469.37,INR,success,card,2026-06-29T13:19:21.760363
TXN_000003645,ACC_000968,MER_00180,326.14,INR,success,card,2026-06-19T12:16:59.760363
TXN_000003646,ACC_000218,MER_00086,169.51,INR,success,wallet,2026-08-01T09:45:37.760363
TXN_000003647,ACC_000230,MER_00015,434.64,INR,success,net_banking,2026-06-25T16:05:37.760363
TXN_000003648,ACC_000993,MER_00180,19.35,INR,success,upi,2026-07-07T02:46:41.760363
TXN_000003649,ACC_000251,MER_00129,428.26,INR,success,card,2026-07-29T17:56:13.760363
TXN_000003650,ACC_000770,MER_00077,375.68,INR,success,upi,2026-08-05T17:22:18.760363
TXN_000003651,ACC_000826,MER_00025,601.81,INR,success,net_banking,2026-08-13T04:51:07.760363
TXN_000003652,ACC_000945,MER_00140,100.58,INR,success,upi,2026-06-08T21:38:09.760363
TXN_000003653,ACC_000316,MER_00168,298.29,INR,success,wallet,2026-06-17T19:58:33.760363
TXN_000003654,ACC_000017,MER_00065,192.38,INR,success,card,2026-07-31T00:05:39.760363
TXN_000003655,ACC_000528,MER_00108,218.92,INR,success,net_banking,2026-07-05T20:36:17.760363
TXN_000003656,ACC_000587,MER_00188,464.25,INR,success,wallet,2026-07-24T12:42:14.760363
TXN_000003657,ACC_000825,MER_00170,72.14,INR,success,card,2026-07-25T06:38:06.760363
TXN_000003658,ACC_000493,MER_00149,184.15,INR,success,wallet,2026-07-12T08:30:23.760363
TXN_000003659,ACC_000648,MER_00165,51.45,INR,success,upi,2026-06-19T04:02:27.760363
TXN_000003660,ACC_000829,MER_00174,360.69,INR,success,upi,2026-06-19T21:06:31.760363
TXN_000003661,ACC_000588,MER_00200,61.29,INR,success,net_banking,2026-07-31T14:08:45.760363
TXN_000003662,ACC_000631,MER_00183,125.97,INR,success,upi,2026-07-12T15:02:46.760363
TXN_000003663,ACC_000119,MER_00143,36.17,INR,success,wallet,2026-06-13T22:01:26.760363
TXN_000003664,ACC_000019,MER_00137,57.23,INR,success,upi,2026-06-13T05:48:01.760363
TXN_000003665,ACC_000127,MER_00049,323.72,INR,success,card,2026-08-06T04:13:47.760363
TXN_000003666,ACC_000850,MER_00015,308.37,INR,success,wallet,2026-07-02T12:22:09.760363
TXN_000003667,ACC_000238,MER_00061,224.54,INR,success,net_banking,2026-08-22T20:52:38.760363
TXN_000003668,ACC_000893,MER_00123,156.87,INR,failed,card,2026-07-26T03:46:43.760363
TXN_000003669,ACC_000087,MER_00079,392.34,INR,success,net_banking,2026-08-08T11:27:00.760363
TXN_000003670,ACC_000450,MER_00087,199.97,INR,success,upi,2026-06-29T11:29:35.760363
TXN_000003671,ACC_000852,MER_00081,200.75,INR,success,upi,2026-08-08T22:55:38.760363
TXN_000003672,ACC_000730,MER_00119,216.81,INR,success,net_banking,2026-05-26T19:25:08.760363
TXN_000003673,ACC_000326,MER_00060,121.11,INR,success,net_banking,2026-06-23T23:15:29.760363
TXN_000003674,ACC_000750,MER_00025,530.92,INR,success,wallet,2026-08-23T08:13:13.760363
TXN_000003675,ACC_000628,MER_00159,94.58,INR,success,upi,2026-06-10T19:53:35.760363
TXN_000003676,ACC_000813,MER_00030,522.63,INR,success,card,2026-06-06T15:52:08.760363
TXN_000003677,ACC_000173,MER_00139,1187.84,INR,success,net_banking,2026-07-28T18:59:52.760363
TXN_000003678,ACC_000545,MER_00002,1018.05,INR,success,upi,2026-06-22T02:59:43.760363
TXN_000003679,ACC_000400,MER_00153,101.68,INR,success,net_banking,2026-06-12T23:15:40.760363
TXN_000003680,ACC_000147,MER_00156,881.11,INR,success,upi,2026-06-24T07:38:54.760363
TXN_000003681,ACC_000744,MER_00097,895.13,INR,failed,card,2026-07-20T10:29:53.760363
TXN_000003682,ACC_000874,MER_00040,224.23,INR,success,upi,2026-06-25T20:42:49.760363
TXN_000003683,ACC_000901,MER_00170,2863.44,INR,success,wallet,2026-07-11T18:25:12.760363
TXN_000003684,ACC_000828,MER_00012,1051.92,INR,success,upi,2026-08-10T13:03:38.760363
TXN_000003685,ACC_000012,MER_00170,258.76,INR,success,net_banking,2026-06-23T13:52:23.760363
TXN_000003686,ACC_000834,MER_00175,425.25,INR,success,card,2026-06-14T16:38:08.760363
TXN_000003687,ACC_000693,MER_00183,2511.67,INR,success,card,2026-06-07T22:20:07.760363
TXN_000003688,ACC_000715,MER_00144,121.46,INR,success,net_banking,2026-06-12T04:28:00.760363
TXN_000003689,ACC_000063,MER_00133,582.99,INR,success,card,2026-06-05T02:54:39.760363
TXN_000003690,ACC_000893,MER_00042,96.13,INR,success,wallet,2026-06-13T14:17:03.760363
TXN_000003691,ACC_000045,MER_00193,655.6,INR,success,net_banking,2026-06-19T05:59:35.760363
TXN_000003692,ACC_000993,MER_00025,617.2,INR,success,card,2026-05-29T15:46:41.760363
TXN_000003693,ACC_000475,MER_00055,294.82,INR,success,net_banking,2026-06-20T22:39:59.760363
TXN_000003694,ACC_000117,MER_00067,47.64,INR,success,net_banking,2026-06-23T16:54:33.760363
TXN_000003695,ACC_000950,MER_00104,1028.27,INR,success,net_banking,2026-06-14T10:00:13.760363
TXN_000003696,ACC_000903,MER_00157,238.58,INR,success,net_banking,2026-06-08T00:52:30.760363
TXN_000003697,ACC_000014,MER_00020,453.0,INR,success,card,2026-08-20T05:49:39.760363
TXN_000003698,ACC_000402,MER_00191,189.11,INR,success,card,2026-07-25T20:27:05.760363
TXN_000003699,ACC_000199,MER_00123,81.17,INR,success,card,2026-08-07T05:48:03.760363
TXN_000003700,ACC_000540,MER_00099,81.4,INR,success,card,2026-06-22T05:26:29.760363
TXN_000003701,ACC_000088,MER_00119,43.15,INR,success,wallet,2026-06-25T23:28:28.760363
TXN_000003702,ACC_000349,MER_00199,335.11,INR,success,upi,2026-07-09T14:22:42.760363
TXN_000003703,ACC_000696,MER_00104,2520.46,INR,success,wallet,2026-07-31T08:33:59.760363
TXN_000003704,ACC_000942,MER_00168,689.89,INR,success,wallet,2026-07-08T01:03:09.760363
TXN_000003705,ACC_000456,MER_00117,163.67,INR,success,upi,2026-05-27T17:12:48.760363
TXN_000003706,ACC_000639,MER_00095,203.82,INR,success,net_banking,2026-06-08T03:07:10.760363
TXN_000003707,ACC_000381,MER_00044,659.31,INR,success,net_banking,2026-07-15T17:35:12.760363
TXN_000003708,ACC_000564,MER_00130,128.96,INR,success,net_banking,2026-06-16T10:02:40.760363
TXN_000003709,ACC_000961,MER_00188,288.35,INR,success,net_banking,2026-07-07T19:57:52.760363
TXN_000003710,ACC_000727,MER_00009,285.42,INR,success,upi,2026-06-16T10:46:00.760363
TXN_000003711,ACC_000335,MER_00149,114.08,INR,success,wallet,2026-05-30T05:02:41.760363
TXN_000003712,ACC_000337,MER_00156,374.5,INR,success,upi,2026-06-02T00:01:47.760363
TXN_000003713,ACC_000993,MER_00065,120.9,INR,success,wallet,2026-08-10T00:09:38.760363
TXN_000003714,ACC_000447,MER_00104,33.95,INR,success,card,2026-06-30T17:04:08.760363
TXN_000003715,ACC_000520,MER_00101,263.42,INR,success,upi,2026-07-29T13:31:31.760363
TXN_000003716,ACC_000223,MER_00152,182.28,INR,success,card,2026-06-13T13:27:59.760363
TXN_000003717,ACC_000923,MER_00145,104.22,INR,success,wallet,2026-07-18T09:44:45.760363
TXN_000003718,ACC_000873,MER_00006,81.01,INR,success,net_banking,2026-07-02T16:13:18.760363
TXN_000003719,ACC_000597,MER_00072,237.61,INR,success,net_banking,2026-07-11T00:45:57.760363
TXN_000003720,ACC_000202,MER_00012,520.4,INR,success,wallet,2026-07-09T01:25:02.760363
TXN_000003721,ACC_000905,MER_00077,157.68,INR,success,net_banking,2026-06-28T04:55:48.760363
TXN_000003722,ACC_001000,MER_00004,177.85,INR,success,net_banking,2026-06-23T06:47:24.760363
TXN_000003723,ACC_000484,MER_00193,1146.37,INR,success,net_banking,2026-06-08T03:50:54.760363
TXN_000003724,ACC_000061,MER_00030,292.46,INR,success,wallet,2026-07-03T18:13:07.760363
TXN_000003725,ACC_000405,MER_00003,725.31,INR,success,upi,2026-08-14T07:21:28.760363
TXN_000003726,ACC_000344,MER_00037,503.93,INR,success,card,2026-08-23T06:48:57.760363
TXN_000003727,ACC_000461,MER_00183,429.83,INR,success,upi,2026-07-29T20:04:49.760363
TXN_000003728,ACC_000611,MER_00087,393.28,INR,success,wallet,2026-07-05T19:31:08.760363
TXN_000003729,ACC_000215,MER_00032,98.18,INR,success,upi,2026-07-22T16:28:54.760363
TXN_000003730,ACC_000419,MER_00067,180.68,INR,failed,card,2026-07-01T15:59:18.760363
TXN_000003731,ACC_000483,MER_00027,312.31,INR,success,wallet,2026-07-10T12:43:59.760363
TXN_000003732,ACC_000463,MER_00016,522.05,INR,success,card,2026-08-18T05:13:34.760363
TXN_000003733,ACC_000735,MER_00086,103.63,INR,success,upi,2026-08-20T15:22:42.760363
TXN_000003734,ACC_000284,MER_00019,275.76,INR,success,wallet,2026-07-30T20:19:26.760363
TXN_000003735,ACC_000417,MER_00146,256.28,INR,success,card,2026-07-25T08:53:21.760363
TXN_000003736,ACC_000109,MER_00088,85.3,INR,success,wallet,2026-06-24T02:19:09.760363
TXN_000003737,ACC_000624,MER_00148,152.54,INR,success,upi,2026-08-21T14:45:48.760363
TXN_000003738,ACC_000586,MER_00031,109.46,INR,failed,net_banking,2026-08-13T03:12:46.760363
TXN_000003739,ACC_000309,MER_00064,177.0,INR,success,net_banking,2026-07-06T03:03:56.760363
TXN_000003740,ACC_000070,MER_00126,598.03,INR,success,upi,2026-07-28T21:22:46.760363
TXN_000003741,ACC_000423,MER_00042,217.86,INR,success,wallet,2026-05-30T01:59:14.760363
TXN_000003742,ACC_000445,MER_00109,223.42,INR,success,wallet,2026-06-30T08:32:47.760363
TXN_000003743,ACC_000756,MER_00123,670.96,INR,failed,upi,2026-06-21T01:43:47.760363
TXN_000003744,ACC_000541,MER_00125,308.75,INR,success,upi,2026-08-18T15:19:23.760363
TXN_000003745,ACC_000589,MER_00162,265.17,INR,success,upi,2026-08-18T02:57:24.760363
TXN_000003746,ACC_000075,MER_00119,255.7,INR,success,card,2026-08-03T16:58:00.760363
TXN_000003747,ACC_000881,MER_00142,33.05,INR,success,upi,2026-06-24T22:15:16.760363
TXN_000003748,ACC_000242,MER_00057,502.34,INR,success,net_banking,2026-07-15T18:15:15.760363
TXN_000003749,ACC_000805,MER_00038,132.6,INR,success,card,2026-06-16T09:36:15.760363
TXN_000003750,ACC_000219,MER_00024,127.91,INR,success,upi,2026-07-04T06:22:25.760363
TXN_000003751,ACC_000504,MER_00004,248.79,INR,success,wallet,2026-06-07T23:48:27.760363
TXN_000003752,ACC_000052,MER_00051,202.33,INR,success,upi,2026-08-08T02:57:22.760363
TXN_000003753,ACC_000430,MER_00100,286.68,INR,success,upi,2026-06-21T17:27:37.760363
TXN_000003754,ACC_000806,MER_00093,1007.05,INR,success,card,2026-07-23T02:28:31.760363
TXN_000003755,ACC_000021,MER_00015,514.72,INR,failed,wallet,2026-06-23T01:26:42.760363
TXN_000003756,ACC_000096,MER_00003,3684.8,INR,success,card,2026-06-29T12:11:01.760363
TXN_000003757,ACC_000767,MER_00047,1029.0,INR,success,upi,2026-06-01T08:35:51.760363
TXN_000003758,ACC_000615,MER_00025,317.87,INR,success,upi,2026-05-27T03:14:05.760363
TXN_000003759,ACC_000925,MER_00089,525.69,INR,success,wallet,2026-05-30T04:14:43.760363
TXN_000003760,ACC_000723,MER_00010,292.61,INR,success,net_banking,2026-08-12T04:39:51.760363
TXN_000003761,ACC_000735,MER_00114,186.46,INR,success,upi,2026-05-31T22:50:03.760363
TXN_000003762,ACC_000894,MER_00065,970.33,INR,success,card,2026-07-19T09:48:25.760363
TXN_000003763,ACC_000465,MER_00167,39.92,INR,success,wallet,2026-06-14T12:38:30.760363
TXN_000003764,ACC_000530,MER_00074,850.49,INR,failed,net_banking,2026-08-01T09:58:15.760363
TXN_000003765,ACC_000377,MER_00144,127.39,INR,success,wallet,2026-07-07T09:14:18.760363
TXN_000003766,ACC_000120,MER_00062,80.89,INR,success,card,2026-06-13T21:00:00.760363
TXN_000003767,ACC_000865,MER_00104,50.9,INR,failed,upi,2026-06-25T05:56:27.760363
TXN_000003768,ACC_000084,MER_00063,481.48,INR,success,wallet,2026-06-04T19:09:57.760363
TXN_000003769,ACC_000410,MER_00100,525.14,INR,success,wallet,2026-07-17T07:33:55.760363
TXN_000003770,ACC_000101,MER_00050,315.55,INR,success,wallet,2026-07-16T17:20:54.760363
TXN_000003771,ACC_000616,MER_00087,33.7,INR,success,upi,2026-07-15T07:55:13.760363
TXN_000003772,ACC_000860,MER_00064,952.0,INR,success,net_banking,2026-06-02T15:55:06.760363
TXN_000003773,ACC_000293,MER_00167,281.06,INR,success,wallet,2026-07-06T01:35:32.760363
TXN_000003774,ACC_000760,MER_00117,113.29,INR,success,card,2026-06-06T17:07:32.760363
TXN_000003775,ACC_000354,MER_00033,194.59,INR,success,card,2026-07-15T21:07:08.760363
TXN_000003776,ACC_000818,MER_00160,1441.71,INR,success,upi,2026-07-13T03:32:59.760363
TXN_000003777,ACC_000421,MER_00065,79.68,INR,success,wallet,2026-06-13T18:26:07.760363
TXN_000003778,ACC_000906,MER_00187,278.28,INR,success,card,2026-07-05T19:31:47.760363
TXN_000003779,ACC_000569,MER_00104,158.52,INR,success,upi,2026-07-29T17:46:05.760363
TXN_000003780,ACC_000378,MER_00200,195.44,INR,success,card,2026-05-27T16:50:01.760363
TXN_000003781,ACC_000865,MER_00060,214.69,INR,success,upi,2026-06-12T23:20:19.760363
TXN_000003782,ACC_000410,MER_00043,32.18,INR,success,net_banking,2026-07-23T14:42:47.760363
TXN_000003783,ACC_000897,MER_00017,121.96,INR,success,upi,2026-08-20T09:18:59.760363
TXN_000003784,ACC_000123,MER_00037,559.34,INR,success,net_banking,2026-06-14T22:43:54.760363
TXN_000003785,ACC_000524,MER_00047,741.69,INR,success,upi,2026-05-30T09:36:05.760363
TXN_000003786,ACC_000070,MER_00089,1857.72,INR,success,net_banking,2026-06-25T12:34:22.760363
TXN_000003787,ACC_000055,MER_00066,133.37,INR,success,net_banking,2026-07-10T01:01:02.760363
TXN_000003788,ACC_000254,MER_00108,761.37,INR,success,upi,2026-07-26T03:18:49.760363
TXN_000003789,ACC_000162,MER_00016,106.8,INR,success,wallet,2026-07-09T09:21:32.760363
TXN_000003790,ACC_000461,MER_00097,151.81,INR,success,card,2026-06-15T14:25:02.760363
TXN_000003791,ACC_000696,MER_00118,293.61,INR,success,wallet,2026-07-27T14:35:04.760363
TXN_000003792,ACC_000090,MER_00138,35.57,INR,success,net_banking,2026-07-03T10:48:37.760363
TXN_000003793,ACC_000134,MER_00035,201.21,INR,success,upi,2026-08-09T02:19:28.760363
TXN_000003794,ACC_000515,MER_00143,655.12,INR,success,card,2026-06-29T11:57:10.760363
TXN_000003795,ACC_000914,MER_00034,281.99,INR,success,card,2026-06-03T07:59:43.760363
TXN_000003796,ACC_000272,MER_00058,111.12,INR,success,wallet,2026-06-24T10:43:27.760363
TXN_000003797,ACC_000163,MER_00158,131.01,INR,success,card,2026-07-14T23:12:09.760363
TXN_000003798,ACC_000438,MER_00036,165.88,INR,success,upi,2026-07-26T00:53:03.760363
TXN_000003799,ACC_000610,MER_00165,55.41,INR,success,wallet,2026-08-21T16:09:31.760363
TXN_000003800,ACC_000371,MER_00189,74.69,INR,success,upi,2026-07-26T01:25:21.760363
TXN_000003801,ACC_000952,MER_00030,962.49,INR,success,card,2026-06-15T03:12:21.760363
TXN_000003802,ACC_000089,MER_00186,177.02,INR,success,card,2026-06-01T17:28:14.760363
TXN_000003803,ACC_000794,MER_00059,368.78,INR,success,net_banking,2026-05-31T05:19:39.760363
TXN_000003804,ACC_000185,MER_00094,38.25,INR,success,upi,2026-06-08T02:42:24.760363
TXN_000003805,ACC_000317,MER_00126,415.46,INR,pending,net_banking,2026-08-11T17:58:16.760363
TXN_000003806,ACC_000431,MER_00098,299.07,INR,success,wallet,2026-07-30T08:05:05.760363
TXN_000003807,ACC_000228,MER_00083,130.75,INR,success,wallet,2026-07-27T13:04:03.760363
TXN_000003808,ACC_000281,MER_00084,127.66,INR,failed,card,2026-07-07T11:41:24.760363
TXN_000003809,ACC_000179,MER_00120,284.63,INR,success,card,2026-07-06T19:30:57.760363
TXN_000003810,ACC_000708,MER_00120,154.29,INR,success,net_banking,2026-07-13T04:19:12.760363
TXN_000003811,ACC_000589,MER_00151,159.27,INR,success,upi,2026-08-07T09:21:46.760363
TXN_000003812,ACC_000700,MER_00096,174.51,INR,success,upi,2026-08-09T03:58:44.760363
TXN_000003813,ACC_000001,MER_00171,49.66,INR,success,upi,2026-05-30T21:03:01.760363
TXN_000003814,ACC_000927,MER_00088,836.12,INR,success,upi,2026-06-26T22:24:32.760363
TXN_000003815,ACC_000696,MER_00081,184.3,INR,success,wallet,2026-07-05T01:49:39.760363
TXN_000003816,ACC_000832,MER_00102,146.72,INR,success,net_banking,2026-08-18T15:25:19.760363
TXN_000003817,ACC_000087,MER_00041,751.33,INR,success,net_banking,2026-07-23T05:20:04.760363
TXN_000003818,ACC_000246,MER_00047,76.45,INR,success,card,2026-07-31T19:00:52.760363
TXN_000003819,ACC_000509,MER_00174,587.45,INR,success,upi,2026-06-06T13:43:36.760363
TXN_000003820,ACC_000902,MER_00160,225.95,INR,success,wallet,2026-06-12T22:31:07.760363
TXN_000003821,ACC_000869,MER_00132,128.74,INR,success,upi,2026-08-13T03:24:31.760363
TXN_000003822,ACC_000399,MER_00192,542.75,INR,success,net_banking,2026-08-20T20:13:37.760363
TXN_000003823,ACC_000190,MER_00028,2145.48,INR,success,wallet,2026-08-06T03:14:36.760363
TXN_000003824,ACC_000622,MER_00162,345.92,INR,success,upi,2026-08-05T00:47:45.760363
TXN_000003825,ACC_000558,MER_00195,85.32,INR,success,wallet,2026-05-28T19:22:04.760363
TXN_000003826,ACC_000082,MER_00190,716.99,INR,failed,card,2026-07-16T09:51:01.760363
TXN_000003827,ACC_000865,MER_00190,144.32,INR,success,net_banking,2026-07-14T06:38:36.760363
TXN_000003828,ACC_000141,MER_00190,216.81,INR,success,net_banking,2026-06-13T15:08:43.760363
TXN_000003829,ACC_000344,MER_00052,551.79,INR,success,wallet,2026-06-04T19:37:02.760363
TXN_000003830,ACC_000407,MER_00087,178.26,INR,success,card,2026-07-28T10:03:20.760363
TXN_000003831,ACC_000496,MER_00183,61.89,INR,success,wallet,2026-07-30T08:20:36.760363
TXN_000003832,ACC_000847,MER_00167,360.39,INR,success,net_banking,2026-06-24T00:43:16.760363
TXN_000003833,ACC_000590,MER_00110,1947.87,INR,success,wallet,2026-08-08T17:00:26.760363
TXN_000003834,ACC_000521,MER_00111,190.94,INR,success,card,2026-06-21T09:23:45.760363
TXN_000003835,ACC_000108,MER_00049,169.23,INR,success,wallet,2026-06-16T10:10:46.760363
TXN_000003836,ACC_000247,MER_00100,309.61,INR,success,wallet,2026-08-23T00:14:39.760363
TXN_000003837,ACC_000582,MER_00175,166.36,INR,success,net_banking,2026-07-07T10:19:01.760363
TXN_000003838,ACC_000292,MER_00172,2204.83,INR,success,net_banking,2026-05-31T19:25:47.760363
TXN_000003839,ACC_000139,MER_00116,451.65,INR,success,net_banking,2026-07-09T18:37:19.760363
TXN_000003840,ACC_000922,MER_00041,136.21,INR,success,upi,2026-08-14T21:14:02.760363
TXN_000003841,ACC_000355,MER_00165,43.21,INR,success,upi,2026-06-02T10:53:19.760363
TXN_000003842,ACC_000532,MER_00115,656.69,INR,success,upi,2026-07-29T02:07:00.760363
TXN_000003843,ACC_000346,MER_00109,133.0,INR,success,wallet,2026-07-16T05:43:51.760363
TXN_000003844,ACC_000348,MER_00099,195.07,INR,success,wallet,2026-07-04T16:56:14.760363
TXN_000003845,ACC_000377,MER_00020,1157.27,INR,success,wallet,2026-06-02T03:32:20.760363
TXN_000003846,ACC_000156,MER_00106,148.26,INR,success,upi,2026-07-20T05:09:19.760363
TXN_000003847,ACC_000078,MER_00051,126.36,INR,success,wallet,2026-07-10T23:13:15.760363
TXN_000003848,ACC_000767,MER_00055,715.04,INR,success,wallet,2026-05-28T11:01:07.760363
TXN_000003849,ACC_000847,MER_00190,162.77,INR,success,wallet,2026-06-04T17:02:50.760363
TXN_000003850,ACC_000407,MER_00188,1062.1,INR,success,net_banking,2026-07-16T16:12:48.760363
TXN_000003851,ACC_000646,MER_00096,1682.35,INR,success,net_banking,2026-06-03T10:21:41.760363
TXN_000003852,ACC_000766,MER_00058,166.48,INR,success,wallet,2026-08-02T05:51:04.760363
TXN_000003853,ACC_000602,MER_00190,957.84,INR,success,wallet,2026-08-14T04:39:55.760363
TXN_000003854,ACC_000989,MER_00021,508.08,INR,success,card,2026-06-04T16:40:32.760363
TXN_000003855,ACC_000983,MER_00133,1169.03,INR,success,net_banking,2026-08-17T22:24:34.760363
TXN_000003856,ACC_000776,MER_00024,530.8,INR,success,net_banking,2026-08-03T01:59:20.760363
TXN_000003857,ACC_000885,MER_00140,356.06,INR,pending,card,2026-07-27T14:42:36.760363
TXN_000003858,ACC_000059,MER_00100,169.08,INR,success,wallet,2026-06-29T06:09:39.760363
TXN_000003859,ACC_000948,MER_00136,95.49,INR,success,net_banking,2026-07-20T17:59:30.760363
TXN_000003860,ACC_000739,MER_00107,391.25,INR,failed,wallet,2026-06-29T00:57:15.760363
TXN_000003861,ACC_000618,MER_00153,517.07,INR,success,card,2026-07-12T19:43:38.760363
TXN_000003862,ACC_000747,MER_00003,99.71,INR,success,card,2026-08-03T14:36:35.760363
TXN_000003863,ACC_000591,MER_00159,39.05,INR,success,wallet,2026-06-05T14:36:26.760363
TXN_000003864,ACC_000271,MER_00089,166.59,INR,success,net_banking,2026-06-07T12:06:26.760363
TXN_000003865,ACC_000847,MER_00159,1069.37,INR,success,card,2026-06-13T15:56:32.760363
TXN_000003866,ACC_000178,MER_00125,867.96,INR,success,upi,2026-06-19T20:46:17.760363
TXN_000003867,ACC_000199,MER_00114,300.87,INR,failed,net_banking,2026-07-07T01:03:05.760363
TXN_000003868,ACC_000727,MER_00145,197.46,INR,success,net_banking,2026-07-31T16:11:29.760363
TXN_000003869,ACC_000813,MER_00078,61.44,INR,success,wallet,2026-05-28T17:45:54.760363
TXN_000003870,ACC_000909,MER_00021,1289.42,INR,success,net_banking,2026-07-22T17:25:11.760363
TXN_000003871,ACC_000470,MER_00073,227.3,INR,success,card,2026-06-22T12:19:56.760363
TXN_000003872,ACC_000214,MER_00044,48.59,INR,success,card,2026-08-22T03:02:40.760363
TXN_000003873,ACC_000054,MER_00123,492.54,INR,failed,upi,2026-08-19T15:09:48.760363
TXN_000003874,ACC_000100,MER_00058,689.22,INR,success,net_banking,2026-08-16T09:49:21.760363
TXN_000003875,ACC_000807,MER_00045,230.9,INR,success,net_banking,2026-07-12T21:21:23.760363
TXN_000003876,ACC_000698,MER_00074,38.98,INR,success,card,2026-07-28T19:53:14.760363
TXN_000003877,ACC_000627,MER_00039,180.16,INR,success,card,2026-06-27T13:01:21.760363
TXN_000003878,ACC_000996,MER_00082,51.62,INR,success,wallet,2026-07-17T00:04:20.760363
TXN_000003879,ACC_000117,MER_00172,272.37,INR,success,net_banking,2026-07-28T15:15:05.760363
TXN_000003880,ACC_000973,MER_00124,635.19,INR,success,upi,2026-07-26T23:18:05.760363
TXN_000003881,ACC_000873,MER_00191,292.66,INR,success,card,2026-06-16T02:59:49.760363
TXN_000003882,ACC_000859,MER_00158,2444.9,INR,success,upi,2026-06-09T22:52:13.760363
TXN_000003883,ACC_000667,MER_00081,222.8,INR,success,upi,2026-06-03T11:27:04.760363
TXN_000003884,ACC_000453,MER_00169,203.3,INR,success,wallet,2026-06-14T19:02:47.760363
TXN_000003885,ACC_000956,MER_00054,30.77,INR,success,wallet,2026-06-11T23:32:48.760363
TXN_000003886,ACC_000624,MER_00060,805.3,INR,success,upi,2026-06-12T11:28:02.760363
TXN_000003887,ACC_000631,MER_00083,238.07,INR,success,wallet,2026-06-21T19:32:08.760363
TXN_000003888,ACC_000794,MER_00145,86.95,INR,failed,card,2026-07-24T22:51:21.760363
TXN_000003889,ACC_000792,MER_00149,729.13,INR,success,net_banking,2026-08-10T00:23:47.760363
TXN_000003890,ACC_000575,MER_00010,475.77,INR,success,upi,2026-06-17T13:04:27.760363
TXN_000003891,ACC_000310,MER_00167,326.68,INR,success,card,2026-06-15T08:39:48.760363
TXN_000003892,ACC_000826,MER_00083,196.74,INR,success,card,2026-07-07T18:31:48.760363
TXN_000003893,ACC_000006,MER_00086,151.02,INR,success,wallet,2026-05-30T11:42:29.760363
TXN_000003894,ACC_000472,MER_00052,9.81,INR,success,upi,2026-06-10T14:55:03.760363
TXN_000003895,ACC_000554,MER_00146,992.77,INR,success,card,2026-07-24T23:37:12.760363
TXN_000003896,ACC_000006,MER_00189,206.68,INR,success,upi,2026-08-02T16:36:06.760363
TXN_000003897,ACC_000388,MER_00019,2007.07,INR,success,net_banking,2026-08-09T11:01:29.760363
TXN_000003898,ACC_000321,MER_00005,159.87,INR,success,card,2026-07-01T13:28:07.760363
TXN_000003899,ACC_000343,MER_00160,93.71,INR,success,upi,2026-07-25T13:29:06.760363
TXN_000003900,ACC_000916,MER_00093,1267.68,INR,success,wallet,2026-08-20T01:34:57.760363
TXN_000003901,ACC_000387,MER_00038,149.14,INR,success,net_banking,2026-08-14T22:23:33.760363
TXN_000003902,ACC_000407,MER_00039,117.43,INR,failed,wallet,2026-05-31T21:32:04.760363
TXN_000003903,ACC_000694,MER_00180,326.47,INR,success,card,2026-07-24T02:18:56.760363
TXN_000003904,ACC_000106,MER_00001,220.84,INR,success,net_banking,2026-07-03T05:36:46.760363
TXN_000003905,ACC_000074,MER_00133,89.24,INR,success,card,2026-07-14T17:34:19.760363
TXN_000003906,ACC_000967,MER_00051,145.93,INR,success,wallet,2026-07-20T05:25:18.760363
TXN_000003907,ACC_000074,MER_00017,399.66,INR,success,upi,2026-06-09T12:49:44.760363
TXN_000003908,ACC_000108,MER_00133,124.02,INR,success,card,2026-08-21T01:51:18.760363
TXN_000003909,ACC_000069,MER_00012,305.63,INR,success,card,2026-07-24T07:51:19.760363
TXN_000003910,ACC_000277,MER_00153,104.7,INR,success,card,2026-07-16T01:21:08.760363
TXN_000003911,ACC_000569,MER_00003,934.15,INR,success,wallet,2026-07-02T07:32:59.760363
TXN_000003912,ACC_000473,MER_00177,22.87,INR,success,wallet,2026-07-04T12:06:55.760363
TXN_000003913,ACC_000602,MER_00088,332.3,INR,success,card,2026-06-08T02:46:59.760363
TXN_000003914,ACC_000543,MER_00179,52.74,INR,success,wallet,2026-07-13T01:44:32.760363
TXN_000003915,ACC_000840,MER_00183,716.36,INR,success,upi,2026-07-30T10:02:52.760363
TXN_000003916,ACC_000138,MER_00003,406.92,INR,success,net_banking,2026-06-10T07:00:45.760363
TXN_000003917,ACC_000149,MER_00038,795.09,INR,success,upi,2026-07-26T11:06:19.760363
TXN_000003918,ACC_000533,MER_00026,620.86,INR,success,net_banking,2026-06-13T07:51:39.760363
TXN_000003919,ACC_000200,MER_00159,30.65,INR,success,card,2026-08-06T09:04:12.760363
TXN_000003920,ACC_000233,MER_00129,97.69,INR,success,upi,2026-07-02T08:36:51.760363
TXN_000003921,ACC_000477,MER_00030,416.93,INR,success,upi,2026-07-10T02:36:01.760363
TXN_000003922,ACC_000937,MER_00051,220.9,INR,success,card,2026-07-18T22:10:48.760363
TXN_000003923,ACC_000439,MER_00190,242.91,INR,success,card,2026-06-29T10:43:59.760363
TXN_000003924,ACC_000210,MER_00067,597.63,INR,success,card,2026-06-15T19:24:47.760363
TXN_000003925,ACC_000989,MER_00037,204.53,INR,pending,card,2026-08-19T02:21:44.760363
TXN_000003926,ACC_000683,MER_00085,22.76,INR,success,net_banking,2026-07-23T12:40:10.760363
TXN_000003927,ACC_000606,MER_00151,211.84,INR,success,wallet,2026-08-15T05:02:54.760363
TXN_000003928,ACC_000082,MER_00104,794.63,INR,success,card,2026-08-16T05:07:46.760363
TXN_000003929,ACC_000888,MER_00028,386.84,INR,success,card,2026-07-20T05:41:40.760363
TXN_000003930,ACC_000218,MER_00043,476.32,INR,success,upi,2026-08-04T04:44:35.760363
TXN_000003931,ACC_000369,MER_00098,82.85,INR,success,net_banking,2026-06-17T09:57:40.760363
TXN_000003932,ACC_000464,MER_00180,499.2,INR,success,card,2026-08-12T18:12:53.760363
TXN_000003933,ACC_000183,MER_00138,617.36,INR,success,net_banking,2026-08-08T14:32:57.760363
TXN_000003934,ACC_000774,MER_00020,40.55,INR,success,upi,2026-07-01T18:40:52.760363
TXN_000003935,ACC_000499,MER_00007,56.5,INR,success,net_banking,2026-07-11T06:19:04.760363
TXN_000003936,ACC_000674,MER_00183,1161.08,INR,success,card,2026-08-05T18:19:39.760363
TXN_000003937,ACC_000769,MER_00050,524.65,INR,success,net_banking,2026-06-12T03:26:35.760363
TXN_000003938,ACC_000906,MER_00146,413.65,INR,success,card,2026-05-28T18:33:13.760363
TXN_000003939,ACC_000247,MER_00107,102.71,INR,success,wallet,2026-06-04T10:05:19.760363
TXN_000003940,ACC_000463,MER_00135,767.28,INR,success,card,2026-07-05T09:03:40.760363
TXN_000003941,ACC_000324,MER_00004,107.81,INR,success,wallet,2026-07-11T13:54:50.760363
TXN_000003942,ACC_000844,MER_00118,839.79,INR,pending,upi,2026-08-20T09:29:19.760363
TXN_000003943,ACC_000825,MER_00058,737.36,INR,success,net_banking,2026-08-01T21:06:59.760363
TXN_000003944,ACC_000331,MER_00112,383.14,INR,success,card,2026-08-20T02:15:00.760363
TXN_000003945,ACC_INVALID,MER_00169,111.36,INR,success,net_banking,2026-06-27T19:36:37.760363
TXN_000003946,ACC_000749,MER_00025,125.17,INR,success,upi,2026-07-21T17:20:17.760363
TXN_000003947,ACC_000128,MER_00049,611.57,INR,success,card,2026-06-15T12:49:38.760363
TXN_000003948,ACC_000727,MER_00185,92.03,INR,success,card,2026-06-14T00:02:11.760363
TXN_000003949,ACC_000169,MER_00079,820.04,INR,success,wallet,2026-07-23T08:06:08.760363
TXN_000003950,ACC_000937,MER_00163,193.54,INR,success,wallet,2026-07-30T12:56:34.760363
TXN_000003951,ACC_000064,MER_00123,92.45,INR,success,wallet,2026-07-05T04:34:25.760363
TXN_000003952,ACC_000964,MER_00134,1071.38,INR,success,net_banking,2026-08-13T21:56:03.760363
TXN_000003953,ACC_000931,MER_00122,305.3,INR,success,net_banking,2026-07-13T22:04:04.760363
TXN_000003954,ACC_000690,MER_00123,1458.14,INR,success,upi,2026-07-19T16:32:11.760363
TXN_000003955,ACC_000062,MER_00139,198.96,INR,success,upi,2026-08-03T19:53:51.760363
TXN_000003956,ACC_000500,MER_00030,376.96,INR,success,net_banking,2026-06-30T11:26:20.760363
TXN_000003957,ACC_000230,MER_00116,403.68,INR,success,net_banking,2026-08-12T09:25:23.760363
TXN_000003958,ACC_000463,MER_00115,54.94,INR,success,net_banking,2026-05-31T13:19:48.760363
TXN_000003959,ACC_000688,MER_00010,25.78,INR,success,upi,2026-05-29T07:58:27.760363
TXN_000003960,ACC_000106,MER_00089,398.12,INR,success,card,2026-07-02T12:02:12.760363
TXN_000003961,ACC_000484,MER_00195,245.45,INR,success,card,2026-07-17T17:07:37.760363
TXN_000003962,ACC_000383,MER_00194,41.03,INR,success,card,2026-06-20T18:45:54.760363
TXN_000003963,ACC_000304,MER_00087,357.03,INR,success,upi,2026-07-06T13:28:54.760363
TXN_000003964,ACC_000147,MER_00188,212.67,INR,success,net_banking,2026-07-25T09:40:15.760363
TXN_000003965,ACC_000280,MER_00109,415.97,INR,success,upi,2026-08-24T12:28:36.760363
TXN_000003966,ACC_000540,MER_00194,692.36,INR,success,card,2026-06-06T12:19:46.760363
TXN_000003967,ACC_000716,MER_00147,254.5,INR,success,upi,2026-08-21T23:48:40.760363
TXN_000003968,ACC_000673,MER_00045,445.64,INR,success,wallet,2026-06-12T18:37:49.760363
TXN_000003969,ACC_000890,MER_00086,243.14,INR,success,net_banking,2026-06-13T23:04:43.760363
TXN_000003970,ACC_000768,MER_00039,160.36,INR,success,wallet,2026-08-01T04:47:04.760363
TXN_000003971,ACC_000935,MER_00082,308.89,INR,success,upi,2026-08-21T08:33:25.760363
TXN_000003972,ACC_000433,,320.77,INR,success,net_banking,2026-06-19T12:08:04.760363
TXN_000003973,ACC_000423,MER_00056,225.87,INR,success,wallet,2026-07-15T01:26:00.760363
TXN_000003974,ACC_000105,MER_00029,84.5,INR,success,wallet,2026-07-16T10:21:45.760363
TXN_000003975,ACC_000673,MER_00197,108.08,INR,success,card,2026-08-06T15:40:03.760363
TXN_000003976,ACC_000801,MER_00181,71.61,INR,success,card,2026-08-14T22:40:29.760363
TXN_000003977,ACC_000909,MER_00170,49.48,INR,success,net_banking,2026-06-25T09:53:23.760363
TXN_000003978,ACC_000103,MER_00002,335.49,INR,success,wallet,2026-08-08T17:46:22.760363
TXN_000003979,ACC_000732,MER_00065,53.76,INR,success,net_banking,2026-07-27T23:49:27.760363
TXN_000003980,ACC_000503,MER_00107,90.32,INR,success,card,2026-05-29T16:53:16.760363
TXN_000003981,ACC_000441,MER_00028,492.66,INR,success,upi,2026-05-29T21:44:23.760363
TXN_000003982,ACC_000125,MER_00161,141.34,INR,success,net_banking,2026-06-26T23:58:42.760363
TXN_000003983,ACC_000727,MER_00186,248.15,INR,success,net_banking,2026-07-15T01:53:34.760363
TXN_000003984,ACC_000274,MER_00098,220.66,INR,failed,card,2026-07-19T09:18:46.760363
TXN_000003985,ACC_000307,MER_00198,837.45,INR,success,wallet,2026-05-27T06:35:15.760363
TXN_000003986,ACC_000677,MER_00090,248.48,INR,success,card,2026-07-25T02:53:36.760363
TXN_000003987,ACC_000401,MER_00051,414.14,INR,success,wallet,2026-08-10T12:30:06.760363
TXN_000003988,ACC_000955,MER_00018,209.88,INR,success,wallet,2026-08-21T08:45:45.760363
TXN_000003989,ACC_000201,MER_00046,105.76,INR,success,upi,2026-07-27T02:46:22.760363
TXN_000003990,ACC_000375,MER_00198,206.38,INR,success,card,2026-05-28T19:22:02.760363
TXN_000003991,ACC_000861,MER_00161,28.22,INR,success,net_banking,2026-07-24T16:22:01.760363
TXN_000003992,ACC_000282,MER_00118,47.55,INR,success,net_banking,2026-06-09T13:09:02.760363
TXN_000003993,ACC_000116,MER_00196,222.9,INR,success,net_banking,2026-07-16T11:51:27.760363
TXN_000003994,ACC_000280,MER_00095,123.69,INR,success,net_banking,2026-06-21T00:51:23.760363
TXN_000003995,ACC_000267,MER_00039,169.6,INR,success,card,2026-06-13T20:57:49.760363
TXN_000003996,ACC_000428,MER_00124,389.0,INR,success,upi,2026-06-09T22:59:24.760363
TXN_000003997,ACC_000164,MER_00155,387.26,INR,success,net_banking,2026-08-18T16:08:16.760363
TXN_000003998,ACC_000756,MER_00069,450.75,INR,failed,upi,2026-07-14T09:02:05.760363
TXN_000003999,ACC_000075,MER_00117,342.66,INR,pending,card,2026-05-30T12:52:31.760363
TXN_000004000,ACC_000553,MER_00116,655.43,INR,success,upi,2026-07-26T06:14:43.760363
TXN_000004001,ACC_000717,MER_00098,1166.65,INR,success,wallet,2026-08-20T16:21:28.760363
TXN_000004002,ACC_000652,MER_00138,170.67,INR,failed,net_banking,2026-06-22T13:52:23.760363
TXN_000004003,ACC_000474,MER_00138,428.16,INR,success,upi,2026-06-23T10:55:21.760363
TXN_000004004,ACC_000745,MER_00017,186.25,INR,success,net_banking,2026-07-22T03:00:06.760363
TXN_000004005,ACC_000900,MER_00087,226.03,INR,success,upi,2026-07-30T08:14:36.760363
TXN_000004006,ACC_000068,MER_00050,1680.94,INR,success,wallet,2026-07-02T01:19:44.760363
TXN_000004007,ACC_000360,MER_00148,76.98,INR,success,net_banking,2026-07-20T01:23:53.760363
TXN_000004008,ACC_000773,MER_00126,115.84,INR,pending,upi,2026-07-02T14:11:26.760363
TXN_000004009,ACC_000941,MER_00077,252.19,INR,success,card,2026-08-13T16:29:46.760363
TXN_000004010,ACC_000190,MER_00179,174.93,INR,success,net_banking,2026-05-27T10:14:57.760363
TXN_000004011,ACC_000599,MER_00161,210.68,INR,success,card,2026-06-19T10:28:36.760363
TXN_000004012,ACC_000926,MER_00086,226.1,INR,success,upi,2026-07-14T05:34:00.760363
TXN_000004013,ACC_000486,MER_00005,354.97,INR,success,card,2026-07-20T03:41:19.760363
TXN_000004014,ACC_000201,MER_00013,47.69,INR,pending,wallet,2026-05-26T20:08:34.760363
TXN_000004015,ACC_000722,MER_00029,449.7,INR,success,card,2026-08-02T07:55:29.760363
TXN_000004016,ACC_000385,MER_00179,277.52,INR,success,upi,2026-06-06T18:55:50.760363
TXN_000004017,ACC_000402,MER_00157,48.13,INR,success,wallet,2026-07-10T21:44:17.760363
TXN_000004018,ACC_000692,MER_00075,330.22,INR,success,wallet,2026-07-29T06:52:39.760363
TXN_000004019,ACC_000549,MER_00199,236.26,INR,success,card,2026-07-08T16:54:25.760363
TXN_000004020,ACC_000786,MER_00140,661.71,INR,success,upi,2026-06-24T16:47:01.760363
TXN_000004021,ACC_000371,MER_00092,794.25,INR,success,net_banking,2026-08-02T23:15:33.760363
TXN_000004022,ACC_000616,MER_00181,359.43,INR,pending,wallet,2026-08-21T21:54:26.760363
TXN_000004023,ACC_000618,MER_00121,1866.79,INR,pending,upi,2026-05-30T08:56:41.760363
TXN_000004024,ACC_000756,,244.1,INR,success,net_banking,2026-06-16T03:16:45.760363
TXN_000004025,ACC_000692,MER_00154,19.69,INR,success,net_banking,2026-07-10T21:36:53.760363
TXN_000004026,ACC_000816,MER_00093,776.18,INR,success,card,2026-08-17T01:35:58.760363
TXN_000004027,ACC_000193,MER_00184,353.51,INR,success,net_banking,2026-08-17T07:37:04.760363
TXN_000004028,ACC_000758,MER_00093,47.01,INR,success,net_banking,2026-06-30T14:19:27.760363
TXN_000004029,ACC_000564,MER_00013,1042.78,INR,success,upi,2026-08-17T21:56:12.760363
TXN_000004030,ACC_000827,MER_00009,66.29,INR,success,card,2026-07-15T23:21:31.760363
TXN_000004031,ACC_000067,MER_00151,124.99,INR,success,net_banking,2026-06-18T03:39:35.760363
TXN_000004032,ACC_000187,MER_00111,122.29,INR,success,net_banking,2026-07-29T01:39:53.760363
TXN_000004033,ACC_000641,MER_00102,1489.62,INR,success,wallet,2026-08-14T10:13:36.760363
TXN_000004034,ACC_000294,MER_00090,631.32,INR,success,wallet,2026-06-15T16:03:37.760363
TXN_000004035,ACC_000999,MER_00026,319.03,INR,success,upi,2026-07-22T10:51:46.760363
TXN_000004036,ACC_000477,MER_00025,235.53,INR,failed,upi,2026-07-30T09:03:01.760363
TXN_000004037,ACC_000425,MER_00187,183.01,INR,success,net_banking,2026-08-12T21:15:08.760363
TXN_000004038,ACC_000973,MER_00014,117.14,INR,pending,wallet,2026-08-08T23:12:26.760363
TXN_000004039,ACC_000996,MER_00007,651.91,INR,success,net_banking,2026-08-23T08:07:31.760363
TXN_000004040,ACC_000688,MER_00023,726.03,INR,success,upi,2026-07-06T03:17:14.760363
TXN_000004041,ACC_000941,MER_00102,305.24,INR,success,card,2026-06-11T00:07:59.760363
TXN_000004042,ACC_000255,MER_00062,29.0,INR,success,wallet,2026-07-11T23:58:11.760363
TXN_000004043,ACC_000155,MER_00200,1931.16,INR,success,card,2026-08-23T07:19:11.760363
TXN_000004044,ACC_000064,MER_00079,278.42,INR,success,wallet,2026-08-23T13:24:26.760363
TXN_000004045,ACC_000081,MER_00085,238.84,INR,success,card,2026-07-18T15:20:14.760363
TXN_000004046,ACC_000870,MER_00157,1011.46,INR,success,upi,2026-07-09T20:57:03.760363
TXN_000004047,ACC_000924,MER_00045,1441.79,INR,success,wallet,2026-06-13T06:40:30.760363
TXN_000004048,ACC_000483,MER_00138,146.66,INR,success,card,2026-06-09T11:56:36.760363
TXN_000004049,ACC_000508,MER_00024,661.05,INR,success,upi,2026-05-29T01:12:38.760363
TXN_000004050,ACC_000295,MER_00056,450.1,INR,success,wallet,2026-08-22T13:03:57.760363
TXN_000004051,ACC_000507,MER_00094,611.24,INR,success,net_banking,2026-08-22T07:23:29.760363
TXN_000004052,ACC_000007,MER_00080,114.06,INR,success,card,2026-07-09T07:44:42.760363
TXN_000004053,ACC_000888,MER_00129,504.37,INR,success,net_banking,2026-08-17T02:57:12.760363
TXN_000004054,ACC_000218,MER_00185,240.63,INR,success,card,2026-06-08T14:39:21.760363
TXN_000004055,ACC_000500,MER_00122,478.15,INR,success,net_banking,2026-07-28T12:58:47.760363
TXN_000004056,ACC_000502,MER_00155,57.83,INR,success,net_banking,2026-06-18T15:08:02.760363
TXN_000004057,ACC_000135,MER_00150,317.03,INR,success,wallet,2026-08-23T07:19:38.760363
TXN_000004058,ACC_000117,MER_00099,119.51,INR,success,card,2026-08-13T02:08:27.760363
TXN_000004059,ACC_000071,MER_00012,335.78,INR,success,card,2026-05-31T04:18:29.760363
TXN_000004060,ACC_000779,MER_00121,744.27,INR,success,wallet,2026-06-19T20:40:14.760363
TXN_000004061,ACC_000737,MER_00156,165.43,INR,success,net_banking,2026-05-30T23:46:24.760363
TXN_000004062,ACC_000587,MER_00065,127.45,INR,success,wallet,2026-08-21T19:38:47.760363
TXN_000004063,ACC_000270,MER_00132,305.19,INR,success,net_banking,2026-07-23T04:35:27.760363
TXN_000004064,ACC_000345,MER_00088,358.06,INR,success,net_banking,2026-06-26T14:23:50.760363
TXN_000004065,ACC_000084,MER_00124,546.22,INR,success,upi,2026-06-15T18:59:47.760363
TXN_000004066,ACC_000922,MER_00075,539.89,INR,success,card,2026-07-09T08:16:49.760363
TXN_000004067,ACC_000240,MER_00177,630.75,INR,success,upi,2026-06-10T06:35:01.760363
TXN_000004068,ACC_000807,MER_00058,59.51,INR,success,wallet,2026-06-02T14:33:35.760363
TXN_000004069,ACC_000273,MER_00180,268.24,INR,success,wallet,2026-08-12T19:44:29.760363
TXN_000004070,ACC_000405,MER_00122,113.27,INR,success,card,2026-08-12T19:25:48.760363
TXN_000004071,ACC_000173,MER_00194,479.1,INR,success,card,2026-08-02T04:13:18.760363
TXN_000004072,ACC_000226,MER_00068,185.89,INR,failed,upi,2026-06-16T18:53:00.760363
TXN_000004073,ACC_000714,MER_00029,349.5,INR,success,net_banking,2026-08-06T03:38:02.760363
TXN_000004074,ACC_000883,MER_00041,79.15,INR,success,card,2026-07-05T19:45:43.760363
TXN_000004075,ACC_000418,MER_00053,98.06,INR,success,card,2026-07-17T07:48:50.760363
TXN_000004076,ACC_000394,MER_00005,129.94,INR,success,net_banking,2026-07-23T12:36:01.760363
TXN_000004077,ACC_000331,MER_00199,123.39,INR,success,net_banking,2026-08-18T23:13:48.760363
TXN_000004078,ACC_000353,MER_00088,42.69,INR,success,net_banking,2026-08-01T18:58:12.760363
TXN_000004079,ACC_000421,MER_00071,329.09,INR,success,net_banking,2026-05-28T13:05:16.760363
TXN_000004080,ACC_000081,MER_00167,152.48,INR,success,net_banking,2026-08-11T14:21:20.760363
TXN_000004081,ACC_000507,MER_00169,55.19,INR,success,upi,2026-06-01T00:07:33.760363
TXN_000004082,ACC_000544,MER_00050,539.39,INR,success,card,2026-07-18T04:31:28.760363
TXN_000004083,ACC_000583,MER_00031,547.56,INR,success,card,2026-07-23T11:02:25.760363
TXN_000004084,ACC_000427,MER_00174,252.37,INR,success,net_banking,2026-06-04T07:45:19.760363
TXN_000004085,ACC_000846,MER_00018,472.37,INR,success,wallet,2026-06-18T20:02:14.760363
TXN_000004086,ACC_000706,MER_00074,136.24,INR,success,upi,2026-08-13T12:01:04.760363
TXN_000004087,ACC_000156,MER_00099,435.34,INR,success,card,2026-08-10T23:09:51.760363
TXN_000004088,ACC_000856,MER_00045,141.23,INR,success,net_banking,2026-07-19T06:33:18.760363
TXN_000004089,ACC_000119,MER_00078,128.99,INR,success,wallet,2026-06-13T19:42:34.760363
TXN_000004090,ACC_000211,MER_00122,243.48,INR,success,net_banking,2026-08-06T16:50:10.760363
TXN_000004091,ACC_000488,MER_00198,514.91,INR,success,net_banking,2026-06-09T18:59:54.760363
TXN_000004092,ACC_000352,MER_00100,197.61,INR,success,card,2026-07-23T01:43:51.760363
TXN_000004093,ACC_000251,MER_00112,384.08,INR,success,wallet,2026-08-03T11:30:06.760363
TXN_000004094,ACC_000290,MER_00103,886.9,INR,success,upi,2026-06-09T09:20:48.760363
TXN_000004095,ACC_000094,MER_00027,349.21,INR,success,net_banking,2026-06-27T00:24:28.760363
TXN_000004096,ACC_000583,MER_00083,333.93,INR,success,net_banking,2026-05-29T17:38:28.760363
TXN_000004097,ACC_000547,MER_00051,1419.29,INR,success,card,2026-06-27T03:27:17.760363
TXN_000004098,ACC_000056,MER_00117,257.88,INR,failed,card,2026-07-30T01:29:19.760363
TXN_000004099,ACC_000920,MER_00053,263.27,INR,success,wallet,2026-08-06T15:37:15.760363
TXN_000004100,ACC_000571,MER_00009,193.38,INR,success,upi,2026-08-05T12:54:59.760363
TXN_000004101,ACC_000295,MER_00123,144.98,INR,success,net_banking,2026-07-30T16:25:09.760363
TXN_000004102,ACC_000295,MER_00169,190.65,INR,success,card,2026-07-13T05:52:52.760363
TXN_000004103,ACC_000164,MER_00048,378.78,INR,success,upi,2026-07-28T08:49:17.760363
TXN_000004104,ACC_000662,MER_00160,26.62,INR,success,net_banking,2026-07-31T02:59:08.760363
TXN_000004105,ACC_000490,MER_00129,73.33,INR,success,wallet,2026-06-04T16:05:15.760363
TXN_000004106,ACC_000721,MER_00001,165.06,INR,success,net_banking,2026-08-10T13:49:00.760363
TXN_000004107,ACC_000876,MER_00171,64.19,INR,success,card,2026-06-11T06:24:36.760363
TXN_000004108,ACC_000097,MER_00187,74.88,INR,success,net_banking,2026-05-30T20:58:35.760363
TXN_000004109,ACC_000865,MER_00012,442.22,INR,success,card,2026-08-14T07:12:04.760363
TXN_000004110,ACC_000163,MER_00192,360.96,INR,success,net_banking,2026-08-12T08:32:28.760363
TXN_000004111,ACC_000536,MER_00085,127.25,INR,success,card,2026-08-13T13:26:14.760363
TXN_000004112,ACC_000148,MER_00135,123.75,INR,success,upi,2026-06-23T00:48:45.760363
TXN_000004113,ACC_000303,MER_00027,148.72,INR,pending,card,2026-08-01T21:56:39.760363
TXN_000004114,ACC_000036,MER_00031,791.18,INR,success,upi,2026-07-04T21:57:09.760363
TXN_000004115,ACC_000716,MER_00107,31.25,INR,success,wallet,2026-07-14T21:31:15.760363
TXN_000004116,ACC_000400,MER_00050,242.96,INR,success,upi,2026-08-03T21:53:04.760363
TXN_000004117,ACC_000030,MER_00055,133.15,INR,success,wallet,2026-08-16T06:44:53.760363
TXN_000004118,ACC_000942,MER_00072,348.45,INR,failed,wallet,2026-08-07T11:55:18.760363
TXN_000004119,ACC_000943,MER_00055,144.94,INR,success,card,2026-08-06T12:01:53.760363
TXN_000004120,ACC_000951,MER_00057,-500.00,INR,success,net_banking,2026-08-05T20:50:34.760363
TXN_000004121,ACC_000346,MER_00075,269.74,INR,success,upi,2026-05-28T10:17:30.760363
TXN_000004122,ACC_000420,MER_00125,266.03,INR,success,net_banking,2026-07-14T01:39:52.760363
TXN_000004123,ACC_000999,MER_00139,82.96,INR,success,card,2026-08-09T00:13:48.760363
TXN_000004124,ACC_000707,MER_00063,162.07,INR,success,upi,2026-08-15T21:18:00.760363
TXN_000004125,ACC_000606,MER_00121,55.87,INR,success,net_banking,2026-06-07T22:03:33.760363
TXN_000004126,ACC_000795,MER_00002,723.28,INR,success,net_banking,2026-07-08T07:57:29.760363
TXN_000004127,ACC_000020,MER_00012,358.42,INR,success,card,2026-06-23T04:42:29.760363
TXN_000004128,ACC_000881,MER_00001,881.95,INR,success,net_banking,2026-07-19T14:17:23.760363
TXN_000004129,ACC_000916,MER_00029,198.79,INR,failed,wallet,2026-06-06T23:10:17.760363
TXN_000004130,ACC_000479,MER_00160,242.9,INR,success,net_banking,2026-07-24T19:42:14.760363
TXN_000004131,ACC_000499,MER_00102,126.36,INR,success,upi,2026-06-14T01:28:40.760363
TXN_000004132,ACC_000239,MER_00017,590.74,INR,success,upi,2026-07-04T12:23:13.760363
TXN_000004133,ACC_INVALID,MER_00134,468.3,INR,success,net_banking,2026-06-05T04:32:53.760363
TXN_000004134,ACC_000923,MER_00164,186.58,INR,success,card,2026-06-15T09:19:08.760363
TXN_000004135,ACC_000164,MER_00189,142.27,INR,success,net_banking,2026-07-05T19:22:32.760363
TXN_000004136,ACC_000244,MER_00086,157.79,INR,success,upi,2026-06-18T09:50:55.760363
TXN_000004137,ACC_000167,MER_00052,184.34,INR,success,wallet,2026-08-01T12:29:30.760363
TXN_000004138,ACC_000168,MER_00143,361.14,INR,success,net_banking,2026-08-05T03:56:57.760363
TXN_000004139,ACC_000151,MER_00013,303.07,INR,success,wallet,2026-08-15T16:21:27.760363
TXN_000004140,ACC_000860,MER_00009,103.46,INR,failed,card,2026-08-08T03:44:06.760363
TXN_000004141,ACC_000355,MER_00157,255.91,INR,success,net_banking,2026-08-19T11:07:06.760363
TXN_000004142,ACC_000498,MER_00066,212.28,INR,success,card,2026-08-17T14:18:44.760363
TXN_000004143,ACC_000984,MER_00033,156.08,INR,success,card,2026-06-20T12:26:51.760363
TXN_000004144,ACC_000238,MER_00050,24.69,INR,success,card,2026-08-20T11:22:08.760363
TXN_000004145,ACC_000932,MER_00153,430.77,INR,success,upi,2026-07-22T01:07:12.760363
TXN_000004146,ACC_000928,MER_00032,215.82,INR,success,net_banking,2026-06-28T09:31:38.760363
TXN_000004147,ACC_000473,MER_00086,95.86,INR,success,upi,2026-06-20T13:29:33.760363
TXN_000004148,ACC_000245,MER_00105,647.11,INR,success,card,2026-06-02T21:20:26.760363
TXN_000004149,ACC_000077,MER_00170,301.29,INR,success,net_banking,2026-08-24T00:19:35.760363
TXN_000004150,ACC_000835,MER_00030,215.0,INR,success,upi,2026-07-28T20:45:40.760363
TXN_000004151,ACC_000762,MER_00178,911.83,INR,success,wallet,2026-07-01T06:16:48.760363
TXN_000004152,ACC_000393,MER_00065,787.34,INR,success,wallet,2026-08-10T01:26:26.760363
TXN_000004153,ACC_000606,MER_00069,546.28,INR,success,upi,2026-08-10T20:06:24.760363
TXN_000004154,ACC_000019,MER_00021,368.79,INR,success,net_banking,2026-07-12T09:05:50.760363
TXN_000004155,ACC_000491,MER_00032,61.13,INR,success,upi,2026-05-28T07:16:09.760363
TXN_000004156,ACC_000430,MER_00158,57.82,INR,success,wallet,2026-08-11T23:07:44.760363
TXN_000004157,ACC_000518,MER_00024,131.56,INR,success,net_banking,2026-05-31T13:55:38.760363
TXN_000004158,ACC_000372,MER_00060,133.98,INR,success,net_banking,2026-07-20T19:37:07.760363
TXN_000004159,ACC_000596,MER_00127,79.17,INR,success,upi,2026-08-11T14:35:00.760363
TXN_000004160,ACC_000233,MER_00020,606.53,INR,success,wallet,2026-07-02T13:53:32.760363
TXN_000004161,ACC_000506,MER_00080,33.32,INR,success,wallet,2026-08-14T10:04:45.760363
TXN_000004162,ACC_000792,MER_00159,521.9,INR,success,card,2026-06-20T04:48:49.760363
TXN_000004163,ACC_000215,MER_00097,177.15,INR,success,wallet,2026-07-18T08:16:16.760363
TXN_000004164,ACC_000543,MER_00149,310.44,INR,success,upi,2026-08-15T17:19:50.760363
TXN_000004165,ACC_000377,MER_00101,110.36,INR,success,upi,2026-06-29T09:00:55.760363
TXN_000004166,ACC_000678,MER_00099,183.55,INR,success,net_banking,2026-07-23T13:36:38.760363
TXN_000004167,ACC_000068,MER_00036,87.77,INR,success,wallet,2026-08-13T20:04:54.760363
TXN_000004168,ACC_000478,MER_00134,366.35,INR,success,wallet,2026-06-08T10:31:19.760363
TXN_000004169,ACC_000334,MER_00128,131.29,INR,success,upi,2026-05-30T05:36:36.760363
TXN_000004170,ACC_000666,MER_00135,75.04,INR,success,net_banking,2026-06-06T10:10:03.760363
TXN_000004171,ACC_000551,MER_00066,1405.43,INR,success,wallet,2026-06-21T20:48:06.760363
TXN_000004172,ACC_000837,MER_00078,105.64,INR,success,upi,2026-08-08T10:29:22.760363
TXN_000004173,ACC_000697,MER_00150,40.85,INR,success,net_banking,2026-06-21T14:36:53.760363
TXN_000004174,ACC_000534,MER_00092,404.28,INR,success,wallet,2026-07-29T20:25:03.760363
TXN_000004175,ACC_000634,MER_00151,362.93,INR,success,upi,2026-06-07T11:30:37.760363
TXN_000004176,ACC_000547,MER_00144,267.66,INR,success,wallet,2026-06-07T03:08:48.760363
TXN_000004177,ACC_000217,MER_00029,316.23,INR,success,upi,2026-05-28T00:03:41.760363
TXN_000004178,ACC_000274,MER_00063,510.73,INR,success,card,2026-07-25T04:25:55.760363
TXN_000004179,ACC_000584,MER_00196,133.93,INR,success,upi,2026-06-26T13:42:07.760363
TXN_000004180,ACC_000480,MER_00137,644.01,INR,success,upi,2026-07-27T21:53:16.760363
TXN_000004181,ACC_000612,MER_00051,1494.97,INR,success,card,2026-08-09T23:25:42.760363
TXN_000004182,ACC_000647,MER_00165,99.12,INR,success,card,2026-07-12T01:02:31.760363
TXN_000004183,ACC_000446,MER_00085,809.21,INR,success,wallet,2026-07-12T05:19:23.760363
TXN_000004184,ACC_000143,MER_00142,304.35,INR,success,wallet,2026-06-28T11:26:55.760363
TXN_000004185,ACC_000424,MER_00073,250.5,INR,success,wallet,2026-06-28T05:35:17.760363
TXN_000004186,ACC_000648,MER_00014,39.68,INR,success,wallet,2026-06-24T10:14:54.760363
TXN_000004187,ACC_000605,MER_00084,697.85,INR,success,wallet,2026-08-20T23:41:14.760363
TXN_000004188,ACC_000820,MER_00114,342.44,INR,success,net_banking,2026-07-20T00:16:54.760363
TXN_000004189,ACC_000076,MER_00066,177.48,INR,success,wallet,2026-06-02T03:00:53.760363
TXN_000004190,ACC_000465,MER_00052,93.45,INR,success,upi,2026-06-07T23:55:22.760363
TXN_000004191,ACC_000579,MER_00143,4123.86,INR,success,wallet,2026-08-17T08:14:45.760363
TXN_000004192,ACC_000361,MER_00127,1051.0,INR,success,card,2026-06-15T20:14:58.760363
TXN_000004193,ACC_000019,MER_00074,61.73,INR,success,wallet,2026-08-13T21:57:11.760363
TXN_000004194,ACC_000240,MER_00089,156.37,INR,success,wallet,2026-08-02T05:56:25.760363
TXN_000004195,ACC_000043,MER_00119,553.94,INR,success,wallet,2026-07-06T02:26:33.760363
TXN_000004196,ACC_000872,MER_00121,235.96,INR,success,wallet,2026-08-09T02:33:49.760363
TXN_000004197,ACC_000628,MER_00142,448.64,INR,success,card,2026-08-05T20:30:18.760363
TXN_000004198,ACC_000296,MER_00070,170.13,INR,success,upi,2026-06-22T12:14:48.760363
TXN_000004199,ACC_000082,MER_00028,4532.08,INR,success,wallet,2026-07-07T12:03:20.760363
TXN_000004200,ACC_000329,MER_00055,222.39,INR,failed,card,2026-06-08T05:22:28.760363
TXN_000004201,ACC_000510,MER_00095,246.86,INR,success,card,2026-05-31T14:21:42.760363
TXN_000004202,ACC_000444,MER_00038,515.83,INR,success,upi,2026-08-24T17:30:09.760363
TXN_000004203,ACC_000175,MER_00145,214.36,INR,success,upi,2026-06-26T19:43:00.760363
TXN_000004204,ACC_000428,MER_00075,502.82,INR,success,net_banking,2026-07-07T16:32:48.760363
TXN_000004205,ACC_000949,MER_00079,346.05,INR,success,card,2026-07-21T12:15:34.760363
TXN_000004206,ACC_000102,MER_00067,28.46,INR,success,upi,2026-06-02T22:43:32.760363
TXN_000004207,ACC_000871,MER_00089,100.73,INR,success,card,2026-07-09T22:52:41.760363
TXN_000004208,ACC_000531,MER_00085,353.45,INR,success,upi,2026-07-07T07:30:39.760363
TXN_000004209,ACC_000394,MER_00167,81.29,INR,success,card,2026-06-01T04:25:40.760363
TXN_000004210,ACC_000431,MER_00028,227.97,INR,success,wallet,2026-06-24T20:46:14.760363
TXN_000004211,ACC_000368,MER_00166,297.17,INR,success,card,2026-07-30T19:14:26.760363
TXN_000004212,ACC_000612,MER_00005,527.36,INR,success,upi,2026-06-29T06:41:56.760363
TXN_000004213,ACC_000533,MER_00036,124.65,INR,success,net_banking,2026-08-21T11:42:58.760363
TXN_000004214,ACC_000462,MER_00049,134.82,INR,success,wallet,2026-08-05T00:46:33.760363
TXN_000004215,ACC_000612,MER_00151,120.93,INR,success,net_banking,2026-06-14T16:54:42.760363
TXN_000004216,ACC_000888,MER_00165,250.29,INR,success,wallet,2026-06-05T08:11:51.760363
TXN_000004217,ACC_000045,MER_00176,719.62,INR,success,net_banking,2026-08-10T22:46:34.760363
TXN_000004218,ACC_000599,MER_00122,663.04,INR,success,upi,2026-06-03T16:36:03.760363
TXN_000004219,ACC_000138,MER_00033,241.56,INR,success,wallet,2026-08-10T07:19:24.760363
TXN_000004220,ACC_INVALID,MER_00073,835.29,INR,success,upi,2026-06-20T01:09:12.760363
TXN_000004221,ACC_000355,MER_00197,1053.66,INR,failed,card,2026-08-10T06:59:21.760363
TXN_000004222,ACC_000375,MER_00035,1098.13,INR,success,net_banking,2026-06-04T19:57:32.760363
TXN_000004223,ACC_000132,MER_00153,30.88,INR,success,card,2026-07-17T05:52:42.760363
TXN_000004224,ACC_000064,MER_00099,180.76,INR,success,upi,2026-07-03T12:03:53.760363
TXN_000004225,ACC_000516,MER_00139,679.96,INR,success,net_banking,2026-08-22T16:04:30.760363
TXN_000004226,ACC_000934,MER_00058,88.36,INR,failed,wallet,2026-08-17T00:08:40.760363
TXN_000004227,ACC_000438,MER_00061,196.02,INR,success,upi,2026-07-12T04:53:02.760363
TXN_000004228,ACC_000822,MER_00156,66.34,INR,success,card,2026-07-13T22:18:38.760363
TXN_000004229,ACC_000635,MER_00106,212.45,INR,failed,card,2026-06-08T12:57:45.760363
TXN_000004230,ACC_000729,MER_00110,332.84,INR,success,wallet,2026-07-20T18:21:05.760363
TXN_000004231,ACC_000937,MER_00115,698.72,INR,success,wallet,2026-07-31T16:38:35.760363
TXN_000004232,ACC_000331,MER_00015,68.48,INR,success,upi,2026-07-10T21:28:48.760363
TXN_000004233,ACC_000863,MER_00095,162.48,INR,success,net_banking,2026-06-07T18:17:59.760363
TXN_000004234,ACC_000598,MER_00157,522.25,INR,success,card,2026-08-05T18:03:51.760363
TXN_000004235,ACC_000873,MER_00041,617.67,INR,success,card,2026-07-21T08:18:56.760363
TXN_000004236,ACC_000651,MER_00179,365.94,INR,pending,net_banking,2026-06-10T22:24:33.760363
TXN_000004237,ACC_INVALID,MER_00180,219.99,INR,success,card,2026-06-08T12:53:56.760363
TXN_000004238,ACC_000921,MER_00038,88.29,INR,success,card,2026-06-20T16:55:10.760363
TXN_000004239,ACC_000093,MER_00033,414.79,INR,success,net_banking,2026-06-05T05:46:21.760363
TXN_000004240,ACC_000928,MER_00078,211.9,INR,success,net_banking,2026-07-08T06:54:40.760363
TXN_000004241,ACC_000976,MER_00133,737.73,INR,success,card,2026-08-22T06:01:23.760363
TXN_000004242,ACC_000671,MER_00185,137.32,INR,success,net_banking,2026-08-12T07:19:34.760363
TXN_000004243,ACC_000816,MER_00175,1276.0,INR,success,wallet,2026-08-03T14:14:40.760363
TXN_000004244,ACC_000559,MER_00050,231.44,INR,success,upi,2026-08-06T23:17:51.760363
TXN_000004245,ACC_000777,MER_00052,254.83,INR,pending,net_banking,2026-08-07T02:11:17.760363
TXN_000004246,ACC_000168,MER_00040,317.23,INR,success,card,2026-08-03T15:44:09.760363
TXN_000004247,ACC_000028,MER_00185,807.32,INR,success,net_banking,2026-08-20T11:54:12.760363
TXN_000004248,ACC_000901,MER_00105,223.95,INR,success,wallet,2026-07-17T21:47:13.760363
TXN_000004249,ACC_000285,MER_00130,1100.24,INR,success,net_banking,2026-08-05T10:15:00.760363
TXN_000004250,ACC_000357,MER_00153,211.88,INR,success,card,2026-06-03T08:35:39.760363
TXN_000004251,ACC_000047,MER_00022,873.11,INR,failed,upi,2026-06-07T06:37:40.760363
TXN_000004252,ACC_000889,MER_00185,72.28,INR,success,card,2026-05-28T10:16:50.760363
TXN_000004253,ACC_000511,MER_00057,202.39,INR,success,net_banking,2026-08-08T08:22:33.760363
TXN_000004254,ACC_000318,MER_00152,110.23,INR,success,upi,2026-06-04T09:22:39.760363
TXN_000004255,ACC_000081,MER_00024,306.83,INR,success,net_banking,2026-06-01T15:51:52.760363
TXN_000004256,ACC_000663,MER_00075,137.47,INR,success,net_banking,2026-07-13T16:18:07.760363
TXN_000004257,ACC_000448,MER_00074,464.96,INR,success,upi,2026-08-12T18:51:29.760363
TXN_000004258,ACC_000923,MER_00171,138.17,INR,failed,card,2026-07-23T15:29:07.760363
TXN_000004259,ACC_000742,MER_00104,185.46,INR,success,wallet,2026-07-30T20:24:48.760363
TXN_000004260,ACC_000012,MER_00109,72.79,INR,success,wallet,2026-08-09T21:16:50.760363
TXN_000004261,ACC_000765,MER_00167,239.59,INR,success,card,2026-07-14T15:59:14.760363
TXN_000004262,ACC_000817,MER_00048,85.76,INR,pending,net_banking,2026-08-10T08:30:44.760363
TXN_000004263,ACC_000254,MER_00085,2509.43,INR,success,net_banking,2026-07-10T11:03:31.760363
TXN_000004264,ACC_000975,MER_00193,87.89,INR,success,net_banking,2026-08-14T22:56:56.760363
TXN_000004265,ACC_000896,MER_00147,164.42,INR,success,wallet,2026-07-25T10:08:41.760363
TXN_000004266,ACC_000410,MER_00152,90.82,INR,success,upi,2026-07-26T23:23:51.760363
TXN_000004267,ACC_000614,MER_00087,355.3,INR,success,card,2026-06-24T00:45:03.760363
TXN_000004268,ACC_000724,MER_00095,429.19,INR,pending,net_banking,2026-05-29T16:06:01.760363
TXN_000004269,ACC_000226,MER_00073,93.49,INR,success,card,2026-06-18T02:24:53.760363
TXN_000004270,ACC_000988,MER_00025,132.7,INR,success,net_banking,2026-08-17T01:32:03.760363
TXN_000004271,ACC_000380,MER_00108,337.96,INR,success,net_banking,2026-06-16T18:19:04.760363
TXN_000004272,ACC_000386,MER_00106,221.61,INR,success,net_banking,2026-08-24T13:15:54.760363
TXN_000004273,ACC_000680,MER_00013,67.53,INR,success,wallet,2026-06-02T18:20:36.760363
TXN_000004274,ACC_000118,MER_00173,1550.31,INR,success,net_banking,2026-06-27T22:31:36.760363
TXN_000004275,ACC_000658,MER_00108,48.71,INR,success,net_banking,2026-06-24T23:27:53.760363
TXN_000004276,ACC_000142,MER_00199,1321.6,INR,success,upi,2026-06-10T14:33:19.760363
TXN_000004277,ACC_000031,MER_00023,50.69,INR,success,net_banking,2026-07-29T20:02:25.760363
TXN_000004278,ACC_000833,MER_00010,74.95,INR,success,net_banking,2026-07-09T17:23:28.760363
TXN_000004279,ACC_000364,MER_00039,124.18,INR,success,wallet,2026-06-20T12:44:18.760363
TXN_000004280,ACC_000402,MER_00067,432.85,INR,success,wallet,2026-08-06T15:53:51.760363
TXN_000004281,ACC_000965,MER_00071,956.12,INR,success,card,2026-06-21T16:13:25.760363
TXN_000004282,ACC_000029,MER_00104,877.49,INR,success,wallet,2026-08-19T07:02:49.760363
TXN_000004283,ACC_000967,MER_00165,1790.98,INR,success,net_banking,2026-07-19T22:01:49.760363
TXN_000004284,ACC_000497,MER_00120,441.36,INR,success,wallet,2026-08-12T15:22:36.760363
TXN_000004285,ACC_000305,MER_00043,883.33,INR,failed,wallet,2026-07-05T12:35:01.760363
TXN_000004286,ACC_000086,MER_00178,899.7,INR,success,net_banking,2026-07-30T19:45:28.760363
TXN_000004287,ACC_000219,MER_00044,38.52,INR,success,wallet,2026-08-13T07:56:22.760363
TXN_000004288,ACC_000024,MER_00038,161.38,INR,success,net_banking,2026-07-02T20:11:06.760363
TXN_000004289,ACC_000995,MER_00056,337.23,INR,success,wallet,2026-07-12T15:14:10.760363
TXN_000004290,ACC_000247,MER_00124,175.01,INR,success,net_banking,2026-07-23T08:19:19.760363
TXN_000004291,ACC_000235,MER_00042,212.98,INR,success,wallet,2026-07-05T08:00:39.760363
TXN_000004292,ACC_000949,MER_00156,33.59,INR,success,card,2026-07-09T14:49:41.760363
TXN_000004293,ACC_000620,MER_00090,219.25,INR,success,net_banking,2026-08-22T22:00:10.760363
TXN_000004294,ACC_000825,MER_00134,471.47,INR,success,upi,2026-07-21T05:52:12.760363
TXN_000004295,ACC_000624,MER_00111,506.82,INR,success,card,2026-05-28T23:03:37.760363
TXN_000004296,ACC_000154,MER_00098,64.45,INR,success,upi,2026-08-08T10:38:20.760363
TXN_000004297,ACC_000308,MER_00063,39.15,INR,success,upi,2026-07-01T09:44:17.760363
TXN_000004298,ACC_000396,MER_00089,-500.00,INR,success,upi,2026-05-27T16:39:25.760363
TXN_000004299,ACC_000922,MER_00140,2670.54,INR,success,upi,2026-08-22T16:51:38.760363
TXN_000004300,ACC_000464,MER_00178,60.17,INR,success,upi,2026-08-11T19:20:34.760363
TXN_000004301,ACC_000556,MER_00084,458.07,INR,pending,net_banking,2026-07-02T09:28:14.760363
TXN_000004302,ACC_000341,MER_00164,132.5,INR,success,upi,2026-06-24T07:20:05.760363
TXN_000004303,ACC_000692,MER_00023,364.38,INR,success,upi,2026-08-14T07:00:40.760363
TXN_000004304,ACC_000794,MER_00097,440.55,INR,success,upi,2026-08-14T17:15:15.760363
TXN_000004305,ACC_000567,MER_00177,363.79,INR,success,net_banking,2026-06-11T02:37:35.760363
TXN_000004306,ACC_000766,MER_00134,86.09,INR,success,upi,2026-07-08T19:17:31.760363
TXN_000004307,ACC_000359,MER_00002,58.55,INR,success,card,2026-06-10T21:08:42.760363
TXN_000004308,ACC_000454,MER_00144,242.11,INR,success,wallet,2026-07-24T14:07:33.760363
TXN_000004309,ACC_000654,MER_00186,457.05,INR,success,net_banking,2026-07-27T06:45:05.760363
TXN_000004310,ACC_000494,MER_00090,458.42,INR,success,card,2026-06-29T17:27:22.760363
TXN_000004311,ACC_000337,MER_00175,1947.39,INR,success,upi,2026-08-02T02:34:31.760363
TXN_000004312,ACC_000033,MER_00076,302.04,INR,success,upi,2026-08-03T23:17:10.760363
TXN_000004313,ACC_000492,MER_00080,428.22,INR,success,upi,2026-08-12T19:52:28.760363
TXN_000004314,ACC_000712,MER_00162,508.27,INR,success,upi,2026-06-16T00:25:41.760363
TXN_000004315,ACC_000164,MER_00195,195.51,INR,pending,net_banking,2026-08-04T07:08:16.760363
TXN_000004316,ACC_000268,MER_00167,64.48,INR,success,wallet,2026-07-27T19:23:04.760363
TXN_000004317,ACC_000722,MER_00127,61.59,INR,success,wallet,2026-08-04T10:06:56.760363
TXN_000004318,ACC_000889,MER_00093,178.73,INR,success,wallet,2026-06-15T05:30:35.760363
TXN_000004319,ACC_000231,MER_00137,111.0,INR,success,net_banking,2026-08-15T22:00:58.760363
TXN_000004320,ACC_000193,MER_00042,354.1,INR,success,card,2026-08-16T11:02:39.760363
TXN_000004321,ACC_000705,MER_00104,273.87,INR,failed,wallet,2026-08-15T11:39:13.760363
TXN_000004322,ACC_000592,MER_00095,156.73,INR,success,card,2026-07-26T18:53:57.760363
TXN_000004323,ACC_000392,MER_00026,279.33,INR,success,wallet,2026-06-05T16:02:23.760363
TXN_000004324,ACC_000939,MER_00024,228.52,INR,success,upi,2026-06-28T12:57:35.760363
TXN_000004325,ACC_000208,MER_00009,818.57,INR,success,card,2026-08-13T12:41:28.760363
TXN_000004326,ACC_000160,MER_00129,406.71,INR,failed,net_banking,2026-07-11T15:12:26.760363
TXN_000004327,ACC_000668,MER_00004,81.46,INR,failed,net_banking,2026-06-30T18:49:48.760363
TXN_000004328,ACC_000500,MER_00156,366.92,INR,success,net_banking,2026-08-09T15:48:02.760363
TXN_000004329,ACC_000341,MER_00068,168.03,INR,success,net_banking,2026-08-03T23:15:07.760363
TXN_000004330,ACC_000799,,334.43,INR,success,wallet,2026-08-10T23:03:36.760363
TXN_000004331,ACC_000243,MER_00135,93.35,INR,success,wallet,2026-07-14T19:16:54.760363
TXN_000004332,ACC_000332,MER_00014,480.43,INR,success,wallet,2026-05-30T16:19:59.760363
TXN_000004333,ACC_000078,MER_00126,417.82,INR,success,net_banking,2026-07-16T21:59:41.760363
TXN_000004334,ACC_000406,MER_00144,132.34,INR,success,net_banking,2026-06-30T15:04:54.760363
TXN_000004335,ACC_000186,MER_00022,360.05,INR,success,card,2026-07-23T00:17:18.760363
TXN_000004336,ACC_000663,MER_00107,161.86,INR,success,wallet,2026-06-19T20:56:53.760363
TXN_000004337,ACC_000449,MER_00152,650.37,INR,pending,net_banking,2026-08-24T02:44:01.760363
TXN_000004338,ACC_000352,MER_00012,156.72,INR,success,upi,2026-06-03T17:33:09.760363
TXN_000004339,ACC_000733,MER_00089,415.35,INR,success,upi,2026-06-13T16:29:48.760363
TXN_000004340,ACC_000305,MER_00131,272.74,INR,success,wallet,2026-07-20T04:50:03.760363
TXN_000004341,ACC_000067,MER_00064,602.02,INR,success,wallet,2026-07-10T18:04:10.760363
TXN_000004342,ACC_000706,MER_00117,446.59,INR,success,card,2026-06-29T10:27:56.760363
TXN_000004343,ACC_000715,MER_00115,574.42,INR,success,card,2026-08-04T19:37:42.760363
TXN_000004344,ACC_000231,MER_00145,696.08,INR,success,net_banking,2026-08-01T19:49:10.760363
TXN_000004345,ACC_000859,MER_00155,1613.35,INR,success,upi,2026-07-23T01:28:45.760363
TXN_000004346,ACC_000121,MER_00160,956.63,INR,success,upi,2026-07-16T12:52:22.760363
TXN_000004347,ACC_000136,MER_00188,1683.29,INR,success,net_banking,2026-08-24T10:52:05.760363
TXN_000004348,ACC_000524,MER_00123,713.19,INR,success,net_banking,2026-08-16T12:39:03.760363
TXN_000004349,ACC_000608,MER_00060,163.52,INR,success,upi,2026-07-02T14:12:35.760363
TXN_000004350,ACC_000607,MER_00178,270.02,INR,success,wallet,2026-07-02T07:32:12.760363
TXN_000004351,ACC_000629,MER_00098,62.81,INR,success,net_banking,2026-06-23T23:58:45.760363
TXN_000004352,ACC_000043,MER_00064,48.79,INR,success,card,2026-07-21T10:12:35.760363
TXN_000004353,ACC_000994,MER_00115,134.53,INR,success,net_banking,2026-06-17T09:32:22.760363
TXN_000004354,ACC_000476,MER_00165,670.42,INR,success,wallet,2026-08-02T12:53:58.760363
TXN_000004355,ACC_000633,MER_00145,159.93,INR,success,card,2026-07-22T23:34:00.760363
TXN_000004356,ACC_000095,MER_00068,435.41,INR,success,wallet,2026-06-20T03:44:42.760363
TXN_000004357,ACC_000041,MER_00064,115.57,INR,success,upi,2026-06-30T02:38:09.760363
TXN_000004358,ACC_000198,MER_00182,777.82,INR,success,upi,2026-05-27T15:37:18.760363
TXN_000004359,ACC_000542,MER_00123,547.05,INR,success,wallet,2026-08-03T06:04:33.760363
TXN_000004360,ACC_000109,MER_00183,339.29,INR,success,upi,2026-05-28T07:52:31.760363
TXN_000004361,ACC_000461,MER_00141,441.85,INR,success,net_banking,2026-08-01T19:02:44.760363
TXN_000004362,ACC_000622,MER_00146,82.28,INR,success,net_banking,2026-06-05T09:48:13.760363
TXN_000004363,ACC_000243,MER_00152,368.58,INR,success,net_banking,2026-07-02T00:31:31.760363
TXN_000004364,ACC_000154,MER_00007,43.43,INR,failed,net_banking,2026-07-02T19:24:27.760363
TXN_000004365,ACC_000181,MER_00178,239.15,INR,success,upi,2026-06-13T14:35:24.760363
TXN_000004366,ACC_000691,MER_00155,86.79,INR,success,upi,2026-06-08T03:34:58.760363
TXN_000004367,ACC_000002,MER_00087,412.32,INR,success,upi,2026-08-19T01:41:47.760363
TXN_000004368,ACC_000897,MER_00112,153.36,INR,success,net_banking,2026-05-27T16:53:51.760363
TXN_000004369,ACC_000353,MER_00123,182.6,INR,success,card,2026-06-01T07:31:38.760363
TXN_000004370,ACC_000805,MER_00066,227.29,INR,success,card,2026-08-17T10:25:55.760363
TXN_000004371,ACC_000061,MER_00198,159.63,INR,success,card,2026-06-15T23:50:48.760363
TXN_000004372,ACC_000702,MER_00022,409.24,INR,success,upi,2026-06-02T20:27:49.760363
TXN_000004373,ACC_000621,MER_00144,141.32,INR,success,card,2026-08-19T08:59:01.760363
TXN_000004374,ACC_000798,MER_00180,144.51,INR,success,wallet,2026-07-31T13:10:12.760363
TXN_000004375,ACC_000439,MER_00131,132.63,INR,success,net_banking,2026-08-06T19:41:30.760363
TXN_000004376,ACC_000751,MER_00171,162.7,INR,success,wallet,2026-08-24T08:14:23.760363
TXN_000004377,ACC_000165,MER_00168,121.55,INR,success,wallet,2026-06-23T10:30:17.760363
TXN_000004378,ACC_000231,MER_00179,151.13,INR,success,card,2026-07-25T12:54:20.760363
TXN_000004379,ACC_000032,MER_00138,120.67,INR,success,card,2026-08-16T11:35:49.760363
TXN_000004380,ACC_000963,MER_00053,615.02,INR,success,wallet,2026-07-18T21:10:43.760363
TXN_000004381,ACC_000914,MER_00124,195.53,INR,success,wallet,2026-05-29T10:04:40.760363
TXN_000004382,ACC_000996,MER_00123,315.25,INR,success,upi,2026-07-19T10:21:54.760363
TXN_000004383,ACC_000366,MER_00117,134.55,INR,success,wallet,2026-06-17T18:17:12.760363
TXN_000004384,ACC_000836,MER_00077,249.2,INR,success,upi,2026-08-23T22:43:37.760363
TXN_000004385,ACC_000882,MER_00026,156.88,INR,success,upi,2026-06-10T02:37:21.760363
TXN_000004386,ACC_000921,MER_00043,159.9,INR,success,card,2026-07-21T03:39:04.760363
TXN_000004387,ACC_000782,MER_00167,189.06,INR,success,upi,2026-06-30T06:28:34.760363
TXN_000004388,ACC_000169,MER_00175,117.87,INR,success,net_banking,2026-05-30T17:32:33.760363
TXN_000004389,ACC_000982,MER_00192,1145.7,INR,success,card,2026-07-31T03:11:47.760363
TXN_000004390,ACC_000041,MER_00172,116.06,INR,success,wallet,2026-06-29T21:44:17.760363
TXN_000004391,ACC_000398,MER_00087,587.98,INR,success,net_banking,2026-06-14T05:07:12.760363
TXN_000004392,ACC_000117,MER_00062,1036.73,INR,success,upi,2026-07-22T05:43:42.760363
TXN_000004393,ACC_000870,MER_00192,22.77,INR,success,card,2026-07-28T20:38:56.760363
TXN_000004394,ACC_000836,MER_00069,221.97,INR,success,net_banking,2026-08-16T11:37:47.760363
TXN_000004395,ACC_000136,MER_00066,275.26,INR,success,card,2026-08-19T16:58:55.760363
TXN_000004396,ACC_000692,MER_00058,68.82,INR,success,card,2026-08-13T17:36:18.760363
TXN_000004397,ACC_000446,MER_00105,375.61,INR,failed,card,2026-07-26T11:02:01.760363
TXN_000004398,ACC_000533,MER_00075,293.97,INR,success,upi,2026-05-27T09:07:36.760363
TXN_000004399,ACC_000310,MER_00180,81.5,INR,success,upi,2026-08-05T12:21:59.760363
TXN_000004400,ACC_000484,MER_00196,211.23,INR,success,upi,2026-06-14T16:14:17.760363
TXN_000004401,ACC_000117,MER_00089,348.72,INR,success,net_banking,2026-06-27T21:52:20.760363
TXN_000004402,ACC_000189,MER_00017,289.69,INR,success,card,2026-07-17T22:38:02.760363
TXN_000004403,ACC_000293,MER_00024,91.17,INR,success,wallet,2026-08-12T02:50:42.760363
TXN_000004404,ACC_000037,MER_00095,38.87,INR,success,wallet,2026-08-02T11:03:24.760363
TXN_000004405,ACC_000809,,54.09,INR,success,card,2026-06-21T12:33:25.760363
TXN_000004406,ACC_000559,MER_00171,123.12,INR,success,upi,2026-06-12T02:29:03.760363
TXN_000004407,ACC_000396,MER_00008,47.62,INR,success,upi,2026-08-02T16:46:08.760363
TXN_000004408,ACC_000482,MER_00015,275.97,INR,success,card,2026-07-17T22:45:10.760363
TXN_000004409,ACC_000286,MER_00124,219.8,INR,success,wallet,2026-07-24T02:57:53.760363
TXN_000004410,ACC_000378,MER_00045,700.44,INR,success,upi,2026-08-15T04:13:53.760363
TXN_000004411,ACC_000613,MER_00040,294.41,INR,success,wallet,2026-08-17T14:59:36.760363
TXN_000004412,ACC_000197,MER_00049,243.92,INR,success,wallet,2026-08-11T01:58:26.760363
TXN_000004413,ACC_000048,MER_00152,359.25,INR,success,upi,2026-08-21T12:29:09.760363
TXN_000004414,ACC_000508,MER_00122,64.4,INR,success,net_banking,2026-06-19T01:15:06.760363
TXN_000004415,ACC_000624,MER_00178,60.24,INR,success,card,2026-06-05T19:52:56.760363
TXN_000004416,ACC_000696,MER_00056,172.84,INR,success,net_banking,2026-07-10T20:02:19.760363
TXN_000004417,ACC_000339,MER_00076,1231.76,INR,success,card,2026-06-10T17:32:05.760363
TXN_000004418,ACC_000561,MER_00099,132.96,INR,success,net_banking,2026-07-31T11:16:56.760363
TXN_000004419,ACC_000118,MER_00164,29.64,INR,success,upi,2026-08-18T11:31:34.760363
TXN_000004420,ACC_000255,MER_00040,196.81,INR,success,net_banking,2026-06-26T04:15:49.760363
TXN_000004421,ACC_000586,MER_00100,424.68,INR,success,net_banking,2026-07-21T07:01:25.760363
TXN_000004422,ACC_000221,MER_00094,444.92,INR,success,card,2026-07-19T18:30:53.760363
TXN_000004423,ACC_000444,MER_00195,18.74,INR,success,card,2026-07-15T02:49:00.760363
TXN_000004424,ACC_000904,MER_00195,147.99,INR,pending,card,2026-07-19T02:50:04.760363
TXN_000004425,ACC_000548,MER_00075,36.07,INR,success,card,2026-08-22T10:42:55.760363
TXN_000004426,ACC_000139,MER_00035,962.87,INR,success,upi,2026-08-14T08:33:17.760363
TXN_000004427,ACC_000054,MER_00043,198.07,INR,success,net_banking,2026-06-08T05:41:34.760363
TXN_000004428,ACC_000512,MER_00007,64.14,INR,success,card,2026-08-18T03:15:36.760363
TXN_000004429,ACC_000536,MER_00110,398.72,INR,success,upi,2026-07-19T15:18:02.760363
TXN_000004430,ACC_000171,MER_00095,799.63,INR,success,upi,2026-07-18T20:06:29.760363
TXN_000004431,ACC_000368,MER_00036,70.14,INR,success,wallet,2026-07-24T19:45:35.760363
TXN_000004432,ACC_000769,MER_00134,252.08,INR,success,wallet,2026-08-08T05:01:25.760363
TXN_000004433,ACC_000501,MER_00135,703.05,INR,success,net_banking,2026-06-08T16:55:29.760363
TXN_000004434,ACC_000161,MER_00075,617.25,INR,success,net_banking,2026-08-20T08:35:13.760363
TXN_000004435,ACC_000214,MER_00017,1012.6,INR,pending,net_banking,2026-07-19T23:13:35.760363
TXN_000004436,ACC_000863,MER_00140,157.57,INR,failed,upi,2026-08-08T21:50:43.760363
TXN_000004437,ACC_000175,MER_00040,161.56,INR,success,net_banking,2026-05-31T05:40:53.760363
TXN_000004438,ACC_000418,MER_00094,243.18,INR,success,net_banking,2026-07-17T16:32:24.760363
TXN_000004439,ACC_000407,MER_00144,144.81,INR,success,card,2026-07-28T03:35:40.760363
TXN_000004440,ACC_000484,MER_00197,250.12,INR,success,upi,2026-07-23T16:42:49.760363
TXN_000004441,ACC_000398,MER_00093,700.54,INR,success,card,2026-07-30T07:36:40.760363
TXN_000004442,ACC_000058,MER_00021,106.95,INR,success,net_banking,2026-06-06T08:28:47.760363
TXN_000004443,ACC_000142,MER_00163,232.98,INR,success,net_banking,2026-07-09T03:02:33.760363
TXN_000004444,ACC_000955,MER_00048,230.91,INR,success,net_banking,2026-06-17T19:32:31.760363
TXN_000004445,ACC_000632,MER_00132,698.54,INR,success,upi,2026-07-04T19:01:02.760363
TXN_000004446,ACC_000648,MER_00044,296.42,INR,success,card,2026-06-09T12:43:23.760363
TXN_000004447,ACC_000953,MER_00002,1269.66,INR,success,net_banking,2026-07-26T17:11:12.760363
TXN_000004448,ACC_000500,MER_00016,109.09,INR,failed,card,2026-08-11T11:22:18.760363
TXN_000004449,ACC_000990,MER_00057,332.7,INR,success,net_banking,2026-08-19T05:34:43.760363
TXN_000004450,ACC_000390,MER_00186,59.5,INR,success,net_banking,2026-06-13T08:37:16.760363
TXN_000004451,ACC_000485,MER_00183,111.09,INR,success,wallet,2026-06-16T06:21:06.760363
TXN_000004452,ACC_000894,MER_00200,439.77,INR,success,wallet,2026-07-14T07:41:33.760363
TXN_000004453,ACC_000714,MER_00031,37.33,INR,success,net_banking,2026-07-23T06:51:07.760363
TXN_000004454,ACC_000577,MER_00126,345.56,INR,success,wallet,2026-07-13T09:09:19.760363
TXN_000004455,ACC_000324,MER_00037,268.81,INR,success,wallet,2026-06-28T12:07:10.760363
TXN_000004456,ACC_000848,MER_00003,136.02,INR,success,upi,2026-07-21T00:08:57.760363
TXN_000004457,ACC_000463,MER_00131,1362.95,INR,success,upi,2026-06-06T20:15:00.760363
TXN_000004458,ACC_000179,MER_00137,13.82,INR,success,net_banking,2026-08-19T16:00:59.760363
TXN_000004459,ACC_000566,MER_00124,474.79,INR,success,card,2026-06-25T22:18:14.760363
TXN_000004460,ACC_000302,MER_00111,155.52,INR,success,net_banking,2026-08-12T17:11:47.760363
TXN_000004461,ACC_000470,MER_00052,354.01,INR,success,card,2026-08-03T04:56:40.760363
TXN_000004462,ACC_000179,MER_00196,330.75,INR,success,wallet,2026-08-23T12:05:35.760363
TXN_000004463,ACC_000145,MER_00080,394.74,INR,success,net_banking,2026-08-16T21:55:09.760363
TXN_000004464,ACC_000512,MER_00188,900.66,INR,success,net_banking,2026-06-07T22:08:22.760363
TXN_000004465,ACC_000500,MER_00017,1626.39,INR,success,card,2026-07-25T09:39:46.760363
TXN_000004466,ACC_000406,MER_00041,20.44,INR,success,net_banking,2026-06-26T10:31:10.760363
TXN_000004467,ACC_000096,MER_00072,336.45,INR,success,wallet,2026-06-22T12:41:08.760363
TXN_000004468,ACC_000266,MER_00043,428.1,INR,success,net_banking,2026-07-26T05:52:10.760363
TXN_000004469,ACC_000567,MER_00116,86.27,INR,success,upi,2026-07-11T01:04:11.760363
TXN_000004470,ACC_000030,MER_00086,2850.04,INR,success,net_banking,2026-06-27T07:45:02.760363
TXN_000004471,ACC_000210,MER_00115,311.21,INR,failed,card,2026-08-22T01:09:50.760363
TXN_000004472,ACC_000630,MER_00151,241.09,INR,success,wallet,2026-07-26T06:45:07.760363
TXN_000004473,ACC_000584,MER_00026,182.05,INR,success,upi,2026-07-19T20:50:52.760363
TXN_000004474,ACC_000434,MER_00025,128.44,INR,success,wallet,2026-07-27T14:52:48.760363
TXN_000004475,ACC_000248,MER_00079,112.3,INR,success,net_banking,2026-06-23T16:23:27.760363
TXN_000004476,ACC_000053,MER_00199,448.04,INR,success,upi,2026-08-19T03:04:38.760363
TXN_000004477,ACC_000926,MER_00199,105.21,INR,success,upi,2026-08-21T21:56:55.760363
TXN_000004478,ACC_000239,MER_00174,126.09,INR,success,wallet,2026-07-01T20:02:03.760363
TXN_000004479,ACC_000893,MER_00053,261.88,INR,success,net_banking,2026-06-13T08:25:58.760363
TXN_000004480,ACC_000714,MER_00182,2008.22,INR,success,upi,2026-08-14T09:43:54.760363
TXN_000004481,ACC_000321,MER_00045,630.41,INR,success,wallet,2026-07-19T14:04:53.760363
TXN_000004482,ACC_000857,MER_00002,69.74,INR,success,wallet,2026-07-01T09:12:22.760363
TXN_000004483,ACC_000722,MER_00148,-500.00,INR,success,card,2026-06-24T03:44:36.760363
TXN_000004484,ACC_000326,MER_00083,1975.09,INR,success,net_banking,2026-06-22T07:27:00.760363
TXN_000004485,ACC_000293,MER_00148,30.85,INR,success,upi,2026-08-18T09:34:43.760363
TXN_000004486,ACC_000468,MER_00162,230.6,INR,success,upi,2026-07-30T13:19:04.760363
TXN_000004487,ACC_000831,MER_00103,552.04,INR,success,card,2026-05-30T00:22:17.760363
TXN_000004488,ACC_000364,MER_00146,68.13,INR,success,upi,2026-06-15T08:22:42.760363
TXN_000004489,ACC_000089,MER_00150,320.59,INR,success,card,2026-07-06T14:01:08.760363
TXN_000004490,ACC_000762,MER_00002,113.73,INR,success,upi,2026-07-24T04:46:45.760363
TXN_000004491,ACC_000116,MER_00025,587.04,INR,success,wallet,2026-08-11T06:05:54.760363
TXN_000004492,ACC_000698,MER_00005,158.69,INR,failed,upi,2026-08-20T13:27:11.760363
TXN_000004493,ACC_000493,MER_00087,526.25,INR,success,net_banking,2026-05-30T02:30:04.760363
TXN_000004494,ACC_000912,MER_00145,528.4,INR,success,net_banking,2026-05-29T21:30:39.760363
TXN_000004495,ACC_000390,MER_00099,528.71,INR,success,card,2026-08-06T12:46:02.760363
TXN_000004496,ACC_000194,MER_00112,691.74,INR,success,card,2026-07-19T20:12:31.760363
TXN_000004497,ACC_000337,MER_00145,813.74,INR,success,net_banking,2026-08-09T18:56:36.760363
TXN_000004498,ACC_000136,MER_00038,299.8,INR,success,wallet,2026-07-03T03:40:21.760363
TXN_000004499,ACC_000371,MER_00117,968.53,INR,success,upi,2026-07-25T06:46:52.760363
TXN_000004500,ACC_000883,MER_00099,522.66,INR,success,upi,2026-06-09T13:52:52.760363
TXN_000004501,ACC_000294,MER_00177,1073.57,INR,success,wallet,2026-06-20T20:16:27.760363
TXN_000004502,ACC_000028,MER_00063,153.67,INR,success,card,2026-08-09T19:39:37.760363
TXN_000004503,ACC_000470,MER_00146,594.81,INR,success,card,2026-07-28T08:01:10.760363
TXN_000004504,ACC_000423,MER_00066,1037.71,INR,success,wallet,2026-08-19T13:49:08.760363
TXN_000004505,ACC_000602,MER_00143,382.47,INR,success,net_banking,2026-07-02T14:11:58.760363
TXN_000004506,ACC_000491,MER_00091,109.23,INR,success,net_banking,2026-05-26T19:10:39.760363
TXN_000004507,ACC_000133,MER_00169,1700.91,INR,success,net_banking,2026-07-10T13:26:14.760363
TXN_000004508,ACC_000237,MER_00034,158.78,INR,success,wallet,2026-06-20T09:58:00.760363
TXN_000004509,ACC_000830,MER_00154,621.77,INR,success,wallet,2026-06-14T16:51:40.760363
TXN_000004510,ACC_000026,MER_00101,703.31,INR,success,upi,2026-07-31T16:33:10.760363
TXN_000004511,ACC_000957,MER_00004,-500.00,INR,success,net_banking,2026-07-30T02:20:08.760363
TXN_000004512,ACC_000677,MER_00180,378.42,INR,success,wallet,2026-07-18T13:10:26.760363
TXN_000004513,ACC_000667,MER_00146,534.86,INR,success,upi,2026-08-13T14:20:30.760363
TXN_000004514,ACC_000549,MER_00062,115.39,INR,success,card,2026-07-27T19:47:25.760363
TXN_000004515,ACC_000001,MER_00045,478.04,INR,success,net_banking,2026-06-27T09:13:21.760363
TXN_000004516,ACC_000111,MER_00047,221.68,INR,success,net_banking,2026-08-01T17:37:42.760363
TXN_000004517,ACC_000297,MER_00125,31.31,INR,success,net_banking,2026-06-03T16:01:33.760363
TXN_000004518,ACC_000771,MER_00138,154.32,INR,success,upi,2026-06-08T05:57:12.760363
TXN_000004519,ACC_000627,MER_00097,32.12,INR,success,card,2026-08-01T21:53:35.760363
TXN_000004520,ACC_000060,MER_00176,111.3,INR,success,upi,2026-06-16T02:37:38.760363
TXN_000004521,ACC_000175,MER_00127,340.37,INR,success,card,2026-07-24T08:13:23.760363
TXN_000004522,ACC_000627,MER_00105,392.91,INR,success,card,2026-06-02T14:13:20.760363
TXN_000004523,ACC_000901,MER_00159,42.66,INR,success,wallet,2026-07-03T09:11:02.760363
TXN_000004524,ACC_000630,MER_00069,360.72,INR,success,wallet,2026-06-28T05:34:26.760363
TXN_000004525,ACC_000302,MER_00033,416.53,INR,pending,wallet,2026-07-17T01:00:34.760363
TXN_000004526,ACC_000616,MER_00056,332.35,INR,success,upi,2026-06-23T04:10:54.760363
TXN_000004527,ACC_000424,MER_00135,44.33,INR,failed,upi,2026-07-21T05:15:53.760363
TXN_000004528,ACC_000556,MER_00138,185.76,INR,success,wallet,2026-08-04T06:59:38.760363
TXN_000004529,ACC_000865,MER_00048,495.59,INR,success,card,2026-07-24T03:14:12.760363
TXN_000004530,ACC_000046,MER_00162,217.15,INR,success,upi,2026-07-15T13:00:01.760363
TXN_000004531,ACC_000890,MER_00037,69.89,INR,success,net_banking,2026-06-17T12:15:37.760363
TXN_000004532,ACC_000786,MER_00138,182.56,INR,success,upi,2026-07-23T15:08:34.760363
TXN_000004533,ACC_000899,MER_00200,396.77,INR,success,card,2026-08-06T10:04:56.760363
TXN_000004534,ACC_000635,MER_00011,638.78,INR,success,wallet,2026-07-01T16:27:51.760363
TXN_000004535,ACC_000642,MER_00081,14.62,INR,success,upi,2026-08-16T14:12:15.760363
TXN_000004536,ACC_000143,MER_00052,144.4,INR,success,card,2026-06-15T20:33:04.760363
TXN_000004537,ACC_000965,MER_00012,548.01,INR,success,card,2026-07-23T15:07:52.760363
TXN_000004538,ACC_000965,MER_00044,219.0,INR,success,net_banking,2026-08-07T13:45:03.760363
TXN_000004539,ACC_000043,MER_00084,572.85,INR,success,wallet,2026-07-23T18:57:01.760363
TXN_000004540,ACC_000043,MER_00171,210.56,INR,success,upi,2026-07-22T11:16:51.760363
TXN_000004541,ACC_000297,MER_00199,62.71,INR,success,upi,2026-05-31T21:06:23.760363
TXN_000004542,ACC_000916,MER_00074,184.39,INR,success,net_banking,2026-06-27T08:56:18.760363
TXN_000004543,ACC_000375,MER_00141,905.43,INR,success,card,2026-06-01T06:36:20.760363
TXN_000004544,ACC_000544,MER_00082,354.12,INR,success,card,2026-07-06T22:25:13.760363
TXN_000004545,ACC_000599,MER_00187,92.82,INR,success,wallet,2026-08-04T15:04:11.760363
TXN_000004546,ACC_000892,MER_00032,2804.98,INR,success,net_banking,2026-06-02T16:00:02.760363
TXN_000004547,ACC_000841,MER_00073,283.86,INR,success,card,2026-08-12T20:37:55.760363
TXN_000004548,ACC_000989,MER_00183,59.87,INR,success,card,2026-06-19T03:54:43.760363
TXN_000004549,ACC_000844,MER_00160,180.62,INR,success,upi,2026-07-18T21:52:18.760363
TXN_000004550,ACC_000839,MER_00040,72.59,INR,success,wallet,2026-06-01T14:09:09.760363
TXN_000004551,ACC_000160,MER_00022,304.06,INR,success,net_banking,2026-08-11T10:44:41.760363
TXN_000004552,ACC_000995,MER_00169,959.96,INR,success,upi,2026-07-16T07:15:07.760363
TXN_000004553,ACC_000063,MER_00045,139.4,INR,success,wallet,2026-07-27T19:24:45.760363
TXN_000004554,ACC_000012,MER_00119,197.83,INR,success,card,2026-08-18T12:17:51.760363
TXN_000004555,ACC_000375,MER_00062,47.59,INR,success,wallet,2026-06-07T13:18:43.760363
TXN_000004556,ACC_000913,MER_00134,2984.03,INR,success,net_banking,2026-08-18T02:23:59.760363
TXN_000004557,ACC_000993,MER_00137,157.37,INR,success,wallet,2026-07-18T08:52:50.760363
TXN_000004558,ACC_000680,MER_00096,483.12,INR,success,upi,2026-08-20T22:44:20.760363
TXN_000004559,ACC_000806,MER_00192,298.32,INR,success,upi,2026-06-17T05:43:10.760363
TXN_000004560,ACC_000628,MER_00047,192.64,INR,success,upi,2026-06-09T07:09:17.760363
TXN_000004561,ACC_000829,MER_00199,312.16,INR,failed,net_banking,2026-07-29T06:15:28.760363
TXN_000004562,ACC_000582,MER_00079,86.72,INR,success,net_banking,2026-08-23T23:11:12.760363
TXN_000004563,ACC_000622,MER_00053,340.01,INR,success,net_banking,2026-07-14T16:26:57.760363
TXN_000004564,ACC_000928,MER_00185,528.9,INR,success,wallet,2026-07-02T10:15:37.760363
TXN_000004565,ACC_000733,MER_00014,152.89,INR,success,wallet,2026-08-24T04:33:26.760363
TXN_000004566,ACC_000517,MER_00147,221.73,INR,success,wallet,2026-06-14T21:55:57.760363
TXN_000004567,ACC_000955,MER_00089,99.39,INR,success,card,2026-07-28T16:10:31.760363
TXN_000004568,ACC_000113,MER_00192,203.54,INR,success,upi,2026-06-09T17:50:05.760363
TXN_000004569,ACC_000319,MER_00125,116.23,INR,success,wallet,2026-08-06T20:30:50.760363
TXN_000004570,ACC_000982,MER_00172,250.51,INR,success,upi,2026-06-25T12:10:45.760363
TXN_000004571,ACC_000729,MER_00162,530.42,INR,failed,card,2026-08-05T07:19:52.760363
TXN_000004572,ACC_000399,MER_00003,939.63,INR,success,net_banking,2026-06-12T06:10:23.760363
TXN_000004573,ACC_000464,MER_00129,41.75,INR,success,net_banking,2026-06-18T08:32:45.760363
TXN_000004574,ACC_000311,MER_00145,176.64,INR,success,wallet,2026-07-14T11:18:20.760363
TXN_000004575,ACC_000362,MER_00065,503.28,INR,success,wallet,2026-05-30T07:36:50.760363
TXN_000004576,ACC_000250,MER_00105,296.41,INR,failed,card,2026-06-24T14:59:20.760363
TXN_000004577,ACC_000982,MER_00130,426.03,INR,success,upi,2026-07-19T05:18:39.760363
TXN_000004578,ACC_000442,MER_00091,674.76,INR,failed,net_banking,2026-07-23T06:16:17.760363
TXN_000004579,ACC_000419,MER_00116,436.26,INR,failed,wallet,2026-06-02T09:33:47.760363
TXN_000004580,ACC_000303,MER_00143,326.78,INR,success,net_banking,2026-06-04T22:09:18.760363
TXN_000004581,ACC_000343,MER_00004,98.41,INR,success,card,2026-07-24T18:08:21.760363
TXN_000004582,ACC_000924,MER_00141,271.0,INR,success,wallet,2026-07-26T21:54:43.760363
TXN_000004583,ACC_000752,MER_00029,701.17,INR,success,card,2026-05-27T13:03:27.760363
TXN_000004584,ACC_000631,MER_00102,114.0,INR,failed,wallet,2026-07-11T07:25:32.760363
TXN_000004585,ACC_000205,MER_00166,251.6,INR,success,net_banking,2026-06-21T10:37:25.760363
TXN_000004586,ACC_000870,MER_00169,135.54,INR,success,net_banking,2026-06-14T02:33:51.760363
TXN_000004587,ACC_000594,MER_00139,264.97,INR,success,wallet,2026-06-20T00:05:36.760363
TXN_000004588,ACC_000724,MER_00177,169.07,INR,success,card,2026-07-24T07:48:51.760363
TXN_000004589,ACC_000898,MER_00033,499.35,INR,success,upi,2026-06-23T21:16:01.760363
TXN_000004590,ACC_000295,MER_00122,229.15,INR,success,card,2026-06-16T10:15:55.760363
TXN_000004591,ACC_000686,MER_00038,345.52,INR,success,wallet,2026-06-10T05:20:22.760363
TXN_000004592,ACC_000650,MER_00128,402.77,INR,success,net_banking,2026-07-26T19:13:31.760363
TXN_000004593,ACC_000565,MER_00141,90.04,INR,success,net_banking,2026-07-30T22:17:15.760363
TXN_000004594,ACC_000181,MER_00039,330.45,INR,success,wallet,2026-08-12T18:06:31.760363
TXN_000004595,ACC_000805,MER_00017,35.16,INR,success,wallet,2026-07-31T04:22:34.760363
TXN_000004596,ACC_000050,MER_00093,87.83,INR,success,upi,2026-07-27T19:09:44.760363
TXN_000004597,ACC_000447,MER_00090,194.45,INR,success,wallet,2026-05-29T02:28:51.760363
TXN_000004598,ACC_000317,MER_00074,352.17,INR,success,card,2026-07-07T20:51:23.760363
TXN_000004599,ACC_000602,MER_00086,387.04,INR,success,upi,2026-06-30T20:16:38.760363
TXN_000004600,ACC_000878,MER_00172,210.84,INR,success,card,2026-08-08T12:24:13.760363
TXN_000004601,ACC_000355,MER_00177,380.1,INR,success,card,2026-07-07T08:41:47.760363
TXN_000004602,ACC_000407,MER_00047,257.2,INR,success,net_banking,2026-07-12T11:33:59.760363
TXN_000004603,ACC_000769,MER_00072,182.22,INR,success,wallet,2026-05-30T17:50:21.760363
TXN_000004604,ACC_000239,MER_00073,621.95,INR,success,card,2026-08-11T04:24:26.760363
TXN_000004605,ACC_000045,MER_00179,538.26,INR,success,card,2026-07-08T16:11:57.760363
TXN_000004606,ACC_000227,MER_00150,35.85,INR,success,wallet,2026-07-24T01:56:32.760363
TXN_000004607,ACC_000992,MER_00140,356.33,INR,success,upi,2026-07-30T23:15:36.760363
TXN_000004608,ACC_000822,MER_00126,744.35,INR,success,card,2026-06-30T16:41:07.760363
TXN_000004609,ACC_000563,MER_00024,1916.22,INR,success,net_banking,2026-07-13T23:22:52.760363
TXN_000004610,ACC_000938,MER_00140,75.48,INR,success,card,2026-07-30T22:29:47.760363
TXN_000004611,ACC_000548,MER_00015,607.29,INR,success,card,2026-06-27T22:06:10.760363
TXN_000004612,ACC_000737,MER_00062,129.59,INR,success,net_banking,2026-07-15T10:55:09.760363
TXN_000004613,ACC_000042,MER_00070,97.17,INR,success,net_banking,2026-06-23T22:14:42.760363
TXN_000004614,ACC_000929,MER_00171,34.19,INR,success,upi,2026-08-17T14:09:17.760363
TXN_000004615,ACC_000976,MER_00192,55.22,INR,success,wallet,2026-07-17T23:20:15.760363
TXN_000004616,ACC_000243,MER_00176,105.36,INR,success,card,2026-07-16T06:13:30.760363
TXN_000004617,ACC_000900,MER_00075,815.32,INR,success,wallet,2026-06-30T14:33:22.760363
TXN_000004618,ACC_000183,MER_00152,116.92,INR,success,wallet,2026-06-19T00:06:38.760363
TXN_000004619,ACC_000919,MER_00110,138.5,INR,success,upi,2026-07-07T15:41:55.760363
TXN_000004620,ACC_000432,MER_00036,116.54,INR,success,card,2026-06-27T21:19:03.760363
TXN_000004621,ACC_000853,MER_00014,262.42,INR,failed,upi,2026-06-30T07:22:31.760363
TXN_000004622,ACC_000521,MER_00055,226.02,INR,success,card,2026-07-05T09:29:37.760363
TXN_000004623,ACC_000890,MER_00055,333.57,INR,success,card,2026-08-17T02:01:52.760363
TXN_000004624,ACC_000699,MER_00011,213.5,INR,success,card,2026-06-19T05:44:54.760363
TXN_000004625,ACC_000124,MER_00042,119.83,INR,success,upi,2026-08-19T19:46:56.760363
TXN_000004626,ACC_000640,MER_00028,136.84,INR,success,upi,2026-06-20T08:18:05.760363
TXN_000004627,ACC_000966,MER_00027,429.44,INR,pending,card,2026-08-17T07:56:18.760363
TXN_000004628,ACC_000562,MER_00056,230.51,INR,success,net_banking,2026-05-28T20:01:04.760363
TXN_000004629,ACC_000518,MER_00087,665.73,INR,success,card,2026-07-15T09:08:14.760363
TXN_000004630,ACC_000297,MER_00188,70.71,INR,success,card,2026-07-17T08:50:43.760363
TXN_000004631,ACC_000656,MER_00027,441.05,INR,success,upi,2026-07-25T00:24:59.760363
TXN_000004632,ACC_000221,MER_00004,815.95,INR,success,net_banking,2026-05-30T03:21:37.760363
TXN_000004633,ACC_000634,MER_00124,224.52,INR,success,wallet,2026-06-24T06:31:32.760363
TXN_000004634,ACC_000697,MER_00088,476.37,INR,success,wallet,2026-05-26T23:28:58.760363
TXN_000004635,ACC_000320,MER_00028,32.31,INR,success,wallet,2026-06-24T06:03:17.760363
TXN_000004636,ACC_000217,MER_00007,134.41,INR,success,card,2026-06-26T09:10:15.760363
TXN_000004637,ACC_000757,MER_00183,1065.66,INR,success,wallet,2026-08-07T02:28:30.760363
TXN_000004638,ACC_000838,MER_00186,451.28,INR,success,wallet,2026-08-19T15:11:13.760363
TXN_000004639,ACC_000668,MER_00103,235.97,INR,success,upi,2026-06-24T18:45:18.760363
TXN_000004640,ACC_000852,MER_00003,492.93,INR,success,card,2026-06-11T23:49:44.760363
TXN_000004641,ACC_000836,MER_00132,140.91,INR,success,card,2026-08-08T03:06:30.760363
TXN_000004642,ACC_000374,MER_00063,137.84,INR,success,card,2026-07-13T11:39:08.760363
TXN_000004643,ACC_000503,MER_00160,282.04,INR,success,card,2026-07-15T03:17:21.760363
TXN_000004644,ACC_000493,MER_00152,167.23,INR,success,card,2026-07-10T23:19:43.760363
TXN_000004645,ACC_000601,MER_00072,589.08,INR,success,wallet,2026-07-01T13:37:33.760363
TXN_000004646,ACC_000505,MER_00042,180.83,INR,success,wallet,2026-07-10T05:00:30.760363
TXN_000004647,ACC_000275,MER_00159,86.69,INR,success,card,2026-07-09T19:41:07.760363
TXN_000004648,ACC_000564,MER_00120,189.15,INR,success,wallet,2026-05-31T16:28:54.760363
TXN_000004649,ACC_000119,MER_00103,240.13,INR,success,wallet,2026-06-10T17:36:23.760363
TXN_000004650,ACC_000769,MER_00118,79.95,INR,success,card,2026-08-21T22:51:49.760363
TXN_000004651,ACC_000034,MER_00165,32.81,INR,success,net_banking,2026-07-20T01:21:39.760363
TXN_000004652,ACC_000216,MER_00109,345.69,INR,success,upi,2026-08-05T02:37:19.760363
TXN_000004653,ACC_000736,MER_00092,456.05,INR,success,upi,2026-08-07T09:01:46.760363
TXN_000004654,ACC_000045,MER_00050,58.45,INR,success,card,2026-08-21T06:43:06.760363
TXN_000004655,ACC_000374,MER_00041,462.94,INR,success,wallet,2026-07-26T15:22:19.760363
TXN_000004656,ACC_000069,MER_00033,105.27,INR,success,wallet,2026-06-25T11:21:21.760363
TXN_000004657,ACC_000498,MER_00176,176.15,INR,success,upi,2026-06-18T17:16:58.760363
TXN_000004658,ACC_000365,MER_00180,304.16,INR,success,net_banking,2026-08-21T07:36:34.760363
TXN_000004659,ACC_000925,MER_00040,397.07,INR,success,wallet,2026-08-07T05:09:53.760363
TXN_000004660,ACC_000703,MER_00171,267.15,INR,success,net_banking,2026-07-09T10:52:53.760363
TXN_000004661,ACC_000105,MER_00064,82.0,INR,success,net_banking,2026-06-30T15:13:46.760363
TXN_000004662,ACC_000780,MER_00181,1256.31,INR,success,wallet,2026-07-24T07:59:35.760363
TXN_000004663,ACC_000341,MER_00141,75.43,INR,success,wallet,2026-08-17T02:13:15.760363
TXN_000004664,ACC_000287,MER_00005,80.6,INR,success,wallet,2026-07-20T16:37:38.760363
TXN_000004665,ACC_000349,MER_00057,155.75,INR,success,card,2026-07-21T00:29:23.760363
TXN_000004666,ACC_000478,MER_00156,186.01,INR,success,card,2026-07-01T03:27:41.760363
TXN_000004667,ACC_000488,MER_00170,92.2,INR,success,net_banking,2026-07-10T04:55:51.760363
TXN_000004668,ACC_000803,MER_00104,1013.68,INR,success,upi,2026-08-06T08:24:31.760363
TXN_000004669,ACC_000225,MER_00042,398.22,INR,success,card,2026-08-09T00:37:12.760363
TXN_000004670,ACC_000416,MER_00047,216.77,INR,success,card,2026-06-16T01:46:40.760363
TXN_000004671,ACC_000260,MER_00048,278.51,INR,success,wallet,2026-06-11T07:38:53.760363
TXN_000004672,ACC_000738,MER_00160,149.88,INR,success,upi,2026-06-06T23:57:55.760363
TXN_000004673,ACC_000873,MER_00003,417.82,INR,success,card,2026-06-11T07:37:55.760363
TXN_000004674,ACC_000660,MER_00198,20.42,INR,success,card,2026-07-09T18:44:03.760363
TXN_000004675,ACC_000984,MER_00162,179.86,INR,success,card,2026-07-09T12:16:10.760363
TXN_000004676,ACC_000659,MER_00060,418.96,INR,success,upi,2026-07-07T15:16:57.760363
TXN_000004677,ACC_000488,MER_00134,506.88,INR,success,wallet,2026-07-23T20:11:25.760363
TXN_000004678,ACC_000875,MER_00002,198.06,INR,success,upi,2026-07-30T20:41:00.760363
TXN_000004679,ACC_000013,MER_00058,1012.3,INR,failed,wallet,2026-07-26T13:02:45.760363
TXN_000004680,ACC_000459,MER_00102,167.88,INR,success,wallet,2026-08-04T15:52:19.760363
TXN_000004681,ACC_000947,MER_00041,88.93,INR,success,card,2026-07-07T23:20:18.760363
TXN_000004682,ACC_000943,MER_00114,124.85,INR,failed,net_banking,2026-08-11T16:09:17.760363
TXN_000004683,ACC_000600,MER_00115,347.04,INR,success,net_banking,2026-08-04T21:49:01.760363
TXN_000004684,ACC_000815,MER_00061,357.64,INR,success,card,2026-08-11T13:38:03.760363
TXN_000004685,ACC_000367,MER_00033,381.78,INR,success,net_banking,2026-06-26T23:32:22.760363
TXN_000004686,ACC_000703,MER_00020,122.78,INR,success,card,2026-06-23T14:09:57.760363
TXN_000004687,ACC_000915,MER_00084,542.3,INR,success,card,2026-06-30T10:48:19.760363
TXN_000004688,ACC_000360,MER_00067,626.24,INR,success,net_banking,2026-08-06T05:04:23.760363
TXN_000004689,ACC_000543,MER_00054,219.79,INR,success,wallet,2026-07-08T11:10:50.760363
TXN_000004690,ACC_000331,MER_00125,93.5,INR,success,card,2026-06-13T18:15:51.760363
TXN_000004691,ACC_000576,MER_00133,1863.08,INR,success,wallet,2026-07-24T22:38:27.760363
TXN_000004692,ACC_000019,MER_00050,989.74,INR,success,net_banking,2026-05-29T05:13:40.760363
TXN_000004693,ACC_000998,MER_00179,491.73,INR,success,wallet,2026-08-19T08:16:12.760363
TXN_000004694,ACC_000860,MER_00151,29.09,INR,success,wallet,2026-06-27T04:28:47.760363
TXN_000004695,ACC_000797,MER_00190,423.51,INR,success,upi,2026-07-16T00:51:02.760363
TXN_000004696,ACC_000593,MER_00161,383.1,INR,success,net_banking,2026-08-11T18:04:22.760363
TXN_000004697,ACC_000806,MER_00170,147.94,INR,success,card,2026-05-30T06:12:58.760363
TXN_000004698,ACC_000120,MER_00006,199.17,INR,success,net_banking,2026-07-19T17:15:34.760363
TXN_000004699,ACC_000873,MER_00052,171.86,INR,success,upi,2026-06-10T06:54:50.760363
TXN_000004700,ACC_000638,MER_00167,559.49,INR,success,wallet,2026-06-27T02:06:27.760363
TXN_000004701,ACC_000259,MER_00159,73.15,INR,success,upi,2026-07-05T08:46:36.760363
TXN_000004702,ACC_000280,MER_00020,385.37,INR,success,wallet,2026-08-02T15:39:21.760363
TXN_000004703,ACC_000892,MER_00194,170.8,INR,success,upi,2026-07-04T19:02:57.760363
TXN_000004704,ACC_000057,MER_00026,312.28,INR,success,upi,2026-05-28T10:22:42.760363
TXN_000004705,ACC_000160,MER_00158,31.47,INR,success,upi,2026-06-24T19:02:51.760363
TXN_000004706,ACC_000019,MER_00170,113.14,INR,success,net_banking,2026-07-20T13:01:08.760363
TXN_000004707,ACC_000428,MER_00190,367.07,INR,success,wallet,2026-08-18T19:18:35.760363
TXN_000004708,ACC_000699,MER_00121,441.63,INR,success,net_banking,2026-08-20T19:02:20.760363
TXN_000004709,ACC_000100,MER_00175,59.84,INR,success,wallet,2026-07-28T16:06:06.760363
TXN_000004710,ACC_000725,MER_00043,97.82,INR,success,card,2026-08-21T19:42:52.760363
TXN_000004711,ACC_000710,MER_00073,1604.03,INR,success,card,2026-07-28T23:45:57.760363
TXN_000004712,ACC_000356,MER_00135,405.54,INR,success,net_banking,2026-07-06T01:01:18.760363
TXN_000004713,ACC_000976,MER_00177,145.64,INR,success,net_banking,2026-08-17T09:38:48.760363
TXN_000004714,ACC_000050,MER_00114,459.32,INR,success,wallet,2026-06-18T18:15:06.760363
TXN_000004715,ACC_000704,MER_00080,1195.26,INR,success,net_banking,2026-06-01T00:16:36.760363
TXN_000004716,ACC_000818,MER_00192,282.34,INR,success,net_banking,2026-08-01T11:51:15.760363
TXN_000004717,ACC_000875,MER_00171,1078.13,INR,success,net_banking,2026-07-21T17:07:08.760363
TXN_000004718,ACC_000548,MER_00187,149.92,INR,failed,wallet,2026-07-18T21:07:38.760363
TXN_000004719,ACC_000211,MER_00130,602.36,INR,success,card,2026-07-18T05:54:11.760363
TXN_000004720,ACC_000128,MER_00148,351.3,INR,success,card,2026-08-15T10:39:44.760363
TXN_000004721,ACC_000981,MER_00173,437.26,INR,success,upi,2026-06-22T15:37:08.760363
TXN_000004722,ACC_000968,MER_00130,51.6,INR,success,wallet,2026-08-12T10:57:18.760363
TXN_000004723,ACC_000443,MER_00043,304.02,INR,pending,card,2026-07-15T23:38:53.760363
TXN_000004724,ACC_000938,MER_00093,153.31,INR,success,wallet,2026-06-30T01:00:17.760363
TXN_000004725,ACC_000638,MER_00166,233.15,INR,success,card,2026-06-07T13:09:37.760363
TXN_000004726,ACC_000809,MER_00029,113.95,INR,success,wallet,2026-06-21T04:59:39.760363
TXN_000004727,ACC_000199,MER_00026,78.56,INR,success,net_banking,2026-06-20T23:33:51.760363
TXN_000004728,ACC_000023,MER_00170,437.54,INR,success,net_banking,2026-08-08T05:31:51.760363
TXN_000004729,ACC_000726,MER_00173,308.85,INR,success,upi,2026-06-04T09:41:18.760363
TXN_000004730,ACC_000469,MER_00079,140.43,INR,success,net_banking,2026-06-10T00:08:28.760363
TXN_000004731,ACC_000672,MER_00036,499.96,INR,failed,card,2026-06-12T10:32:15.760363
TXN_000004732,ACC_000946,MER_00035,111.27,INR,success,net_banking,2026-06-29T00:02:04.760363
TXN_000004733,ACC_000514,MER_00081,58.24,INR,success,upi,2026-08-19T15:16:48.760363
TXN_000004734,ACC_000875,MER_00132,198.92,INR,success,wallet,2026-06-02T18:52:54.760363
TXN_000004735,ACC_000576,MER_00146,1599.86,INR,success,net_banking,2026-06-28T01:10:57.760363
TXN_000004736,ACC_000346,MER_00179,217.88,INR,success,net_banking,2026-06-25T19:32:22.760363
TXN_000004737,ACC_000158,MER_00164,558.66,INR,success,card,2026-05-28T08:50:30.760363
TXN_000004738,ACC_000089,MER_00050,219.53,INR,success,upi,2026-08-05T00:34:07.760363
TXN_000004739,ACC_000243,MER_00026,13.09,INR,success,net_banking,2026-06-05T06:55:35.760363
TXN_000004740,ACC_000840,MER_00035,272.87,INR,success,wallet,2026-07-17T18:44:00.760363
TXN_000004741,ACC_000435,MER_00032,362.63,INR,success,upi,2026-08-24T08:22:18.760363
TXN_000004742,ACC_000432,MER_00179,756.76,INR,success,upi,2026-06-30T18:35:02.760363
TXN_000004743,ACC_000270,MER_00185,104.64,INR,success,net_banking,2026-08-22T20:05:51.760363
TXN_000004744,ACC_000398,MER_00109,858.1,INR,success,wallet,2026-06-27T05:04:00.760363
TXN_000004745,ACC_000713,MER_00006,217.53,INR,success,upi,2026-08-08T00:07:30.760363
TXN_000004746,ACC_000963,MER_00152,98.96,INR,success,net_banking,2026-07-04T06:06:48.760363
TXN_000004747,ACC_000820,MER_00154,53.41,INR,success,card,2026-05-26T22:36:23.760363
TXN_000004748,ACC_000075,MER_00128,214.22,INR,success,wallet,2026-07-16T19:29:53.760363
TXN_000004749,ACC_000743,MER_00193,80.31,INR,success,net_banking,2026-06-19T14:43:56.760363
TXN_000004750,ACC_000845,MER_00060,628.84,INR,success,net_banking,2026-07-19T17:04:39.760363
TXN_000004751,ACC_000558,MER_00003,1375.25,INR,success,upi,2026-06-11T15:11:13.760363
TXN_000004752,ACC_000274,MER_00057,69.35,INR,success,wallet,2026-07-07T01:25:18.760363
TXN_000004753,ACC_000131,MER_00144,204.59,INR,success,wallet,2026-08-01T17:52:12.760363
TXN_000004754,ACC_000143,MER_00038,219.07,INR,success,wallet,2026-07-31T02:38:41.760363
TXN_000004755,ACC_000977,MER_00059,40.98,INR,success,wallet,2026-07-02T12:21:51.760363
TXN_000004756,ACC_000182,MER_00048,116.1,INR,success,upi,2026-07-02T12:13:07.760363
TXN_000004757,ACC_000850,MER_00073,551.99,INR,success,wallet,2026-07-13T02:06:30.760363
TXN_000004758,ACC_000110,MER_00144,142.29,INR,success,wallet,2026-06-27T19:26:17.760363
TXN_000004759,ACC_000153,MER_00096,58.13,INR,success,card,2026-06-29T12:18:15.760363
TXN_000004760,ACC_000664,MER_00029,256.21,INR,success,wallet,2026-06-06T16:31:18.760363
TXN_000004761,ACC_000942,MER_00128,89.19,INR,success,net_banking,2026-06-08T02:11:55.760363
TXN_000004762,ACC_000437,MER_00115,134.22,INR,success,card,2026-07-30T06:00:07.760363
TXN_000004763,ACC_000305,MER_00124,16.83,INR,success,wallet,2026-06-26T02:29:50.760363
TXN_000004764,ACC_000779,MER_00183,626.89,INR,success,card,2026-08-01T16:08:01.760363
TXN_000004765,ACC_000088,MER_00148,167.79,INR,success,upi,2026-07-21T02:22:25.760363
TXN_000004766,ACC_000222,MER_00083,188.57,INR,success,wallet,2026-08-10T07:54:33.760363
TXN_000004767,ACC_000460,MER_00123,92.16,INR,success,wallet,2026-06-21T22:57:59.760363
TXN_000004768,ACC_000510,MER_00011,217.83,INR,success,card,2026-08-10T17:53:47.760363
TXN_000004769,ACC_000275,MER_00010,216.16,INR,success,wallet,2026-07-29T15:34:29.760363
TXN_000004770,ACC_000786,MER_00117,75.48,INR,success,upi,2026-07-27T01:04:28.760363
TXN_000004771,ACC_000459,MER_00158,206.31,INR,success,card,2026-07-08T14:56:23.760363
TXN_000004772,ACC_000529,MER_00094,253.82,INR,success,net_banking,2026-07-19T21:30:53.760363
TXN_000004773,ACC_000985,MER_00164,63.0,INR,success,net_banking,2026-06-11T02:25:05.760363
TXN_000004774,ACC_000106,MER_00040,456.62,INR,success,upi,2026-07-31T12:15:19.760363
TXN_000004775,ACC_000369,MER_00086,224.84,INR,success,wallet,2026-07-09T23:58:59.760363
TXN_000004776,ACC_000154,MER_00135,669.21,INR,success,net_banking,2026-07-22T15:14:56.760363
TXN_000004777,ACC_000914,MER_00138,278.93,INR,success,card,2026-07-08T11:32:36.760363
TXN_000004778,ACC_000431,MER_00134,425.16,INR,success,net_banking,2026-07-23T05:34:27.760363
TXN_000004779,ACC_000314,MER_00186,1259.46,INR,success,upi,2026-08-17T11:06:13.760363
TXN_000004780,ACC_000288,MER_00117,105.89,INR,failed,upi,2026-07-28T12:39:10.760363
TXN_000004781,ACC_000018,MER_00129,752.41,INR,failed,wallet,2026-06-17T07:18:29.760363
TXN_000004782,ACC_000259,MER_00174,529.78,INR,success,net_banking,2026-06-04T20:08:40.760363
TXN_000004783,ACC_000693,MER_00016,144.18,INR,success,card,2026-08-14T05:26:23.760363
TXN_000004784,ACC_000698,MER_00191,31.51,INR,success,net_banking,2026-07-13T15:02:58.760363
TXN_000004785,ACC_000027,MER_00076,134.77,INR,success,card,2026-07-31T14:42:19.760363
TXN_000004786,ACC_000703,MER_00181,371.74,INR,success,card,2026-07-08T10:13:10.760363
TXN_000004787,ACC_000284,MER_00182,97.45,INR,success,card,2026-08-06T20:38:49.760363
TXN_000004788,ACC_000356,MER_00027,1165.12,INR,success,card,2026-08-01T01:22:48.760363
TXN_000004789,ACC_000588,MER_00087,562.79,INR,success,wallet,2026-05-27T08:05:16.760363
TXN_000004790,ACC_000372,MER_00147,696.24,INR,success,card,2026-08-23T17:07:40.760363
TXN_000004791,ACC_000971,MER_00062,681.51,INR,success,wallet,2026-06-27T08:54:53.760363
TXN_000004792,ACC_000647,MER_00167,133.99,INR,success,card,2026-06-27T08:04:56.760363
TXN_000004793,ACC_000602,MER_00111,182.33,INR,success,wallet,2026-06-06T00:02:56.760363
TXN_000004794,ACC_000373,MER_00037,444.68,INR,success,card,2026-07-06T12:37:27.760363
TXN_000004795,ACC_000501,MER_00142,70.82,INR,success,card,2026-06-07T12:34:51.760363
TXN_000004796,ACC_000528,MER_00046,159.89,INR,success,upi,2026-07-20T12:39:40.760363
TXN_000004797,ACC_000797,MER_00076,1365.81,INR,pending,upi,2026-07-28T13:05:48.760363
TXN_000004798,ACC_000949,MER_00078,257.19,INR,success,card,2026-06-20T11:24:47.760363
TXN_000004799,ACC_000701,MER_00030,362.44,INR,success,card,2026-06-04T08:40:56.760363
TXN_000004800,ACC_000863,MER_00099,946.38,INR,success,card,2026-05-27T19:27:32.760363
TXN_000004801,ACC_000617,MER_00085,170.82,INR,success,upi,2026-07-23T03:10:30.760363
TXN_000004802,ACC_000505,MER_00081,546.75,INR,failed,wallet,2026-07-19T07:06:28.760363
TXN_000004803,ACC_000937,MER_00029,58.91,INR,success,upi,2026-07-25T01:45:53.760363
TXN_000004804,ACC_000052,MER_00090,362.53,INR,success,card,2026-07-02T09:20:23.760363
TXN_000004805,ACC_000895,MER_00156,193.43,INR,success,net_banking,2026-07-14T01:33:33.760363
TXN_000004806,ACC_000575,MER_00052,77.45,INR,success,card,2026-05-27T12:07:30.760363
TXN_000004807,ACC_000547,MER_00080,81.74,INR,success,card,2026-07-23T21:16:29.760363
TXN_000004808,ACC_000150,MER_00149,166.25,INR,success,wallet,2026-08-15T23:18:44.760363
TXN_000004809,ACC_000638,MER_00108,1607.29,INR,success,card,2026-05-27T06:45:58.760363
TXN_000004810,ACC_000771,MER_00091,105.48,INR,success,net_banking,2026-07-14T06:16:53.760363
TXN_000004811,ACC_000634,MER_00121,100.7,INR,success,upi,2026-07-20T09:46:45.760363
TXN_000004812,ACC_000418,MER_00178,825.12,INR,success,wallet,2026-06-21T15:46:09.760363
TXN_000004813,ACC_000600,MER_00022,76.06,INR,success,upi,2026-06-02T18:58:56.760363
TXN_000004814,ACC_000304,MER_00127,289.12,INR,success,upi,2026-06-17T12:21:07.760363
TXN_000004815,ACC_000898,MER_00113,1154.75,INR,failed,net_banking,2026-06-02T20:09:22.760363
TXN_000004816,ACC_000129,MER_00112,56.6,INR,success,net_banking,2026-06-07T06:25:57.760363
TXN_000004817,ACC_000341,MER_00084,196.28,INR,success,card,2026-06-20T14:43:41.760363
TXN_000004818,ACC_000377,MER_00023,50.87,INR,success,card,2026-06-25T04:24:16.760363
TXN_000004819,ACC_000924,MER_00131,194.37,INR,success,upi,2026-07-14T21:05:25.760363
TXN_000004820,ACC_000586,MER_00152,733.8,INR,success,net_banking,2026-07-01T18:05:03.760363
TXN_000004821,ACC_000196,MER_00072,537.19,INR,success,net_banking,2026-06-01T13:08:29.760363
TXN_000004822,ACC_000938,MER_00161,34.79,INR,success,upi,2026-06-29T12:07:13.760363
TXN_000004823,ACC_000523,MER_00108,319.69,INR,success,net_banking,2026-06-04T08:18:59.760363
TXN_000004824,ACC_000107,MER_00139,231.68,INR,success,wallet,2026-07-11T01:58:57.760363
TXN_000004825,ACC_000788,MER_00082,71.97,INR,success,net_banking,2026-08-24T03:26:39.760363
TXN_000004826,ACC_000878,MER_00108,485.88,INR,success,card,2026-07-19T03:47:52.760363
TXN_000004827,ACC_000574,MER_00079,231.17,INR,success,card,2026-07-14T05:50:57.760363
TXN_000004828,ACC_000473,MER_00022,607.51,INR,success,net_banking,2026-06-17T17:20:23.760363
TXN_000004829,ACC_000793,MER_00129,64.77,INR,success,net_banking,2026-06-17T23:28:37.760363
TXN_000004830,ACC_000508,MER_00079,445.85,INR,success,upi,2026-08-09T21:48:45.760363
TXN_000004831,ACC_000384,MER_00060,69.21,INR,success,wallet,2026-06-14T12:10:34.760363
TXN_000004832,ACC_000954,MER_00093,89.67,INR,success,wallet,2026-07-06T04:25:05.760363
TXN_000004833,ACC_000570,MER_00062,371.04,INR,success,card,2026-07-15T11:21:10.760363
TXN_000004834,ACC_000995,MER_00014,349.64,INR,success,net_banking,2026-06-15T14:37:27.760363
TXN_000004835,ACC_000750,MER_00129,51.41,INR,success,upi,2026-07-15T02:28:01.760363
TXN_000004836,ACC_000146,MER_00167,598.32,INR,success,wallet,2026-07-02T20:01:52.760363
TXN_000004837,ACC_000937,MER_00097,223.83,INR,success,net_banking,2026-06-30T19:09:52.760363
TXN_000004838,ACC_000050,MER_00163,315.82,INR,success,upi,2026-07-19T01:10:46.760363
TXN_000004839,ACC_000632,MER_00103,438.85,INR,success,upi,2026-06-06T12:24:33.760363
TXN_000004840,ACC_000508,MER_00036,458.12,INR,success,wallet,2026-08-02T00:04:39.760363
TXN_000004841,ACC_000483,MER_00039,1665.74,INR,success,card,2026-07-12T19:56:13.760363
TXN_000004842,,MER_00116,224.24,INR,success,wallet,2026-06-19T22:09:40.760363
TXN_000004843,ACC_000412,MER_00044,217.25,INR,success,net_banking,2026-07-17T22:13:30.760363
TXN_000004844,ACC_000991,MER_00147,366.73,INR,failed,net_banking,2026-08-11T13:30:45.760363
TXN_000004845,ACC_000861,MER_00101,190.21,INR,success,wallet,2026-06-25T00:17:49.760363
TXN_000004846,ACC_000938,MER_00055,85.15,INR,success,card,2026-08-06T18:40:14.760363
TXN_000004847,ACC_000329,MER_00017,39.8,INR,success,net_banking,2026-06-17T17:16:09.760363
TXN_000004848,ACC_000674,MER_00183,114.67,INR,success,wallet,2026-08-22T07:32:33.760363
TXN_000004849,ACC_000623,MER_00144,408.65,INR,success,net_banking,2026-08-11T01:14:10.760363
TXN_000004850,ACC_000240,MER_00063,191.66,INR,success,wallet,2026-08-05T04:33:36.760363
TXN_000004851,ACC_000067,MER_00195,537.39,INR,success,upi,2026-06-14T12:44:10.760363
TXN_000004852,ACC_000680,MER_00077,59.83,INR,success,wallet,2026-08-14T06:13:25.760363
TXN_000004853,ACC_000717,MER_00083,286.61,INR,success,upi,2026-05-26T18:44:00.760363
TXN_000004854,,MER_00053,67.71,INR,success,wallet,2026-08-07T02:59:47.760363
TXN_000004855,ACC_000506,MER_00152,508.76,INR,success,wallet,2026-07-05T12:21:37.760363
TXN_000004856,ACC_000153,MER_00111,577.31,INR,success,upi,2026-07-25T13:18:03.760363
TXN_000004857,ACC_000392,MER_00114,261.88,INR,success,net_banking,2026-07-29T10:31:27.760363
TXN_000004858,ACC_000172,MER_00099,150.07,INR,success,card,2026-07-15T02:40:40.760363
TXN_000004859,ACC_000608,MER_00137,67.16,INR,success,net_banking,2026-06-10T03:45:43.760363
TXN_000004860,ACC_000209,MER_00079,720.24,INR,success,upi,2026-06-10T15:03:08.760363
TXN_000004861,ACC_000764,MER_00010,351.71,INR,success,card,2026-06-10T10:37:55.760363
TXN_000004862,ACC_000989,MER_00121,350.02,INR,success,net_banking,2026-07-12T02:54:13.760363
TXN_000004863,ACC_000370,MER_00035,157.25,INR,success,net_banking,2026-07-22T00:44:26.760363
TXN_000004864,ACC_000229,MER_00102,75.26,INR,success,wallet,2026-06-14T06:43:43.760363
TXN_000004865,ACC_000313,MER_00083,328.61,INR,success,upi,2026-06-01T19:43:05.760363
TXN_000004866,ACC_000276,MER_00122,90.63,INR,success,card,2026-08-03T07:55:10.760363
TXN_000004867,ACC_000359,MER_00097,756.43,INR,failed,card,2026-08-15T18:07:05.760363
TXN_000004868,ACC_000431,MER_00065,202.92,INR,success,wallet,2026-06-10T19:59:59.760363
TXN_000004869,ACC_000300,MER_00108,71.54,INR,success,upi,2026-06-21T02:18:03.760363
TXN_000004870,ACC_000567,MER_00173,131.31,INR,success,card,2026-06-25T22:13:17.760363
TXN_000004871,ACC_000204,MER_00114,186.93,INR,success,card,2026-07-12T17:35:54.760363
TXN_000004872,ACC_000862,MER_00134,730.49,INR,success,card,2026-08-16T07:09:59.760363
TXN_000004873,ACC_000481,MER_00015,176.96,INR,success,net_banking,2026-08-02T12:31:22.760363
TXN_000004874,ACC_000028,MER_00010,89.64,INR,success,upi,2026-06-19T12:39:07.760363
TXN_000004875,ACC_000286,MER_00020,190.46,INR,success,upi,2026-07-08T06:58:10.760363
TXN_000004876,ACC_000282,MER_00138,181.67,INR,success,wallet,2026-07-03T07:54:22.760363
TXN_000004877,ACC_000431,MER_00057,242.28,INR,success,card,2026-07-19T18:20:33.760363
TXN_000004878,ACC_000595,MER_00099,153.64,INR,success,net_banking,2026-08-23T18:16:31.760363
TXN_000004879,ACC_000375,MER_00066,107.81,INR,success,net_banking,2026-06-28T11:50:25.760363
TXN_000004880,ACC_000672,MER_00187,395.47,INR,success,net_banking,2026-06-02T02:43:35.760363
TXN_000004881,ACC_000369,MER_00175,434.42,INR,success,wallet,2026-06-20T09:07:21.760363
TXN_000004882,ACC_000095,MER_00126,712.49,INR,success,upi,2026-06-27T08:21:33.760363
TXN_000004883,ACC_000955,MER_00189,466.79,INR,success,wallet,2026-06-04T11:28:22.760363
TXN_000004884,ACC_000551,MER_00086,185.33,INR,success,wallet,2026-06-10T12:58:57.760363
TXN_000004885,ACC_000868,MER_00072,632.78,INR,failed,card,2026-06-25T16:48:41.760363
TXN_000004886,ACC_000059,MER_00062,564.99,INR,success,net_banking,2026-06-15T20:32:36.760363
TXN_000004887,ACC_000283,MER_00180,129.19,INR,success,upi,2026-05-29T01:29:29.760363
TXN_000004888,ACC_000496,MER_00065,283.01,INR,success,upi,2026-07-12T21:14:43.760363
TXN_000004889,ACC_000969,MER_00168,479.31,INR,success,wallet,2026-06-07T22:08:46.760363
TXN_000004890,ACC_000449,MER_00093,166.96,INR,success,card,2026-07-08T21:20:04.760363
TXN_000004891,ACC_000802,MER_00154,179.35,INR,success,card,2026-08-16T04:14:34.760363
TXN_000004892,ACC_000778,MER_00012,81.08,INR,failed,card,2026-07-30T11:54:32.760363
TXN_000004893,ACC_000199,MER_00199,109.33,INR,success,upi,2026-07-21T12:36:03.760363
TXN_000004894,ACC_000551,MER_00065,23.05,INR,success,wallet,2026-06-27T18:28:25.760363
TXN_000004895,ACC_000556,MER_00148,126.55,INR,success,upi,2026-07-03T21:09:58.760363
TXN_000004896,ACC_000241,MER_00053,152.29,INR,success,card,2026-08-08T10:13:48.760363
TXN_000004897,ACC_000223,MER_00058,140.68,INR,success,upi,2026-07-27T18:37:27.760363
TXN_000004898,ACC_000754,MER_00040,29.63,INR,success,card,2026-07-13T05:16:20.760363
TXN_000004899,ACC_000690,MER_00014,61.18,INR,success,wallet,2026-07-11T07:35:45.760363
TXN_000004900,ACC_000732,MER_00070,685.1,INR,success,card,2026-07-05T12:08:40.760363
TXN_000004901,ACC_000684,MER_00127,141.29,INR,success,upi,2026-06-06T09:20:58.760363
TXN_000004902,ACC_000686,MER_00165,265.19,INR,success,upi,2026-06-10T21:46:57.760363
TXN_000004903,ACC_000332,MER_00017,110.93,INR,success,wallet,2026-06-21T14:03:06.760363
TXN_000004904,ACC_000610,MER_00086,244.49,INR,success,upi,2026-06-04T10:28:12.760363
TXN_000004905,ACC_INVALID,MER_00017,98.21,INR,success,card,2026-07-09T08:38:56.760363
TXN_000004906,ACC_000330,MER_00142,960.59,INR,success,net_banking,2026-08-14T18:33:49.760363
TXN_000004907,ACC_000710,MER_00195,769.33,INR,failed,wallet,2026-08-09T06:10:51.760363
TXN_000004908,ACC_000934,MER_00165,494.57,INR,success,net_banking,2026-06-30T11:52:14.760363
TXN_000004909,ACC_000661,MER_00135,608.1,INR,success,upi,2026-07-26T22:14:07.760363
TXN_000004910,ACC_000331,MER_00093,92.44,INR,success,upi,2026-07-31T00:38:22.760363
TXN_000004911,ACC_000148,MER_00132,133.01,INR,success,card,2026-06-04T15:23:12.760363
TXN_000004912,ACC_000922,MER_00003,270.66,INR,success,card,2026-07-17T10:32:53.760363
TXN_000004913,ACC_000897,MER_00084,217.87,INR,success,card,2026-08-19T01:01:24.760363
TXN_000004914,ACC_000458,MER_00072,31.34,INR,failed,upi,2026-08-06T17:08:14.760363
TXN_000004915,ACC_000634,MER_00067,1298.64,INR,success,card,2026-06-04T12:45:38.760363
TXN_000004916,ACC_000478,MER_00053,111.64,INR,success,net_banking,2026-06-20T17:45:44.760363
TXN_000004917,ACC_000454,MER_00126,1417.27,INR,success,card,2026-05-27T17:41:01.760363
TXN_000004918,ACC_000596,MER_00111,640.86,INR,success,card,2026-06-26T16:30:33.760363
TXN_000004919,ACC_000805,MER_00078,565.86,INR,success,card,2026-07-18T21:48:05.760363
TXN_000004920,ACC_000247,MER_00193,447.47,INR,success,upi,2026-08-17T11:50:11.760363
TXN_000004921,ACC_000654,MER_00058,172.24,INR,success,net_banking,2026-06-11T00:25:10.760363
TXN_000004922,ACC_000900,MER_00006,83.22,INR,success,wallet,2026-07-27T06:47:24.760363
TXN_000004923,ACC_000561,MER_00018,70.13,INR,success,upi,2026-06-21T09:26:39.760363
TXN_000004924,ACC_000205,MER_00050,509.96,INR,success,net_banking,2026-07-06T05:30:14.760363
TXN_000004925,ACC_000083,MER_00142,331.1,INR,success,wallet,2026-07-13T06:03:14.760363
TXN_000004926,ACC_000762,MER_00033,441.53,INR,success,card,2026-06-09T16:39:16.760363
TXN_000004927,ACC_000561,MER_00104,113.3,INR,success,upi,2026-06-23T06:11:44.760363
TXN_000004928,ACC_000989,MER_00135,105.62,INR,success,upi,2026-08-09T00:41:12.760363
TXN_000004929,ACC_000431,MER_00105,68.87,INR,pending,card,2026-07-29T13:23:43.760363
TXN_000004930,ACC_000433,MER_00019,287.52,INR,success,net_banking,2026-08-21T14:09:10.760363
TXN_000004931,ACC_000344,MER_00023,92.95,INR,success,card,2026-07-11T15:40:52.760363
TXN_000004932,ACC_000148,MER_00009,165.37,INR,success,upi,2026-06-12T21:55:58.760363
TXN_000004933,ACC_000472,MER_00027,373.65,INR,success,upi,2026-06-13T11:15:52.760363
TXN_000004934,ACC_000478,MER_00083,61.06,INR,success,net_banking,2026-06-10T09:56:39.760363
TXN_000004935,ACC_000095,MER_00172,322.72,INR,success,net_banking,2026-06-05T05:32:31.760363
TXN_000004936,ACC_000879,MER_00197,382.2,INR,success,net_banking,2026-08-24T09:49:07.760363
TXN_000004937,ACC_000562,MER_00105,379.2,INR,success,wallet,2026-08-10T10:03:59.760363
TXN_000004938,ACC_000264,MER_00102,142.16,INR,success,wallet,2026-07-12T15:26:56.760363
TXN_000004939,ACC_000819,MER_00168,140.67,INR,success,card,2026-07-29T09:03:38.760363
TXN_000004940,ACC_000385,MER_00174,429.87,INR,success,card,2026-06-09T01:30:49.760363
TXN_000004941,ACC_000357,MER_00047,245.86,INR,success,card,2026-06-18T04:12:54.760363
TXN_000004942,ACC_000683,MER_00074,164.91,INR,success,wallet,2026-07-11T17:58:41.760363
TXN_000004943,ACC_000767,MER_00071,192.26,INR,success,net_banking,2026-07-13T00:35:04.760363
TXN_000004944,ACC_000487,MER_00126,332.51,INR,success,upi,2026-06-12T10:04:29.760363
TXN_000004945,ACC_000705,MER_00105,122.08,INR,success,upi,2026-07-11T17:09:30.760363
TXN_000004946,ACC_000125,MER_00097,188.96,INR,success,net_banking,2026-07-19T10:38:53.760363
TXN_000004947,ACC_000621,MER_00142,58.88,INR,success,card,2026-06-13T23:30:24.760363
TXN_000004948,ACC_000984,MER_00036,41.44,INR,success,card,2026-08-01T16:57:32.760363
TXN_000004949,ACC_000337,MER_00136,543.01,INR,success,net_banking,2026-07-21T09:29:46.760363
TXN_000004950,ACC_000718,MER_00096,500.5,INR,success,upi,2026-07-07T14:11:54.760363
TXN_000004951,ACC_000545,MER_00093,525.15,INR,success,card,2026-07-11T13:36:13.760363
TXN_000004952,ACC_000002,MER_00059,169.85,INR,success,net_banking,2026-06-16T00:46:09.760363
TXN_000004953,ACC_000628,MER_00136,984.41,INR,success,upi,2026-08-02T15:23:20.760363
TXN_000004954,ACC_000320,MER_00021,711.64,INR,success,net_banking,2026-08-06T16:46:04.760363
TXN_000004955,ACC_000130,MER_00022,398.55,INR,success,upi,2026-08-05T23:35:54.760363
TXN_000004956,ACC_000902,MER_00150,148.48,INR,success,wallet,2026-05-30T06:55:53.760363
TXN_000004957,ACC_000432,MER_00175,319.83,INR,success,net_banking,2026-07-03T06:01:02.760363
TXN_000004958,ACC_000389,MER_00189,3876.47,INR,success,upi,2026-06-23T21:05:05.760363
TXN_000004959,ACC_000656,MER_00145,332.2,INR,success,upi,2026-07-03T06:44:53.760363
TXN_000004960,ACC_000571,MER_00135,120.76,INR,success,wallet,2026-06-16T07:13:32.760363
TXN_000004961,ACC_000939,MER_00162,92.82,INR,success,wallet,2026-07-23T14:38:27.760363
TXN_000004962,ACC_000522,MER_00136,285.87,INR,success,wallet,2026-06-24T05:34:58.760363
TXN_000004963,ACC_000568,MER_00135,81.19,INR,success,wallet,2026-05-30T03:39:35.760363
TXN_000004964,ACC_000917,MER_00085,2243.85,INR,success,wallet,2026-06-12T12:34:32.760363
TXN_000004965,ACC_000484,MER_00056,362.53,INR,success,wallet,2026-08-13T21:18:05.760363
TXN_000004966,ACC_000365,MER_00085,167.77,INR,success,wallet,2026-07-26T15:41:39.760363
TXN_000004967,ACC_000745,MER_00014,603.22,INR,pending,net_banking,2026-06-12T06:22:52.760363
TXN_000004968,ACC_000490,MER_00107,55.15,INR,success,wallet,2026-07-11T18:40:41.760363
TXN_000004969,ACC_000464,MER_00011,35.52,INR,success,card,2026-07-30T12:22:33.760363
TXN_000004970,ACC_000611,MER_00088,725.43,INR,success,wallet,2026-05-30T14:31:50.760363
TXN_000004971,ACC_000067,MER_00046,575.43,INR,success,card,2026-07-16T17:09:44.760363
TXN_000004972,ACC_000403,MER_00161,279.83,INR,success,wallet,2026-08-24T09:25:46.760363
TXN_000004973,ACC_000079,MER_00200,196.59,INR,success,card,2026-08-20T20:19:55.760363
TXN_000004974,ACC_000135,MER_00063,129.8,INR,success,card,2026-07-23T09:36:10.760363
TXN_000004975,ACC_000473,MER_00081,214.41,INR,success,upi,2026-05-29T02:44:52.760363
TXN_000004976,ACC_000986,MER_00055,133.19,INR,success,wallet,2026-06-25T04:40:31.760363
TXN_000004977,ACC_000985,MER_00066,323.83,INR,success,card,2026-07-05T19:40:08.760363
TXN_000004978,ACC_000005,MER_00196,213.19,INR,success,wallet,2026-07-29T14:50:27.760363
TXN_000004979,ACC_000651,MER_00141,120.08,INR,success,upi,2026-06-11T23:18:04.760363
TXN_000004980,ACC_000773,MER_00008,1177.55,INR,success,card,2026-07-05T08:45:24.760363
TXN_000004981,ACC_000365,MER_00155,125.89,INR,success,card,2026-08-02T07:50:21.760363
TXN_000004982,ACC_000553,MER_00117,373.21,INR,success,wallet,2026-05-31T03:19:40.760363
TXN_000004983,ACC_000017,MER_00102,77.09,INR,success,card,2026-08-07T17:18:30.760363
TXN_000004984,ACC_000306,MER_00053,88.75,INR,failed,upi,2026-07-27T15:17:00.760363
TXN_000004985,ACC_000148,MER_00140,684.48,INR,success,wallet,2026-08-22T11:21:24.760363
TXN_000004986,ACC_000772,MER_00196,161.11,INR,success,upi,2026-08-20T03:07:15.760363
TXN_000004987,ACC_000519,MER_00160,83.15,INR,success,wallet,2026-08-23T04:47:47.760363
TXN_000004988,ACC_000580,MER_00039,261.95,INR,success,upi,2026-08-12T13:30:03.760363
TXN_000004989,ACC_000031,MER_00132,118.0,INR,success,upi,2026-07-13T18:19:39.760363
TXN_000004990,ACC_000121,MER_00110,124.83,INR,success,net_banking,2026-07-31T11:27:02.760363
TXN_000004991,ACC_000235,MER_00114,472.17,INR,success,wallet,2026-06-13T11:39:30.760363
TXN_000004992,ACC_000536,MER_00098,125.95,INR,success,upi,2026-08-01T06:56:38.760363
TXN_000004993,ACC_000752,MER_00172,370.06,INR,success,wallet,2026-06-11T21:42:26.760363
TXN_000004994,ACC_000288,MER_00041,515.52,INR,success,card,2026-07-08T08:52:05.760363
TXN_000004995,ACC_000285,MER_00198,272.33,INR,success,upi,2026-07-06T08:06:10.760363
TXN_000004996,ACC_000994,MER_00144,73.06,INR,success,card,2026-07-27T07:30:54.760363
TXN_000004997,ACC_000471,MER_00072,529.71,INR,success,net_banking,2026-06-14T00:45:42.760363
TXN_000004998,ACC_000116,MER_00165,1660.75,INR,success,wallet,2026-08-24T10:06:51.760363
TXN_000004999,ACC_000991,MER_00175,105.54,INR,success,card,2026-07-20T16:47:45.760363
TXN_000005000,ACC_000136,MER_00084,389.24,INR,success,wallet,2026-05-27T05:42:48.760363
TXN_000005001,ACC_000680,MER_00179,138.89,INR,success,wallet,2026-08-21T17:54:56.760363
TXN_000005002,ACC_000066,MER_00106,37.45,INR,success,net_banking,2026-08-17T13:54:31.760363
TXN_000005003,ACC_000566,MER_00089,29.12,INR,success,card,2026-08-12T11:43:12.760363
TXN_000005004,ACC_000928,MER_00064,835.82,INR,success,card,2026-07-03T10:17:59.760363
TXN_000005005,ACC_000355,MER_00122,85.91,INR,success,upi,2026-07-22T03:52:13.760363
TXN_000005006,ACC_000829,MER_00009,107.84,INR,success,upi,2026-07-07T08:16:21.760363
TXN_000005007,ACC_000387,MER_00001,225.83,INR,success,net_banking,2026-07-31T23:42:18.760363
TXN_000005008,ACC_000344,MER_00073,247.94,INR,success,card,2026-07-19T08:48:30.760363
TXN_000005009,ACC_000703,MER_00010,200.19,INR,success,upi,2026-07-16T17:24:12.760363
TXN_000005010,ACC_000232,MER_00117,215.04,INR,success,upi,2026-07-26T05:42:47.760363
TXN_000005011,ACC_000815,MER_00009,209.26,INR,success,net_banking,2026-07-11T20:40:45.760363
TXN_000005012,ACC_000430,MER_00020,762.46,INR,success,wallet,2026-07-18T23:39:24.760363
TXN_000005013,ACC_000166,MER_00193,23.48,INR,success,net_banking,2026-06-04T00:43:27.760363
TXN_000005014,ACC_000514,MER_00200,176.16,INR,success,upi,2026-08-16T03:14:31.760363
TXN_000005015,ACC_000916,MER_00183,742.87,INR,success,upi,2026-08-20T06:15:47.760363
TXN_000005016,ACC_000613,MER_00108,234.59,INR,success,card,2026-07-14T08:01:10.760363
TXN_000005017,ACC_000833,MER_00175,600.3,INR,success,wallet,2026-05-31T15:51:05.760363
TXN_000005018,ACC_000029,MER_00042,232.7,INR,success,wallet,2026-08-24T05:07:02.760363
TXN_000005019,ACC_000810,MER_00033,99.1,INR,success,wallet,2026-08-08T21:16:58.760363
TXN_000005020,ACC_000603,MER_00066,323.29,INR,success,net_banking,2026-07-07T04:49:11.760363
TXN_000005021,ACC_000169,MER_00015,49.33,INR,success,net_banking,2026-07-16T04:43:54.760363
TXN_000005022,ACC_000421,MER_00179,78.05,INR,success,card,2026-06-10T09:45:53.760363
TXN_000005023,ACC_000860,MER_00155,1151.75,INR,success,wallet,2026-07-24T10:12:36.760363
TXN_000005024,ACC_000993,MER_00032,291.52,INR,success,card,2026-07-10T17:39:59.760363
TXN_000005025,ACC_000703,MER_00084,277.98,INR,pending,wallet,2026-06-16T19:24:21.760363
TXN_000005026,ACC_000772,MER_00101,451.82,INR,success,card,2026-06-16T17:53:01.760363
TXN_000005027,ACC_000243,MER_00062,348.59,INR,success,upi,2026-08-10T16:34:10.760363
TXN_000005028,ACC_000269,MER_00150,315.01,INR,success,net_banking,2026-06-12T14:22:52.760363
TXN_000005029,ACC_000174,MER_00123,186.67,INR,success,wallet,2026-07-22T00:44:12.760363
TXN_000005030,ACC_000172,MER_00024,890.06,INR,success,upi,2026-07-06T06:24:30.760363
TXN_000005031,ACC_000225,MER_00095,234.11,INR,success,wallet,2026-06-09T09:05:53.760363
TXN_000005032,ACC_000855,MER_00156,73.62,INR,success,card,2026-08-09T06:36:30.760363
TXN_000005033,ACC_000439,MER_00007,181.49,INR,pending,card,2026-07-02T01:25:01.760363
TXN_000005034,ACC_000814,MER_00023,537.67,INR,success,card,2026-07-13T09:22:09.760363
TXN_000005035,ACC_000229,MER_00194,283.61,INR,success,upi,2026-07-02T01:14:01.760363
TXN_000005036,ACC_000485,MER_00172,38.3,INR,success,wallet,2026-07-13T08:45:49.760363
TXN_000005037,ACC_000748,MER_00071,56.08,INR,success,card,2026-06-18T13:06:55.760363
TXN_000005038,ACC_000842,MER_00117,310.55,INR,failed,wallet,2026-08-08T12:09:44.760363
TXN_000005039,ACC_000076,MER_00179,63.88,INR,success,upi,2026-07-13T16:09:44.760363
TXN_000005040,ACC_000503,MER_00046,1269.22,INR,success,wallet,2026-07-06T14:22:37.760363
TXN_000005041,ACC_000853,MER_00033,346.62,INR,success,card,2026-06-08T18:28:22.760363
TXN_000005042,ACC_000530,MER_00073,191.61,INR,failed,wallet,2026-05-30T11:19:01.760363
TXN_000005043,ACC_000164,MER_00069,63.9,INR,success,card,2026-07-30T07:35:41.760363
TXN_000005044,ACC_000317,MER_00007,651.54,INR,success,card,2026-06-14T18:42:19.760363
TXN_000005045,ACC_000405,MER_00163,276.14,INR,success,card,2026-08-24T07:38:46.760363
TXN_000005046,ACC_000625,MER_00003,126.28,INR,success,wallet,2026-06-23T11:20:43.760363
TXN_000005047,ACC_000625,MER_00060,606.28,INR,failed,net_banking,2026-07-15T13:26:17.760363
TXN_000005048,ACC_000685,MER_00092,124.67,INR,success,wallet,2026-06-26T16:22:35.760363
TXN_000005049,ACC_000733,MER_00037,1280.28,INR,success,card,2026-06-09T02:52:31.760363
TXN_000005050,ACC_000133,MER_00147,204.11,INR,success,wallet,2026-08-02T12:33:32.760363
TXN_000005051,ACC_000821,MER_00122,233.06,INR,success,card,2026-07-11T01:03:21.760363
TXN_000005052,ACC_000824,MER_00162,301.02,INR,success,upi,2026-06-13T20:33:38.760363
TXN_000005053,ACC_000693,MER_00183,151.74,INR,success,upi,2026-06-19T11:05:34.760363
TXN_000005054,ACC_000422,MER_00179,517.25,INR,failed,wallet,2026-05-31T11:04:53.760363
TXN_000005055,ACC_000961,MER_00084,912.23,INR,success,net_banking,2026-06-27T23:13:52.760363
TXN_000005056,ACC_000666,MER_00173,151.54,INR,success,wallet,2026-06-11T09:23:49.760363
TXN_000005057,ACC_000291,MER_00089,56.23,INR,success,wallet,2026-06-20T00:02:04.760363
TXN_000005058,ACC_000669,MER_00024,191.52,INR,success,net_banking,2026-06-24T16:52:26.760363
TXN_000005059,ACC_000438,MER_00102,107.94,INR,success,card,2026-05-27T13:30:09.760363
TXN_000005060,ACC_000948,MER_00129,33.16,INR,success,card,2026-06-13T09:56:57.760363
TXN_000005061,ACC_000632,MER_00056,525.36,INR,success,net_banking,2026-06-13T13:51:07.760363
TXN_000005062,ACC_000574,MER_00038,633.05,INR,pending,net_banking,2026-07-09T01:34:30.760363
TXN_000005063,ACC_000478,MER_00095,71.37,INR,success,upi,2026-08-01T01:43:00.760363
TXN_000005064,ACC_000146,MER_00163,645.75,INR,success,upi,2026-06-04T20:35:28.760363
TXN_000005065,ACC_000923,MER_00121,876.92,INR,success,wallet,2026-08-02T20:41:04.760363
TXN_000005066,ACC_000188,MER_00039,71.66,INR,success,net_banking,2026-07-15T23:18:00.760363
TXN_000005067,ACC_000336,MER_00107,32.56,INR,failed,upi,2026-08-05T19:29:10.760363
TXN_000005068,ACC_000993,MER_00045,103.53,INR,success,wallet,2026-08-14T05:44:31.760363
TXN_000005069,ACC_000123,MER_00179,47.54,INR,success,upi,2026-06-26T12:10:01.760363
TXN_000005070,ACC_000101,MER_00064,80.14,INR,success,card,2026-05-27T19:57:13.760363
TXN_000005071,ACC_000870,MER_00139,263.08,INR,success,net_banking,2026-08-10T03:28:05.760363
TXN_000005072,ACC_000265,MER_00111,114.89,INR,success,net_banking,2026-08-23T20:15:36.760363
TXN_000005073,ACC_000151,MER_00092,162.89,INR,success,wallet,2026-06-03T10:27:14.760363
TXN_000005074,ACC_000881,MER_00088,34.17,INR,success,wallet,2026-07-02T12:32:31.760363
TXN_000005075,ACC_000795,MER_00129,150.63,INR,success,net_banking,2026-07-01T18:47:05.760363
TXN_000005076,ACC_000325,MER_00040,2378.85,INR,success,wallet,2026-06-02T09:52:24.760363
TXN_000005077,ACC_000388,MER_00047,148.68,INR,success,wallet,2026-08-09T04:47:55.760363
TXN_000005078,ACC_000056,MER_00195,67.9,INR,success,card,2026-05-28T04:15:20.760363
TXN_000005079,ACC_000884,MER_00022,1229.08,INR,success,card,2026-06-29T04:18:06.760363
TXN_000005080,ACC_000915,MER_00117,327.07,INR,pending,wallet,2026-08-04T07:49:07.760363
TXN_000005081,ACC_000911,MER_00151,114.54,INR,success,card,2026-06-18T21:24:20.760363
TXN_000005082,ACC_000176,MER_00091,140.6,INR,success,card,2026-06-12T16:28:38.760363
TXN_000005083,ACC_000710,MER_00062,47.81,INR,success,wallet,2026-08-23T22:44:17.760363
TXN_000005084,ACC_000931,MER_00007,60.23,INR,success,net_banking,2026-05-30T05:31:52.760363
TXN_000005085,ACC_000300,MER_00106,33.21,INR,success,card,2026-06-17T17:57:53.760363
TXN_000005086,ACC_000048,MER_00014,139.4,INR,success,card,2026-06-30T00:55:13.760363
TXN_000005087,ACC_000318,MER_00005,139.73,INR,success,card,2026-06-10T14:25:04.760363
TXN_000005088,ACC_000459,MER_00187,90.46,INR,success,wallet,2026-07-10T22:34:30.760363
TXN_000005089,ACC_000634,MER_00181,254.81,INR,success,wallet,2026-07-17T02:46:25.760363
TXN_000005090,ACC_000373,MER_00140,208.45,INR,success,upi,2026-07-22T13:46:16.760363
TXN_000005091,ACC_000639,MER_00142,112.0,INR,failed,net_banking,2026-07-08T14:51:50.760363
TXN_000005092,ACC_000282,MER_00027,93.04,INR,success,wallet,2026-06-24T05:36:37.760363
TXN_000005093,ACC_000191,MER_00037,1550.97,INR,success,card,2026-07-24T10:30:59.760363
TXN_000005094,ACC_000007,MER_00112,327.31,INR,success,card,2026-06-25T11:42:44.760363
TXN_000005095,ACC_000652,MER_00092,1092.0,INR,success,card,2026-05-31T04:01:09.760363
TXN_000005096,ACC_000292,MER_00102,263.91,INR,success,wallet,2026-08-13T19:26:01.760363
TXN_000005097,ACC_000147,MER_00005,655.26,INR,success,net_banking,2026-06-26T14:58:32.760363
TXN_000005098,ACC_000950,MER_00132,422.22,INR,success,card,2026-06-11T06:05:28.760363
TXN_000005099,ACC_000098,MER_00098,3691.51,INR,success,net_banking,2026-08-02T07:38:41.760363
TXN_000005100,ACC_000200,MER_00038,388.24,INR,success,wallet,2026-07-24T18:21:26.760363
TXN_000005101,ACC_000332,MER_00068,601.26,INR,success,wallet,2026-06-19T18:36:59.760363
TXN_000005102,ACC_000141,MER_00191,149.76,INR,success,wallet,2026-08-03T11:45:13.760363
TXN_000005103,ACC_000416,MER_00158,316.38,INR,success,net_banking,2026-06-22T01:45:37.760363
TXN_000005104,ACC_000863,MER_00032,223.96,INR,success,upi,2026-08-09T23:47:21.760363
TXN_000005105,ACC_000237,MER_00121,227.13,INR,success,net_banking,2026-06-15T20:57:43.760363
TXN_000005106,ACC_000553,MER_00013,419.1,INR,success,card,2026-07-16T17:02:47.760363
TXN_000005107,ACC_000500,MER_00137,26.86,INR,success,net_banking,2026-08-11T05:36:55.760363
TXN_000005108,ACC_000576,MER_00011,51.04,INR,failed,upi,2026-06-07T15:58:53.760363
TXN_000005109,ACC_000823,MER_00188,180.47,INR,success,upi,2026-06-08T16:45:20.760363
TXN_000005110,ACC_000925,MER_00147,746.18,INR,success,wallet,2026-07-16T01:39:32.760363
TXN_000005111,ACC_000223,MER_00155,174.43,INR,success,wallet,2026-06-30T16:57:15.760363
TXN_000005112,ACC_000411,MER_00175,427.92,INR,pending,wallet,2026-08-07T19:21:56.760363
TXN_000005113,ACC_000632,MER_00014,312.01,INR,success,card,2026-07-15T15:57:50.760363
TXN_000005114,ACC_000862,MER_00058,86.94,INR,success,net_banking,2026-08-20T16:02:25.760363
TXN_000005115,ACC_000968,MER_00071,127.13,INR,failed,upi,2026-08-21T07:12:12.760363
TXN_000005116,ACC_000896,MER_00171,662.44,INR,success,net_banking,2026-06-02T06:59:43.760363
TXN_000005117,ACC_000446,MER_00056,59.9,INR,success,upi,2026-06-15T14:21:12.760363
TXN_000005118,ACC_000104,MER_00160,404.22,INR,success,wallet,2026-06-17T21:33:05.760363
TXN_000005119,ACC_000756,MER_00054,131.34,INR,success,card,2026-07-08T00:34:53.760363
TXN_000005120,ACC_000277,MER_00138,263.94,INR,success,upi,2026-06-13T17:39:04.760363
TXN_000005121,ACC_000421,MER_00174,257.18,INR,success,upi,2026-08-05T11:54:44.760363
TXN_000005122,ACC_000232,MER_00011,802.0,INR,success,wallet,2026-06-05T22:53:33.760363
TXN_000005123,ACC_000576,MER_00166,148.06,INR,success,card,2026-06-30T01:49:28.760363
TXN_000005124,ACC_000297,MER_00041,76.91,INR,success,wallet,2026-07-16T10:06:22.760363
TXN_000005125,ACC_000666,MER_00076,367.64,INR,success,net_banking,2026-05-31T14:03:20.760363
TXN_000005126,ACC_000197,MER_00117,98.68,INR,success,upi,2026-05-29T05:08:40.760363
TXN_000005127,ACC_000380,MER_00026,1044.44,INR,success,wallet,2026-06-15T15:53:53.760363
TXN_000005128,ACC_000870,MER_00120,160.8,INR,success,upi,2026-08-06T07:22:28.760363
TXN_000005129,ACC_000391,MER_00169,210.64,INR,success,card,2026-06-06T09:24:03.760363
TXN_000005130,ACC_000990,MER_00104,131.76,INR,success,upi,2026-07-03T22:09:36.760363
TXN_000005131,ACC_000265,MER_00185,641.01,INR,success,net_banking,2026-06-30T22:47:40.760363
TXN_000005132,ACC_000479,MER_00112,245.0,INR,success,upi,2026-07-22T23:08:14.760363
TXN_000005133,ACC_000984,MER_00003,304.15,INR,success,wallet,2026-08-17T11:34:16.760363
TXN_000005134,ACC_000050,MER_00067,208.94,INR,success,net_banking,2026-07-09T01:30:20.760363
TXN_000005135,ACC_000110,MER_00040,220.5,INR,failed,card,2026-06-14T12:41:06.760363
TXN_000005136,ACC_000581,MER_00156,381.9,INR,success,upi,2026-08-11T05:13:07.760363
TXN_000005137,ACC_000728,MER_00081,579.85,INR,success,upi,2026-06-13T14:36:21.760363
TXN_000005138,ACC_000752,MER_00169,78.74,INR,success,net_banking,2026-06-21T13:15:42.760363
TXN_000005139,ACC_000526,MER_00021,934.04,INR,success,upi,2026-07-23T05:14:47.760363
TXN_000005140,ACC_000575,MER_00138,129.23,INR,success,net_banking,2026-07-28T14:16:23.760363
TXN_000005141,ACC_000799,MER_00024,522.39,INR,success,net_banking,2026-06-11T07:39:40.760363
TXN_000005142,ACC_000594,MER_00178,511.06,INR,success,upi,2026-05-28T02:08:00.760363
TXN_000005143,ACC_000289,MER_00191,93.59,INR,success,net_banking,2026-07-30T21:32:40.760363
TXN_000005144,ACC_000836,MER_00080,135.55,INR,success,card,2026-08-03T00:20:19.760363
TXN_000005145,ACC_000002,MER_00164,99.52,INR,success,upi,2026-06-14T06:59:49.760363
TXN_000005146,ACC_000777,MER_00099,350.28,INR,success,wallet,2026-06-20T11:34:19.760363
TXN_000005147,ACC_000531,MER_00114,67.96,INR,success,card,2026-06-02T13:30:18.760363
TXN_000005148,ACC_000283,MER_00164,208.64,INR,success,wallet,2026-07-17T19:01:52.760363
TXN_000005149,ACC_000773,MER_00141,154.6,INR,success,upi,2026-08-01T21:50:43.760363
TXN_000005150,ACC_000216,MER_00033,90.62,INR,success,card,2026-06-08T15:54:07.760363
TXN_000005151,ACC_000063,MER_00089,349.97,INR,success,card,2026-07-16T03:46:32.760363
TXN_000005152,ACC_000378,MER_00065,1017.86,INR,pending,card,2026-06-28T16:39:14.760363
TXN_000005153,ACC_000821,MER_00063,135.62,INR,success,net_banking,2026-07-18T20:02:45.760363
TXN_000005154,ACC_000794,MER_00126,257.19,INR,failed,card,2026-08-20T19:29:17.760363
TXN_000005155,ACC_000689,MER_00137,191.1,INR,success,card,2026-06-08T00:32:58.760363
TXN_000005156,ACC_000874,MER_00063,615.5,INR,success,net_banking,2026-07-22T21:00:11.760363
TXN_000005157,ACC_000049,MER_00008,146.36,INR,success,upi,2026-08-14T20:10:00.760363
TXN_000005158,ACC_000959,MER_00091,1694.78,INR,success,card,2026-05-27T07:46:47.760363
TXN_000005159,ACC_000713,MER_00150,712.59,INR,success,upi,2026-06-09T20:23:35.760363
TXN_000005160,ACC_000112,MER_00192,137.3,INR,success,wallet,2026-05-29T01:00:44.760363
TXN_000005161,ACC_000466,MER_00092,610.91,INR,success,net_banking,2026-07-19T14:58:55.760363
TXN_000005162,ACC_000276,MER_00009,2969.75,INR,success,wallet,2026-08-22T15:43:20.760363
TXN_000005163,ACC_000439,MER_00036,140.92,INR,success,upi,2026-07-02T18:55:16.760363
TXN_000005164,ACC_000860,MER_00080,173.25,INR,success,upi,2026-07-27T09:18:30.760363
TXN_000005165,ACC_000333,MER_00055,212.12,INR,success,upi,2026-07-26T00:17:22.760363
TXN_000005166,ACC_000413,MER_00160,352.39,INR,success,card,2026-08-08T02:34:14.760363
TXN_000005167,ACC_000783,MER_00169,231.59,INR,failed,wallet,2026-07-21T03:51:33.760363
TXN_000005168,ACC_000896,MER_00009,499.92,INR,success,net_banking,2026-08-22T20:22:59.760363
TXN_000005169,ACC_000221,MER_00063,496.48,INR,success,upi,2026-06-09T18:13:19.760363
TXN_000005170,ACC_000863,MER_00148,752.61,INR,success,wallet,2026-07-26T04:15:21.760363
TXN_000005171,ACC_000299,MER_00178,192.73,INR,success,net_banking,2026-08-23T19:08:27.760363
TXN_000005172,ACC_000828,MER_00135,74.12,INR,success,net_banking,2026-07-02T10:06:19.760363
TXN_000005173,ACC_000439,MER_00179,297.13,INR,success,wallet,2026-08-17T03:03:04.760363
TXN_000005174,ACC_000730,MER_00077,1001.37,INR,success,card,2026-07-19T23:03:44.760363
TXN_000005175,ACC_000538,MER_00113,128.38,INR,success,wallet,2026-07-13T07:08:32.760363
TXN_000005176,ACC_000810,MER_00152,460.43,INR,success,upi,2026-06-13T13:20:31.760363
TXN_000005177,ACC_000105,MER_00161,138.44,INR,success,net_banking,2026-08-12T10:16:25.760363
TXN_000005178,ACC_000581,MER_00121,665.39,INR,success,upi,2026-07-29T15:03:17.760363
TXN_000005179,ACC_000822,MER_00122,106.32,INR,success,net_banking,2026-06-04T22:47:00.760363
TXN_000005180,ACC_000666,MER_00142,100.49,INR,success,wallet,2026-08-03T18:23:47.760363
TXN_000005181,ACC_000258,MER_00111,121.8,INR,pending,net_banking,2026-07-13T07:47:38.760363
TXN_000005182,ACC_000339,MER_00098,141.22,INR,failed,upi,2026-07-03T10:07:14.760363
TXN_000005183,ACC_000216,MER_00055,213.61,INR,success,card,2026-08-11T15:31:09.760363
TXN_000005184,ACC_000480,MER_00154,866.11,INR,success,upi,2026-06-28T23:42:59.760363
TXN_000005185,ACC_000505,MER_00001,416.94,INR,success,net_banking,2026-07-27T15:47:14.760363
TXN_000005186,ACC_000604,MER_00028,251.61,INR,success,card,2026-08-09T06:28:40.760363
TXN_000005187,ACC_000730,MER_00119,77.99,INR,success,wallet,2026-08-14T04:49:42.760363
TXN_000005188,ACC_000425,MER_00088,751.29,INR,success,card,2026-07-12T08:53:51.760363
TXN_000005189,ACC_000209,MER_00095,70.92,INR,pending,net_banking,2026-07-24T04:37:13.760363
TXN_000005190,ACC_000534,MER_00029,45.87,INR,success,upi,2026-06-22T17:01:41.760363
TXN_000005191,ACC_000075,MER_00139,1683.57,INR,success,net_banking,2026-06-25T10:14:58.760363
TXN_000005192,ACC_000719,MER_00070,382.44,INR,failed,net_banking,2026-06-18T03:32:15.760363
TXN_000005193,ACC_000344,MER_00129,158.11,INR,success,upi,2026-08-04T19:40:31.760363
TXN_000005194,ACC_000414,MER_00045,132.03,INR,pending,net_banking,2026-07-06T10:09:40.760363
TXN_000005195,ACC_000282,MER_00105,635.27,INR,success,card,2026-07-03T10:48:14.760363
TXN_000005196,ACC_000737,MER_00131,198.13,INR,success,wallet,2026-06-16T20:23:51.760363
TXN_000005197,ACC_000366,MER_00114,357.08,INR,failed,net_banking,2026-06-04T01:55:14.760363
TXN_000005198,ACC_000871,MER_00063,403.99,INR,success,wallet,2026-07-19T07:33:11.760363
TXN_000005199,ACC_000100,MER_00099,1531.6,INR,success,wallet,2026-07-01T22:33:27.760363
TXN_000005200,ACC_000667,MER_00125,120.19,INR,success,upi,2026-06-07T08:42:17.760363
TXN_000005201,ACC_000184,MER_00172,254.78,INR,success,card,2026-08-04T06:43:34.760363
TXN_000005202,ACC_000285,MER_00068,621.39,INR,success,wallet,2026-06-30T10:57:07.760363
TXN_000005203,ACC_000457,MER_00136,952.75,INR,success,wallet,2026-07-25T16:37:42.760363
TXN_000005204,ACC_000216,MER_00193,471.19,INR,failed,net_banking,2026-08-11T19:56:09.760363
TXN_000005205,ACC_000802,MER_00116,187.83,INR,success,card,2026-08-13T05:12:18.760363
TXN_000005206,ACC_000640,MER_00019,258.09,INR,failed,upi,2026-07-20T12:41:09.760363
TXN_000005207,ACC_000473,MER_00133,38.36,INR,success,wallet,2026-07-13T18:54:10.760363
TXN_000005208,ACC_000187,MER_00171,554.72,INR,success,upi,2026-08-23T18:49:19.760363
TXN_000005209,ACC_000044,MER_00018,184.04,INR,success,net_banking,2026-06-27T13:41:00.760363
TXN_000005210,ACC_000712,MER_00062,91.13,INR,success,upi,2026-06-06T10:32:51.760363
TXN_000005211,ACC_000990,MER_00161,447.28,INR,success,upi,2026-06-18T14:00:47.760363
TXN_000005212,ACC_000195,MER_00028,182.0,INR,success,wallet,2026-07-31T01:32:06.760363
TXN_000005213,ACC_000102,MER_00036,22.99,INR,success,net_banking,2026-08-17T20:59:24.760363
TXN_000005214,ACC_000715,MER_00078,161.8,INR,success,net_banking,2026-05-28T22:52:26.760363
TXN_000005215,ACC_000460,MER_00135,324.4,INR,success,wallet,2026-07-02T23:35:29.760363
TXN_000005216,ACC_000959,MER_00052,91.24,INR,success,upi,2026-07-02T12:54:07.760363
TXN_000005217,ACC_000979,MER_00019,287.65,INR,success,upi,2026-08-03T12:08:47.760363
TXN_000005218,ACC_000659,MER_00173,352.96,INR,success,card,2026-06-27T19:31:53.760363
TXN_000005219,ACC_000638,MER_00181,128.27,INR,success,net_banking,2026-06-15T09:25:56.760363
TXN_000005220,ACC_000402,MER_00024,98.01,INR,success,upi,2026-07-16T21:06:28.760363
TXN_000005221,ACC_000026,MER_00034,855.82,INR,success,net_banking,2026-07-19T01:02:11.760363
TXN_000005222,ACC_000357,MER_00034,94.36,INR,success,net_banking,2026-07-25T08:48:21.760363
TXN_000005223,ACC_000288,MER_00047,185.05,INR,success,card,2026-07-15T10:24:03.760363
TXN_000005224,ACC_000949,MER_00104,189.92,INR,success,upi,2026-06-14T02:26:35.760363
TXN_000005225,ACC_000430,MER_00086,178.48,INR,success,wallet,2026-07-23T20:34:21.760363
TXN_000005226,ACC_000874,MER_00113,113.24,INR,success,wallet,2026-06-26T22:39:12.760363
TXN_000005227,ACC_000747,MER_00182,201.73,INR,success,wallet,2026-07-28T10:28:21.760363
TXN_000005228,ACC_000373,MER_00102,337.69,INR,success,net_banking,2026-07-03T22:19:16.760363
TXN_000005229,ACC_000118,MER_00041,25.48,INR,success,net_banking,2026-08-16T16:59:15.760363
TXN_000005230,ACC_000677,MER_00116,100.4,INR,success,wallet,2026-08-18T08:15:48.760363
TXN_000005231,ACC_000467,MER_00050,183.19,INR,success,wallet,2026-08-13T02:37:59.760363
TXN_000005232,ACC_000288,MER_00170,196.86,INR,success,net_banking,2026-06-06T10:22:26.760363
TXN_000005233,ACC_000737,MER_00122,76.71,INR,success,wallet,2026-06-07T01:34:05.760363
TXN_000005234,ACC_000984,MER_00026,664.76,INR,success,card,2026-08-09T06:55:11.760363
TXN_000005235,ACC_000999,MER_00060,478.81,INR,success,upi,2026-07-14T22:33:08.760363
TXN_000005236,ACC_000461,MER_00053,488.34,INR,success,card,2026-06-26T08:03:12.760363
TXN_000005237,ACC_000388,MER_00046,290.86,INR,success,card,2026-06-18T00:58:39.760363
TXN_000005238,ACC_000912,MER_00043,59.13,INR,success,wallet,2026-06-29T06:36:01.760363
TXN_000005239,ACC_000339,MER_00053,143.69,INR,success,wallet,2026-08-01T02:37:17.760363
TXN_000005240,ACC_000059,MER_00112,261.93,INR,success,wallet,2026-07-09T07:05:03.760363
TXN_000005241,ACC_000298,MER_00079,391.74,INR,success,wallet,2026-06-22T23:15:25.760363
TXN_000005242,ACC_000376,MER_00076,71.21,INR,success,wallet,2026-08-20T23:46:07.760363
TXN_000005243,ACC_000779,MER_00161,228.08,INR,success,upi,2026-07-30T18:06:38.760363
TXN_000005244,ACC_000538,MER_00011,264.63,INR,success,wallet,2026-05-30T04:45:35.760363
TXN_000005245,ACC_000579,MER_00159,365.33,INR,failed,card,2026-06-24T02:06:20.760363
TXN_000005246,ACC_000004,MER_00068,171.38,INR,success,net_banking,2026-08-17T05:14:11.760363
TXN_000005247,ACC_000311,MER_00013,1394.51,INR,success,wallet,2026-07-18T02:37:43.760363
TXN_000005248,ACC_000407,MER_00123,382.94,INR,success,upi,2026-06-29T09:03:58.760363
TXN_000005249,ACC_000679,MER_00200,445.54,INR,success,wallet,2026-06-12T23:55:43.760363
TXN_000005250,ACC_000009,MER_00057,866.79,INR,success,wallet,2026-06-21T18:37:06.760363
TXN_000005251,ACC_000189,MER_00052,164.85,INR,success,upi,2026-07-25T20:46:53.760363
TXN_000005252,ACC_000882,MER_00114,110.7,INR,success,upi,2026-07-21T15:17:07.760363
TXN_000005253,ACC_000740,MER_00007,877.48,INR,success,upi,2026-07-07T01:50:39.760363
TXN_000005254,ACC_000597,MER_00087,663.7,INR,success,wallet,2026-07-24T10:21:43.760363
TXN_000005255,ACC_000518,MER_00005,27.12,INR,success,upi,2026-06-18T01:02:45.760363
TXN_000005256,ACC_000831,MER_00037,933.31,INR,success,upi,2026-08-05T08:12:44.760363
TXN_000005257,ACC_000652,MER_00175,47.9,INR,success,upi,2026-07-08T16:01:10.760363
TXN_000005258,ACC_000668,MER_00002,2025.71,INR,success,wallet,2026-08-24T12:34:00.760363
TXN_000005259,ACC_000747,MER_00027,65.99,INR,success,card,2026-08-18T03:45:55.760363
TXN_000005260,ACC_000327,MER_00187,71.67,INR,success,net_banking,2026-06-06T03:02:41.760363
TXN_000005261,ACC_000631,MER_00194,250.09,INR,success,card,2026-05-29T15:05:47.760363
TXN_000005262,ACC_000693,MER_00197,174.94,INR,success,net_banking,2026-06-13T14:52:49.760363
TXN_000005263,ACC_000614,MER_00056,460.87,INR,success,net_banking,2026-08-19T23:19:42.760363
TXN_000005264,ACC_000277,MER_00004,208.71,INR,success,wallet,2026-08-16T09:31:37.760363
TXN_000005265,ACC_000079,MER_00147,124.85,INR,success,wallet,2026-06-18T02:07:32.760363
TXN_000005266,ACC_000775,MER_00084,706.8,INR,success,net_banking,2026-08-24T14:21:35.760363
TXN_000005267,ACC_000906,MER_00155,531.49,INR,success,card,2026-07-18T14:50:10.760363
TXN_000005268,ACC_000167,MER_00110,654.12,INR,success,wallet,2026-06-24T06:28:45.760363
TXN_000005269,ACC_000791,MER_00096,90.23,INR,success,upi,2026-07-26T01:48:31.760363
TXN_000005270,ACC_000414,MER_00123,4701.35,INR,success,card,2026-07-30T02:35:08.760363
TXN_000005271,ACC_000118,MER_00090,597.95,INR,success,card,2026-07-12T04:02:23.760363
TXN_000005272,ACC_000035,MER_00087,111.59,INR,success,card,2026-07-24T13:52:25.760363
TXN_000005273,ACC_000751,MER_00115,1088.27,INR,success,upi,2026-06-18T22:02:26.760363
TXN_000005274,ACC_000693,MER_00194,307.0,INR,success,wallet,2026-07-10T11:57:14.760363
TXN_000005275,ACC_000740,MER_00047,584.91,INR,success,upi,2026-08-20T06:43:19.760363
TXN_000005276,ACC_000044,MER_00161,29.15,INR,success,net_banking,2026-07-12T03:35:55.760363
TXN_000005277,ACC_000832,MER_00126,266.87,INR,success,card,2026-06-30T12:34:21.760363
TXN_000005278,ACC_000378,MER_00037,191.45,INR,success,card,2026-06-29T06:21:05.760363
TXN_000005279,ACC_000878,MER_00100,317.04,INR,success,net_banking,2026-06-24T21:25:21.760363
TXN_000005280,ACC_000413,MER_00107,145.95,INR,success,upi,2026-06-17T18:37:43.760363
TXN_000005281,ACC_000663,MER_00002,75.62,INR,success,wallet,2026-07-09T01:54:05.760363
TXN_000005282,ACC_000603,MER_00102,178.37,INR,success,net_banking,2026-05-31T16:14:59.760363
TXN_000005283,ACC_000434,MER_00163,182.62,INR,success,upi,2026-07-09T14:26:07.760363
TXN_000005284,ACC_000106,MER_00150,86.25,INR,success,wallet,2026-06-05T22:59:32.760363
TXN_000005285,ACC_000016,MER_00191,674.01,INR,success,card,2026-07-27T04:56:11.760363
TXN_000005286,ACC_000296,MER_00193,241.38,INR,success,card,2026-06-18T22:41:15.760363
TXN_000005287,ACC_000174,MER_00114,46.61,INR,success,upi,2026-08-18T14:16:45.760363
TXN_000005288,ACC_000837,MER_00090,481.15,INR,success,wallet,2026-06-13T06:14:07.760363
TXN_000005289,ACC_000432,MER_00040,761.75,INR,success,card,2026-07-28T04:52:59.760363
TXN_000005290,ACC_000814,MER_00165,557.92,INR,success,net_banking,2026-08-23T09:26:44.760363
TXN_000005291,ACC_000721,MER_00184,143.11,INR,success,wallet,2026-06-30T04:52:51.760363
TXN_000005292,ACC_000167,MER_00063,42.19,INR,success,upi,2026-05-28T02:21:12.760363
TXN_000005293,ACC_000946,MER_00150,113.19,INR,success,card,2026-06-05T16:45:53.760363
TXN_000005294,ACC_000212,MER_00140,76.17,INR,success,net_banking,2026-06-09T14:31:29.760363
TXN_000005295,ACC_000195,MER_00056,1090.04,INR,success,wallet,2026-07-20T01:20:27.760363
TXN_000005296,ACC_000487,MER_00179,511.93,INR,success,upi,2026-07-08T17:33:38.760363
TXN_000005297,ACC_000932,MER_00185,354.18,INR,success,net_banking,2026-06-20T07:35:48.760363
TXN_000005298,ACC_000924,MER_00108,110.8,INR,success,wallet,2026-08-10T11:16:22.760363
TXN_000005299,ACC_000708,MER_00130,509.57,INR,success,card,2026-07-05T15:05:06.760363
TXN_000005300,ACC_000882,MER_00117,2102.51,INR,success,upi,2026-08-09T12:17:39.760363
TXN_000005301,ACC_000996,MER_00034,281.77,INR,success,net_banking,2026-07-02T07:12:19.760363
TXN_000005302,ACC_000148,MER_00190,157.54,INR,success,upi,2026-07-28T14:57:48.760363
TXN_000005303,ACC_000745,MER_00088,326.36,INR,success,wallet,2026-08-20T23:51:01.760363
TXN_000005304,ACC_000077,MER_00001,116.33,INR,success,wallet,2026-07-06T13:57:15.760363
TXN_000005305,ACC_000659,MER_00030,656.48,INR,success,upi,2026-06-27T07:52:25.760363
TXN_000005306,ACC_000595,MER_00147,1196.64,INR,success,upi,2026-05-29T01:08:13.760363
TXN_000005307,ACC_000404,MER_00158,22.23,INR,success,upi,2026-08-04T09:01:22.760363
TXN_000005308,ACC_000282,MER_00050,301.43,INR,success,wallet,2026-06-18T12:18:15.760363
TXN_000005309,ACC_000620,MER_00149,4829.24,INR,success,upi,2026-06-14T07:42:21.760363
TXN_000005310,ACC_000517,MER_00159,1104.37,INR,failed,net_banking,2026-07-24T02:09:59.760363
TXN_000005311,ACC_000797,MER_00104,835.95,INR,success,upi,2026-07-26T03:27:39.760363
TXN_000005312,ACC_000390,MER_00136,433.92,INR,failed,net_banking,2026-07-23T14:37:35.760363
TXN_000005313,ACC_000669,MER_00056,297.68,INR,success,card,2026-08-18T09:14:34.760363
TXN_000005314,ACC_000844,MER_00183,292.57,INR,success,card,2026-06-14T10:15:42.760363
TXN_000005315,ACC_000066,MER_00102,122.93,INR,success,card,2026-06-01T22:30:59.760363
TXN_000005316,ACC_000752,MER_00099,171.4,INR,success,card,2026-08-12T16:44:52.760363
TXN_000005317,ACC_000378,MER_00110,294.08,INR,success,wallet,2026-06-20T09:40:28.760363
TXN_000005318,ACC_000947,MER_00187,307.91,INR,success,upi,2026-08-04T03:16:58.760363
TXN_000005319,ACC_000504,MER_00194,205.52,INR,success,wallet,2026-07-04T09:21:32.760363
TXN_000005320,ACC_000177,MER_00195,88.09,INR,success,net_banking,2026-06-11T08:45:34.760363
TXN_000005321,ACC_000013,MER_00069,140.32,INR,success,net_banking,2026-06-21T13:23:11.760363
TXN_000005322,ACC_000972,MER_00175,564.51,INR,success,net_banking,2026-07-09T04:45:36.760363
TXN_000005323,ACC_000459,MER_00050,229.25,INR,failed,wallet,2026-07-20T05:19:56.760363
TXN_000005324,ACC_000590,MER_00079,266.28,INR,success,card,2026-08-17T03:44:06.760363
TXN_000005325,ACC_000295,MER_00137,169.68,INR,success,wallet,2026-07-08T00:24:49.760363
TXN_000005326,ACC_000634,MER_00185,629.16,INR,success,wallet,2026-05-26T19:58:10.760363
TXN_000005327,ACC_000353,MER_00028,97.13,INR,success,wallet,2026-06-23T17:22:24.760363
TXN_000005328,ACC_000639,MER_00140,181.99,INR,success,card,2026-06-04T16:35:43.760363
TXN_000005329,ACC_000825,MER_00075,177.36,INR,success,wallet,2026-07-23T19:25:09.760363
TXN_000005330,ACC_000263,MER_00100,476.51,INR,success,wallet,2026-08-24T12:58:42.760363
TXN_000005331,ACC_000491,MER_00044,568.79,INR,success,net_banking,2026-08-19T16:12:48.760363
TXN_000005332,ACC_000831,MER_00082,140.39,INR,success,wallet,2026-06-20T16:49:22.760363
TXN_000005333,ACC_000931,MER_00177,126.2,INR,success,net_banking,2026-06-17T19:02:39.760363
TXN_000005334,ACC_000126,MER_00124,396.51,INR,success,upi,2026-06-17T05:44:41.760363
TXN_000005335,ACC_000763,MER_00154,24.62,INR,failed,net_banking,2026-07-09T12:17:03.760363
TXN_000005336,ACC_000563,MER_00190,748.3,INR,success,net_banking,2026-07-15T16:04:48.760363
TXN_000005337,ACC_000120,MER_00005,188.18,INR,success,card,2026-06-28T22:21:01.760363
TXN_000005338,ACC_000981,MER_00181,40.98,INR,success,wallet,2026-06-20T08:01:18.760363
TXN_000005339,ACC_000697,MER_00128,19.62,INR,success,upi,2026-06-04T14:02:53.760363
TXN_000005340,ACC_000828,MER_00052,1691.14,INR,success,card,2026-08-08T02:13:30.760363
TXN_000005341,ACC_000469,MER_00033,652.97,INR,success,upi,2026-07-16T15:50:27.760363
TXN_000005342,ACC_000586,MER_00195,187.03,INR,success,upi,2026-07-01T22:29:41.760363
TXN_000005343,ACC_000631,MER_00082,272.95,INR,success,card,2026-05-28T11:50:56.760363
TXN_000005344,ACC_000246,MER_00096,577.15,INR,success,card,2026-07-15T00:04:23.760363
TXN_000005345,ACC_000929,MER_00166,499.21,INR,success,wallet,2026-05-30T05:03:37.760363
TXN_000005346,ACC_000065,MER_00197,306.76,INR,success,wallet,2026-07-30T12:12:36.760363
TXN_000005347,ACC_000140,MER_00101,209.91,INR,success,net_banking,2026-08-10T01:56:20.760363
TXN_000005348,ACC_000575,MER_00167,629.28,INR,success,net_banking,2026-06-12T07:13:47.760363
TXN_000005349,ACC_000578,MER_00096,49.91,INR,success,card,2026-06-03T06:22:15.760363
TXN_000005350,ACC_000574,MER_00015,2438.5,INR,success,wallet,2026-06-16T18:56:40.760363
TXN_000005351,ACC_000820,MER_00022,145.38,INR,success,net_banking,2026-08-11T16:07:00.760363
TXN_000005352,ACC_000276,MER_00006,39.35,INR,success,card,2026-06-27T11:47:51.760363
TXN_000005353,ACC_000432,MER_00190,176.82,INR,success,card,2026-07-22T08:40:04.760363
TXN_000005354,ACC_000820,MER_00065,119.98,INR,success,net_banking,2026-06-06T19:15:25.760363
TXN_000005355,ACC_000098,MER_00177,237.82,INR,success,upi,2026-06-16T19:24:13.760363
TXN_000005356,ACC_000478,MER_00103,523.51,INR,success,net_banking,2026-06-09T01:59:43.760363
TXN_000005357,ACC_000025,MER_00037,879.02,INR,success,card,2026-07-18T16:46:58.760363
TXN_000005358,ACC_000118,MER_00140,1014.06,INR,success,upi,2026-07-08T08:15:50.760363
TXN_000005359,ACC_000649,MER_00152,125.49,INR,success,card,2026-06-15T17:09:48.760363
TXN_000005360,ACC_000587,MER_00167,94.86,INR,success,wallet,2026-07-13T06:24:34.760363
TXN_000005361,ACC_000706,MER_00045,167.11,INR,success,upi,2026-07-03T13:30:15.760363
TXN_000005362,ACC_000383,MER_00163,814.47,INR,success,card,2026-08-08T14:13:56.760363
TXN_000005363,ACC_000904,MER_00073,515.86,INR,success,card,2026-07-08T11:42:16.760363
TXN_000005364,ACC_000015,MER_00147,164.52,INR,pending,net_banking,2026-08-14T14:53:42.760363
TXN_000005365,ACC_000517,MER_00001,70.62,INR,failed,wallet,2026-07-13T12:52:22.760363
TXN_000005366,ACC_000447,MER_00041,559.0,INR,success,upi,2026-07-22T19:35:01.760363
TXN_000005367,ACC_000876,MER_00094,537.7,INR,failed,upi,2026-06-10T18:13:29.760363
TXN_000005368,ACC_000716,MER_00082,141.15,INR,success,card,2026-07-15T22:30:51.760363
TXN_000005369,ACC_000002,MER_00010,52.54,INR,success,wallet,2026-08-17T20:51:18.760363
TXN_000005370,ACC_000249,MER_00091,208.81,INR,success,wallet,2026-05-31T03:02:54.760363
TXN_000005371,ACC_000729,MER_00096,96.49,INR,success,card,2026-08-12T23:15:49.760363
TXN_000005372,ACC_000853,MER_00056,313.08,INR,success,net_banking,2026-06-10T01:08:53.760363
TXN_000005373,ACC_000580,MER_00132,629.79,INR,success,wallet,2026-05-30T06:28:27.760363
TXN_000005374,ACC_000896,MER_00168,743.2,INR,success,wallet,2026-06-30T22:31:40.760363
TXN_000005375,ACC_000172,MER_00067,496.84,INR,success,net_banking,2026-06-26T02:23:01.760363
TXN_000005376,ACC_000356,MER_00170,47.87,INR,success,upi,2026-06-29T16:48:09.760363
TXN_000005377,ACC_000903,MER_00080,104.67,INR,success,wallet,2026-08-05T06:20:49.760363
TXN_000005378,ACC_000088,MER_00118,336.54,INR,success,upi,2026-06-16T14:49:47.760363
TXN_000005379,ACC_000791,MER_00075,59.77,INR,success,wallet,2026-08-12T07:22:42.760363
TXN_000005380,ACC_000156,MER_00001,129.85,INR,success,upi,2026-06-26T07:38:45.760363
TXN_000005381,ACC_000676,MER_00074,167.07,INR,success,upi,2026-07-19T01:32:44.760363
TXN_000005382,ACC_000185,MER_00092,233.44,INR,success,upi,2026-07-20T03:26:12.760363
TXN_000005383,ACC_000451,MER_00126,606.87,INR,success,wallet,2026-06-20T01:29:38.760363
TXN_000005384,ACC_000381,MER_00121,170.23,INR,success,wallet,2026-08-09T08:10:27.760363
TXN_000005385,ACC_000642,MER_00080,908.85,INR,success,net_banking,2026-06-14T14:00:10.760363
TXN_000005386,ACC_000965,MER_00193,167.7,INR,success,net_banking,2026-06-19T02:50:36.760363
TXN_000005387,ACC_000578,MER_00082,121.08,INR,success,net_banking,2026-07-12T01:56:00.760363
TXN_000005388,ACC_000371,MER_00055,148.23,INR,success,net_banking,2026-08-02T17:26:26.760363
TXN_000005389,ACC_000001,MER_00097,481.74,INR,success,wallet,2026-06-11T01:44:08.760363
TXN_000005390,ACC_000705,MER_00089,607.76,INR,success,upi,2026-08-20T04:04:52.760363
TXN_000005391,ACC_000118,MER_00022,654.35,INR,success,card,2026-06-30T13:16:54.760363
TXN_000005392,ACC_000982,MER_00169,68.75,INR,pending,wallet,2026-07-21T09:25:50.760363
TXN_000005393,ACC_000399,MER_00068,449.83,INR,success,wallet,2026-08-16T07:00:24.760363
TXN_000005394,ACC_000773,MER_00097,205.0,INR,success,upi,2026-07-10T23:41:48.760363
TXN_000005395,ACC_000013,MER_00091,34.51,INR,success,upi,2026-08-09T20:43:46.760363
TXN_000005396,ACC_000031,MER_00186,1495.83,INR,success,upi,2026-06-29T20:13:02.760363
TXN_000005397,ACC_000977,MER_00120,41.27,INR,success,upi,2026-07-20T18:48:58.760363
TXN_000005398,ACC_000103,MER_00058,223.64,INR,success,upi,2026-07-26T00:55:35.760363
TXN_000005399,ACC_000823,MER_00101,154.19,INR,success,card,2026-07-14T01:34:11.760363
TXN_000005400,ACC_000639,MER_00124,324.92,INR,success,card,2026-07-09T02:29:09.760363
TXN_000005401,ACC_000556,MER_00169,170.64,INR,success,net_banking,2026-06-06T10:43:24.760363
TXN_000005402,ACC_000363,MER_00068,102.31,INR,success,upi,2026-07-29T15:32:38.760363
TXN_000005403,ACC_000106,MER_00061,13.93,INR,success,net_banking,2026-06-06T02:30:42.760363
TXN_000005404,ACC_000950,MER_00046,493.77,INR,success,net_banking,2026-07-31T01:04:02.760363
TXN_000005405,ACC_000957,MER_00077,240.13,INR,pending,upi,2026-08-18T03:17:23.760363
TXN_000005406,ACC_000497,MER_00181,511.78,INR,success,card,2026-07-13T14:44:27.760363
TXN_000005407,ACC_000421,MER_00187,71.32,INR,success,net_banking,2026-06-16T00:00:40.760363
TXN_000005408,ACC_000677,MER_00015,687.96,INR,success,card,2026-07-24T13:02:50.760363
TXN_000005409,ACC_000075,MER_00021,1203.53,INR,success,upi,2026-07-16T06:50:04.760363
TXN_000005410,ACC_000839,MER_00046,315.86,INR,success,card,2026-06-20T20:39:43.760363
TXN_000005411,ACC_000671,MER_00056,341.27,INR,success,wallet,2026-06-04T05:48:00.760363
TXN_000005412,ACC_000042,MER_00017,71.94,INR,success,card,2026-07-30T09:05:56.760363
TXN_000005413,ACC_000880,MER_00059,629.58,INR,failed,upi,2026-07-19T20:16:49.760363
TXN_000005414,ACC_000214,MER_00050,215.9,INR,success,card,2026-07-19T17:02:35.760363
TXN_000005415,ACC_000688,MER_00089,104.56,INR,success,net_banking,2026-06-26T16:59:19.760363
TXN_000005416,ACC_000302,MER_00038,511.56,INR,success,net_banking,2026-08-23T10:44:45.760363
TXN_000005417,ACC_000199,MER_00027,725.82,INR,success,upi,2026-07-07T15:02:02.760363
TXN_000005418,ACC_000324,MER_00051,227.08,INR,success,wallet,2026-07-11T06:57:22.760363
TXN_000005419,ACC_000213,MER_00151,65.7,INR,success,net_banking,2026-08-20T10:00:55.760363
TXN_000005420,ACC_000135,MER_00055,98.91,INR,failed,net_banking,2026-08-02T03:16:06.760363
TXN_000005421,ACC_000238,MER_00033,129.92,INR,success,wallet,2026-08-22T07:07:02.760363
TXN_000005422,ACC_000607,MER_00198,142.42,INR,success,upi,2026-06-20T05:32:12.760363
TXN_000005423,ACC_000923,MER_00014,1276.29,INR,success,card,2026-07-04T14:42:59.760363
TXN_000005424,ACC_000386,MER_00159,104.08,INR,success,wallet,2026-06-19T14:10:30.760363
TXN_000005425,ACC_000044,MER_00116,85.22,INR,success,upi,2026-08-10T03:10:35.760363
TXN_000005426,ACC_000667,MER_00074,57.63,INR,success,net_banking,2026-08-08T10:03:10.760363
TXN_000005427,ACC_000739,MER_00191,199.26,INR,success,net_banking,2026-07-30T11:05:50.760363
TXN_000005428,ACC_000691,MER_00184,82.96,INR,success,upi,2026-06-12T02:32:31.760363
TXN_000005429,ACC_000574,MER_00074,92.53,INR,success,upi,2026-08-06T21:01:55.760363
TXN_000005430,ACC_000320,MER_00042,121.96,INR,success,net_banking,2026-05-29T01:36:55.760363
TXN_000005431,ACC_000228,MER_00007,398.15,INR,success,wallet,2026-06-30T07:12:21.760363
TXN_000005432,ACC_000028,MER_00117,22.32,INR,success,wallet,2026-07-15T10:45:58.760363
TXN_000005433,ACC_000052,MER_00153,115.98,INR,success,upi,2026-08-20T19:51:06.760363
TXN_000005434,ACC_000643,MER_00200,273.85,INR,success,card,2026-06-28T19:05:49.760363
TXN_000005435,ACC_000361,MER_00098,183.15,INR,success,upi,2026-07-13T06:37:52.760363
TXN_000005436,ACC_000684,MER_00182,366.57,INR,success,wallet,2026-08-17T16:24:27.760363
TXN_000005437,ACC_000272,MER_00033,68.07,INR,success,card,2026-08-01T03:15:53.760363
TXN_000005438,ACC_000916,MER_00022,48.24,INR,success,wallet,2026-06-16T05:54:17.760363
TXN_000005439,ACC_000510,MER_00167,304.46,INR,success,upi,2026-08-04T20:04:35.760363
TXN_000005440,ACC_000339,MER_00119,124.4,INR,success,net_banking,2026-05-28T01:50:54.760363
TXN_000005441,ACC_000389,MER_00091,441.6,INR,success,upi,2026-07-24T02:05:28.760363
TXN_000005442,ACC_000853,MER_00188,755.44,INR,success,net_banking,2026-08-16T15:04:48.760363
TXN_000005443,ACC_000127,MER_00068,622.33,INR,success,net_banking,2026-06-13T07:49:16.760363
TXN_000005444,ACC_000625,MER_00050,102.58,INR,success,wallet,2026-08-20T00:57:11.760363
TXN_000005445,ACC_000960,MER_00056,419.85,INR,success,wallet,2026-07-02T17:24:33.760363
TXN_000005446,ACC_000827,MER_00059,156.18,INR,success,wallet,2026-07-18T10:59:46.760363
TXN_000005447,ACC_000491,MER_00083,273.33,INR,success,card,2026-06-18T14:34:22.760363
TXN_000005448,ACC_000529,MER_00024,885.53,INR,success,wallet,2026-08-06T16:27:12.760363
TXN_000005449,ACC_000795,MER_00088,34.28,INR,success,wallet,2026-08-22T14:12:11.760363
TXN_000005450,ACC_000651,MER_00090,156.22,INR,success,upi,2026-06-29T06:15:33.760363
TXN_000005451,ACC_000356,MER_00045,417.25,INR,success,net_banking,2026-06-22T01:40:16.760363
TXN_000005452,ACC_000615,MER_00135,64.24,INR,success,card,2026-06-28T18:44:56.760363
TXN_000005453,ACC_000026,MER_00016,64.06,INR,success,wallet,2026-06-15T00:26:52.760363
TXN_000005454,ACC_000067,MER_00196,282.19,INR,success,net_banking,2026-08-18T23:37:48.760363
TXN_000005455,ACC_000334,MER_00044,381.14,INR,success,upi,2026-06-27T10:54:03.760363
TXN_000005456,ACC_000938,MER_00030,388.59,INR,success,upi,2026-08-15T04:33:48.760363
TXN_000005457,ACC_000467,MER_00067,343.19,INR,success,net_banking,2026-06-24T09:33:22.760363
TXN_000005458,ACC_000352,MER_00171,87.19,INR,success,upi,2026-06-29T01:47:09.760363
TXN_000005459,ACC_000974,MER_00186,622.05,INR,success,upi,2026-07-10T19:51:32.760363
TXN_000005460,ACC_000896,MER_00041,256.6,INR,success,net_banking,2026-08-01T08:52:36.760363
TXN_000005461,ACC_000710,MER_00032,97.69,INR,success,upi,2026-07-03T02:05:29.760363
TXN_000005462,ACC_000738,MER_00111,28.42,INR,success,card,2026-06-16T19:24:03.760363
TXN_000005463,ACC_000268,MER_00122,533.12,INR,success,net_banking,2026-06-09T10:19:04.760363
TXN_000005464,ACC_000354,MER_00138,297.28,INR,success,upi,2026-08-08T16:13:49.760363
TXN_000005465,ACC_000552,MER_00130,323.47,INR,success,upi,2026-07-22T11:06:13.760363
TXN_000005466,ACC_000687,MER_00031,114.6,INR,success,card,2026-08-19T03:26:49.760363
TXN_000005467,ACC_000652,MER_00097,105.63,INR,success,card,2026-06-03T01:09:17.760363
TXN_000005468,ACC_000122,MER_00104,105.35,INR,success,wallet,2026-05-26T22:44:40.760363
TXN_000005469,ACC_000683,MER_00140,336.57,INR,success,net_banking,2026-08-23T09:15:55.760363
TXN_000005470,ACC_000121,MER_00137,1416.45,INR,success,wallet,2026-07-18T01:28:57.760363
TXN_000005471,ACC_000556,MER_00018,474.68,INR,success,card,2026-08-11T00:09:53.760363
TXN_000005472,ACC_000110,MER_00075,317.25,INR,success,net_banking,2026-07-20T06:38:08.760363
TXN_000005473,ACC_000976,MER_00039,739.96,INR,success,net_banking,2026-06-08T14:27:30.760363
TXN_000005474,ACC_000885,MER_00090,69.61,INR,success,wallet,2026-07-30T23:28:15.760363
TXN_000005475,ACC_000414,MER_00002,107.58,INR,success,wallet,2026-07-06T16:18:34.760363
TXN_000005476,ACC_000408,MER_00005,1590.9,INR,success,upi,2026-07-01T01:04:29.760363
TXN_000005477,ACC_000183,MER_00088,261.92,INR,success,card,2026-08-11T10:05:36.760363
TXN_000005478,ACC_000834,MER_00107,37.63,INR,success,card,2026-08-03T15:45:03.760363
TXN_000005479,ACC_000437,MER_00128,1082.09,INR,success,upi,2026-06-12T04:38:41.760363
TXN_000005480,ACC_000614,MER_00062,168.5,INR,success,upi,2026-08-03T11:38:51.760363
TXN_000005481,ACC_000879,MER_00140,124.08,INR,success,card,2026-06-11T06:21:29.760363
TXN_000005482,ACC_000760,MER_00077,1438.73,INR,success,net_banking,2026-08-18T22:42:53.760363
TXN_000005483,ACC_000918,MER_00082,92.34,INR,success,wallet,2026-06-11T19:01:32.760363
TXN_000005484,ACC_000928,MER_00083,891.75,INR,success,net_banking,2026-08-02T20:59:07.760363
TXN_000005485,ACC_000031,MER_00153,324.99,INR,success,net_banking,2026-08-14T22:33:42.760363
TXN_000005486,ACC_000100,MER_00041,283.11,INR,failed,upi,2026-06-10T15:09:05.760363
TXN_000005487,ACC_000445,MER_00083,176.8,INR,success,upi,2026-05-27T19:30:09.760363
TXN_000005488,ACC_000615,MER_00052,1505.65,INR,success,upi,2026-06-17T01:30:11.760363
TXN_000005489,ACC_000339,MER_00114,638.35,INR,success,upi,2026-08-22T12:03:59.760363
TXN_000005490,ACC_000961,MER_00009,152.0,INR,success,net_banking,2026-07-21T00:25:03.760363
TXN_000005491,ACC_000636,MER_00063,143.56,INR,success,upi,2026-07-11T20:17:30.760363
TXN_000005492,ACC_000229,MER_00024,110.18,INR,success,wallet,2026-08-03T06:59:47.760363
TXN_000005493,ACC_000382,MER_00107,135.64,INR,success,wallet,2026-07-06T10:36:30.760363
TXN_000005494,ACC_000012,MER_00152,31.35,INR,success,net_banking,2026-07-08T13:45:07.760363
TXN_000005495,ACC_000502,MER_00190,71.9,INR,success,wallet,2026-06-17T18:21:59.760363
TXN_000005496,ACC_000323,MER_00084,471.25,INR,success,wallet,2026-08-13T11:16:04.760363
TXN_000005497,ACC_000722,,59.79,INR,success,wallet,2026-05-26T20:32:19.760363
TXN_000005498,ACC_000329,MER_00094,195.75,INR,success,card,2026-06-21T21:58:04.760363
TXN_000005499,ACC_000237,MER_00040,219.64,INR,success,upi,2026-06-10T23:11:16.760363
TXN_000005500,ACC_000947,MER_00129,306.68,INR,success,card,2026-06-05T02:35:37.760363
TXN_000005501,ACC_000796,MER_00198,161.46,INR,pending,net_banking,2026-06-03T01:56:14.760363
TXN_000005502,ACC_000986,MER_00133,75.44,INR,success,card,2026-06-15T23:02:53.760363
TXN_000005503,ACC_000061,MER_00198,96.43,INR,failed,upi,2026-07-30T20:20:17.760363
TXN_000005504,ACC_000616,MER_00086,657.02,INR,success,card,2026-06-29T17:22:13.760363
TXN_000005505,ACC_000296,MER_00072,368.2,INR,success,upi,2026-07-08T04:54:12.760363
TXN_000005506,ACC_000605,MER_00187,741.95,INR,success,net_banking,2026-07-07T03:44:09.760363
TXN_000005507,ACC_000397,MER_00103,468.51,INR,success,wallet,2026-07-18T01:49:47.760363
TXN_000005508,ACC_000922,MER_00037,517.69,INR,success,card,2026-08-15T13:53:49.760363
TXN_000005509,ACC_000347,MER_00147,67.38,INR,success,upi,2026-05-28T23:42:59.760363
TXN_000005510,ACC_000263,MER_00057,118.71,INR,failed,upi,2026-07-15T10:36:13.760363
TXN_000005511,ACC_000026,MER_00140,155.89,INR,failed,wallet,2026-07-14T08:50:14.760363
TXN_000005512,ACC_000119,MER_00029,173.43,INR,success,card,2026-08-01T21:38:14.760363
TXN_000005513,ACC_000555,MER_00065,146.42,INR,success,wallet,2026-07-05T14:08:52.760363
TXN_000005514,ACC_000542,MER_00169,532.29,INR,success,net_banking,2026-06-18T03:50:57.760363
TXN_000005515,ACC_000585,MER_00177,3398.45,INR,success,card,2026-06-06T08:12:44.760363
TXN_000005516,ACC_000715,MER_00005,1653.94,INR,success,wallet,2026-06-28T05:02:31.760363
TXN_000005517,ACC_000025,MER_00009,261.19,INR,success,card,2026-06-03T21:57:53.760363
TXN_000005518,ACC_000451,MER_00155,414.37,INR,success,net_banking,2026-07-03T05:31:22.760363
TXN_000005519,ACC_000337,MER_00082,277.44,INR,success,net_banking,2026-06-03T16:56:40.760363
TXN_000005520,ACC_000400,MER_00166,357.69,INR,success,wallet,2026-07-09T20:57:36.760363
TXN_000005521,ACC_000465,MER_00165,572.93,INR,success,net_banking,2026-08-07T10:11:46.760363
TXN_000005522,ACC_000844,MER_00181,115.3,INR,failed,wallet,2026-07-03T12:44:06.760363
TXN_000005523,ACC_000810,MER_00135,585.51,INR,success,upi,2026-08-18T23:20:57.760363
TXN_000005524,ACC_000678,MER_00145,1069.18,INR,success,wallet,2026-06-07T14:58:33.760363
TXN_000005525,ACC_000860,MER_00157,326.29,INR,success,card,2026-07-05T17:14:20.760363
TXN_000005526,ACC_000129,MER_00152,129.91,INR,success,net_banking,2026-08-10T12:56:01.760363
TXN_000005527,ACC_000627,MER_00126,236.39,INR,success,upi,2026-06-23T02:57:39.760363
TXN_000005528,ACC_000249,MER_00095,722.86,INR,success,wallet,2026-06-20T14:05:11.760363
TXN_000005529,ACC_000801,MER_00138,190.76,INR,success,net_banking,2026-08-24T17:43:45.760363
TXN_000005530,ACC_000930,MER_00008,240.88,INR,success,net_banking,2026-06-02T22:14:43.760363
TXN_000005531,ACC_000437,MER_00176,140.7,INR,success,net_banking,2026-06-28T06:30:12.760363
TXN_000005532,ACC_000202,MER_00043,101.3,INR,success,upi,2026-05-27T21:32:17.760363
TXN_000005533,ACC_000324,MER_00188,933.17,INR,success,net_banking,2026-07-31T23:06:22.760363
TXN_000005534,ACC_000535,MER_00002,370.1,INR,success,net_banking,2026-06-02T04:57:48.760363
TXN_000005535,ACC_000285,MER_00182,148.88,INR,success,card,2026-08-15T02:42:11.760363
TXN_000005536,ACC_000816,MER_00009,104.26,INR,success,net_banking,2026-08-02T05:34:27.760363
TXN_000005537,ACC_000800,MER_00148,47.71,INR,success,upi,2026-08-21T10:24:33.760363
TXN_000005538,ACC_000838,MER_00151,655.32,INR,success,card,2026-08-03T08:55:24.760363
TXN_000005539,ACC_000570,MER_00038,736.99,INR,success,upi,2026-07-02T13:33:05.760363
TXN_000005540,ACC_000545,MER_00114,297.07,INR,success,upi,2026-08-09T19:39:17.760363
TXN_000005541,ACC_000714,MER_00006,426.32,INR,failed,wallet,2026-08-12T05:06:10.760363
TXN_000005542,ACC_000902,MER_00092,1369.17,INR,success,upi,2026-05-30T14:26:06.760363
TXN_000005543,ACC_000658,MER_00127,47.61,INR,success,net_banking,2026-06-08T04:09:30.760363
TXN_000005544,ACC_000865,MER_00163,159.86,INR,success,wallet,2026-05-30T09:23:27.760363
TXN_000005545,ACC_000158,MER_00194,384.46,INR,success,upi,2026-06-16T23:31:00.760363
TXN_000005546,ACC_000025,MER_00191,196.64,INR,success,card,2026-07-23T18:37:59.760363
TXN_000005547,ACC_000216,MER_00032,193.76,INR,success,net_banking,2026-06-13T01:38:51.760363
TXN_000005548,ACC_000577,MER_00160,128.28,INR,success,wallet,2026-07-04T05:39:48.760363
TXN_000005549,ACC_000507,MER_00071,516.06,INR,success,wallet,2026-07-14T17:55:02.760363
TXN_000005550,ACC_000853,MER_00148,150.13,INR,success,upi,2026-07-05T22:42:56.760363
TXN_000005551,ACC_000623,MER_00166,213.96,INR,success,net_banking,2026-07-08T03:01:29.760363
TXN_000005552,ACC_000972,MER_00086,161.03,INR,success,wallet,2026-08-12T05:54:34.760363
TXN_000005553,ACC_000353,MER_00137,37.96,INR,success,upi,2026-07-14T10:56:24.760363
TXN_000005554,ACC_000566,MER_00150,189.17,INR,success,net_banking,2026-06-12T03:56:31.760363
TXN_000005555,ACC_000423,MER_00186,147.18,INR,success,card,2026-08-06T14:47:59.760363
TXN_000005556,ACC_000759,MER_00110,74.31,INR,success,upi,2026-06-12T04:20:54.760363
TXN_000005557,ACC_000358,MER_00103,351.78,INR,success,net_banking,2026-08-21T19:38:00.760363
TXN_000005558,ACC_000175,MER_00166,121.8,INR,success,wallet,2026-05-29T03:18:11.760363
TXN_000005559,ACC_000447,MER_00124,125.5,INR,failed,net_banking,2026-06-21T21:39:47.760363
TXN_000005560,ACC_000621,MER_00076,178.24,INR,success,card,2026-06-03T01:44:07.760363
TXN_000005561,ACC_000513,MER_00067,2034.07,INR,success,upi,2026-07-29T23:05:17.760363
TXN_000005562,ACC_000372,MER_00136,122.1,INR,success,upi,2026-07-18T20:23:32.760363
TXN_000005563,ACC_000318,MER_00105,131.63,INR,success,upi,2026-07-28T12:52:15.760363
TXN_000005564,ACC_000944,MER_00191,135.17,INR,success,wallet,2026-07-28T14:56:32.760363
TXN_000005565,ACC_000874,MER_00132,131.16,INR,success,card,2026-08-12T01:37:17.760363
TXN_000005566,ACC_000091,MER_00119,1492.31,INR,success,card,2026-07-31T02:19:16.760363
TXN_000005567,ACC_000984,MER_00022,30.13,INR,success,upi,2026-07-03T20:49:35.760363
TXN_000005568,ACC_000907,MER_00176,115.66,INR,success,upi,2026-05-30T08:54:37.760363
TXN_000005569,ACC_000718,MER_00192,15.71,INR,success,card,2026-07-14T12:27:04.760363
TXN_000005570,ACC_000318,MER_00049,260.33,INR,success,wallet,2026-08-09T07:24:07.760363
TXN_000005571,ACC_000981,MER_00149,856.63,INR,success,upi,2026-07-02T10:20:21.760363
TXN_000005572,ACC_000793,MER_00036,2502.24,INR,success,net_banking,2026-05-29T23:17:17.760363
TXN_000005573,ACC_000208,MER_00074,1391.66,INR,success,card,2026-08-20T22:01:45.760363
TXN_000005574,ACC_000679,MER_00055,265.5,INR,success,card,2026-05-31T22:20:40.760363
TXN_000005575,ACC_000847,MER_00034,233.06,INR,success,net_banking,2026-06-20T07:01:37.760363
TXN_000005576,ACC_000495,MER_00180,487.68,INR,success,net_banking,2026-06-17T21:07:23.760363
TXN_000005577,ACC_000488,MER_00171,697.42,INR,success,card,2026-08-03T19:20:33.760363
TXN_000005578,ACC_000004,MER_00067,240.42,INR,success,wallet,2026-08-06T22:58:20.760363
TXN_000005579,ACC_000764,MER_00180,226.09,INR,success,net_banking,2026-06-12T07:59:36.760363
TXN_000005580,ACC_000444,MER_00031,1420.71,INR,success,net_banking,2026-07-10T07:00:58.760363
TXN_000005581,ACC_000878,MER_00030,86.27,INR,success,net_banking,2026-06-26T07:32:11.760363
TXN_000005582,ACC_000523,MER_00189,289.74,INR,success,wallet,2026-07-18T08:29:39.760363
TXN_000005583,ACC_000392,MER_00011,141.24,INR,success,card,2026-07-16T13:09:51.760363
TXN_000005584,ACC_000897,MER_00017,429.51,INR,success,card,2026-06-27T11:10:32.760363
TXN_000005585,ACC_000552,MER_00149,134.61,INR,success,upi,2026-05-29T04:17:17.760363
TXN_000005586,ACC_000624,MER_00098,545.79,INR,success,net_banking,2026-07-21T02:00:19.760363
TXN_000005587,ACC_000517,MER_00107,91.92,INR,success,upi,2026-07-09T20:30:44.760363
TXN_000005588,ACC_000684,MER_00118,145.44,INR,success,wallet,2026-07-19T02:54:37.760363
TXN_000005589,ACC_000254,MER_00098,37.69,INR,success,net_banking,2026-07-11T10:01:51.760363
TXN_000005590,ACC_000740,MER_00021,248.87,INR,success,wallet,2026-07-02T20:09:26.760363
TXN_000005591,ACC_000097,MER_00089,349.28,INR,success,card,2026-06-27T15:26:24.760363
TXN_000005592,ACC_000469,MER_00077,1250.76,INR,success,wallet,2026-07-09T06:16:35.760363
TXN_000005593,ACC_000614,MER_00045,387.91,INR,success,upi,2026-08-15T21:21:18.760363
TXN_000005594,ACC_000299,MER_00040,130.03,INR,success,card,2026-07-31T17:16:11.760363
TXN_000005595,ACC_000102,MER_00017,189.57,INR,success,upi,2026-08-12T19:42:30.760363
TXN_000005596,ACC_000221,,170.68,INR,success,net_banking,2026-05-31T13:25:08.760363
TXN_000005597,ACC_000258,MER_00136,152.3,INR,success,upi,2026-06-24T21:51:53.760363
TXN_000005598,ACC_000814,MER_00033,73.21,INR,success,upi,2026-07-03T14:17:32.760363
TXN_000005599,ACC_000559,MER_00060,174.19,INR,success,net_banking,2026-06-15T02:58:01.760363
TXN_000005600,ACC_000665,MER_00050,1084.28,INR,success,upi,2026-08-17T21:11:51.760363
TXN_000005601,ACC_000365,MER_00189,116.12,INR,success,net_banking,2026-06-04T03:50:51.760363
TXN_000005602,ACC_000055,MER_00016,316.79,INR,success,upi,2026-05-28T11:12:53.760363
TXN_000005603,ACC_000257,MER_00180,500.65,INR,success,card,2026-07-23T13:33:51.760363
TXN_000005604,ACC_000412,MER_00145,21.0,INR,success,card,2026-07-30T13:18:32.760363
TXN_000005605,ACC_000818,MER_00075,104.87,INR,success,card,2026-08-18T00:09:02.760363
TXN_000005606,ACC_000231,MER_00157,150.8,INR,success,upi,2026-06-18T16:10:51.760363
TXN_000005607,ACC_000454,MER_00057,24.9,INR,success,upi,2026-07-04T07:30:28.760363
TXN_000005608,ACC_000652,MER_00021,296.94,INR,success,upi,2026-06-04T16:42:34.760363
TXN_000005609,ACC_000049,MER_00101,99.81,INR,success,card,2026-08-02T13:47:56.760363
TXN_000005610,ACC_000490,MER_00070,306.48,INR,success,card,2026-05-30T06:19:36.760363
TXN_000005611,ACC_000852,MER_00135,370.58,INR,success,card,2026-08-05T12:12:02.760363
TXN_000005612,ACC_000507,MER_00165,713.56,INR,success,wallet,2026-07-10T23:19:08.760363
TXN_000005613,ACC_000428,MER_00031,204.81,INR,success,wallet,2026-08-13T03:32:44.760363
TXN_000005614,ACC_000259,MER_00151,1125.18,INR,success,upi,2026-06-30T03:11:45.760363
TXN_000005615,ACC_000990,MER_00046,100.88,INR,success,upi,2026-06-10T18:54:53.760363
TXN_000005616,ACC_000554,MER_00012,227.46,INR,success,upi,2026-07-29T16:05:17.760363
TXN_000005617,ACC_000766,MER_00021,236.88,INR,success,upi,2026-08-08T21:05:22.760363
TXN_000005618,ACC_000629,MER_00038,233.97,INR,success,net_banking,2026-08-03T21:54:29.760363
TXN_000005619,ACC_000486,MER_00109,594.42,INR,success,card,2026-07-09T02:20:58.760363
TXN_000005620,ACC_000028,MER_00041,83.57,INR,success,upi,2026-07-19T02:19:58.760363
TXN_000005621,ACC_000280,MER_00034,157.25,INR,success,card,2026-07-06T00:52:17.760363
TXN_000005622,ACC_000440,MER_00123,259.14,INR,success,upi,2026-05-26T18:47:58.760363
TXN_000005623,ACC_000767,MER_00134,61.55,INR,failed,wallet,2026-05-31T08:38:11.760363
TXN_000005624,ACC_000031,MER_00114,432.65,INR,success,net_banking,2026-08-23T00:43:26.760363
TXN_000005625,ACC_000916,MER_00145,54.54,INR,success,card,2026-08-15T01:45:20.760363
TXN_000005626,ACC_000918,MER_00014,488.82,INR,success,wallet,2026-08-10T16:48:24.760363
TXN_000005627,ACC_000599,MER_00041,378.15,INR,success,upi,2026-06-30T08:29:10.760363
TXN_000005628,ACC_000823,MER_00135,645.75,INR,success,card,2026-07-12T07:07:17.760363
TXN_000005629,ACC_000363,MER_00130,118.65,INR,success,card,2026-06-10T22:16:52.760363
TXN_000005630,ACC_000273,MER_00198,15.85,INR,success,card,2026-07-26T04:19:09.760363
TXN_000005631,ACC_000314,MER_00073,161.8,INR,success,upi,2026-08-15T07:20:50.760363
TXN_000005632,ACC_000343,MER_00114,432.7,INR,success,wallet,2026-06-03T21:45:05.760363
TXN_000005633,ACC_000420,MER_00128,1458.03,INR,success,wallet,2026-08-24T03:47:18.760363
TXN_000005634,ACC_000923,MER_00162,802.8,INR,success,upi,2026-07-15T15:07:38.760363
TXN_000005635,ACC_000897,MER_00072,60.91,INR,success,upi,2026-07-20T03:48:08.760363
TXN_000005636,ACC_000161,MER_00090,240.67,INR,success,net_banking,2026-07-09T12:14:54.760363
TXN_000005637,ACC_000743,MER_00067,143.5,INR,success,card,2026-08-07T06:02:27.760363
TXN_000005638,ACC_000466,MER_00113,136.41,INR,success,card,2026-06-23T17:48:51.760363
TXN_000005639,ACC_000214,MER_00103,517.72,INR,success,wallet,2026-08-06T11:44:08.760363
TXN_000005640,ACC_000763,MER_00018,188.17,INR,success,wallet,2026-06-01T17:55:24.760363
TXN_000005641,ACC_000748,MER_00094,242.29,INR,success,upi,2026-06-16T10:34:49.760363
TXN_000005642,ACC_000438,MER_00054,292.08,INR,success,card,2026-08-02T17:17:34.760363
TXN_000005643,ACC_000783,MER_00059,244.09,INR,success,card,2026-07-24T17:30:02.760363
TXN_000005644,ACC_000190,MER_00083,584.69,INR,success,upi,2026-05-31T00:05:12.760363
TXN_000005645,ACC_000739,MER_00049,147.27,INR,success,upi,2026-08-08T07:08:42.760363
TXN_000005646,ACC_000324,MER_00015,475.15,INR,success,net_banking,2026-07-03T01:20:40.760363
TXN_000005647,ACC_000665,MER_00078,785.94,INR,success,wallet,2026-08-10T14:43:16.760363
TXN_000005648,,MER_00032,996.12,INR,success,net_banking,2026-07-11T09:18:18.760363
TXN_000005649,ACC_000275,MER_00096,309.52,INR,success,upi,2026-06-07T07:05:32.760363
TXN_000005650,ACC_000674,MER_00143,486.54,INR,success,net_banking,2026-05-30T06:55:57.760363
TXN_000005651,ACC_000830,MER_00035,128.27,INR,success,card,2026-06-10T10:16:24.760363
TXN_000005652,ACC_000841,MER_00141,249.56,INR,success,net_banking,2026-07-21T06:05:36.760363
TXN_000005653,ACC_000933,MER_00052,303.39,INR,success,net_banking,2026-08-13T09:15:35.760363
TXN_000005654,ACC_000785,MER_00199,295.46,INR,success,card,2026-06-16T19:17:19.760363
TXN_000005655,ACC_000288,MER_00057,2362.73,INR,success,upi,2026-07-27T17:59:07.760363
TXN_000005656,ACC_000875,MER_00080,116.86,INR,failed,upi,2026-07-09T23:29:42.760363
TXN_000005657,ACC_000046,MER_00010,226.13,INR,success,net_banking,2026-06-06T04:43:59.760363
TXN_000005658,ACC_000299,MER_00049,139.36,INR,success,card,2026-08-11T04:04:30.760363
TXN_000005659,ACC_000170,MER_00173,65.19,INR,success,wallet,2026-06-13T15:33:25.760363
TXN_000005660,ACC_000880,MER_00114,160.18,INR,success,wallet,2026-07-06T13:06:48.760363
TXN_000005661,ACC_000943,MER_00121,296.55,INR,success,card,2026-06-30T19:00:57.760363
TXN_000005662,ACC_000673,MER_00107,464.13,INR,success,net_banking,2026-08-19T03:11:35.760363
TXN_000005663,ACC_000169,MER_00185,417.08,INR,success,upi,2026-07-30T13:33:56.760363
TXN_000005664,ACC_000199,MER_00113,244.19,INR,success,card,2026-06-17T18:49:59.760363
TXN_000005665,ACC_000663,MER_00081,389.51,INR,success,upi,2026-06-14T02:44:36.760363
TXN_000005666,ACC_000268,MER_00013,154.68,INR,success,card,2026-06-18T00:53:56.760363
TXN_000005667,ACC_000313,MER_00156,116.54,INR,success,upi,2026-08-01T18:42:00.760363
TXN_000005668,ACC_000927,MER_00029,148.73,INR,success,card,2026-07-16T19:56:20.760363
TXN_000005669,ACC_000710,MER_00062,618.04,INR,success,upi,2026-08-13T13:18:29.760363
TXN_000005670,ACC_000716,MER_00152,476.77,INR,success,upi,2026-06-09T09:39:30.760363
TXN_000005671,ACC_000302,MER_00185,139.66,INR,success,net_banking,2026-06-12T00:16:49.760363
TXN_000005672,ACC_000931,MER_00061,304.16,INR,success,wallet,2026-07-17T13:49:42.760363
TXN_000005673,ACC_000341,MER_00026,264.93,INR,success,net_banking,2026-07-09T13:32:50.760363
TXN_000005674,ACC_000692,MER_00186,107.4,INR,success,net_banking,2026-08-19T04:27:33.760363
TXN_000005675,ACC_000142,MER_00139,403.06,INR,failed,upi,2026-06-08T23:54:47.760363
TXN_000005676,ACC_000111,MER_00118,65.26,INR,success,card,2026-07-16T19:48:12.760363
TXN_000005677,ACC_000843,MER_00112,220.52,INR,success,card,2026-06-14T04:19:12.760363
TXN_000005678,ACC_000780,MER_00154,551.06,INR,success,upi,2026-06-08T02:57:49.760363
TXN_000005679,ACC_000345,MER_00117,-500.00,INR,success,upi,2026-05-27T12:45:26.760363
TXN_000005680,ACC_000006,MER_00101,1357.69,INR,success,upi,2026-08-03T01:10:30.760363
TXN_000005681,ACC_000468,MER_00076,112.56,INR,success,wallet,2026-08-06T19:12:06.760363
TXN_000005682,ACC_000580,MER_00097,202.48,INR,success,upi,2026-08-11T23:37:11.760363
TXN_000005683,ACC_000595,MER_00120,202.84,INR,success,wallet,2026-06-11T15:17:42.760363
TXN_000005684,ACC_000192,MER_00094,671.64,INR,success,card,2026-06-29T01:08:11.760363
TXN_000005685,ACC_000729,MER_00173,1295.05,INR,success,upi,2026-07-17T12:39:44.760363
TXN_000005686,ACC_000493,MER_00056,177.59,INR,success,card,2026-08-09T03:42:04.760363
TXN_000005687,ACC_000830,MER_00168,121.35,INR,success,wallet,2026-06-04T19:52:06.760363
TXN_000005688,ACC_000143,MER_00093,239.0,INR,success,card,2026-08-13T21:30:46.760363
TXN_000005689,ACC_000154,MER_00160,267.04,INR,success,card,2026-07-24T06:14:07.760363
TXN_000005690,ACC_000135,MER_00146,220.12,INR,success,upi,2026-06-28T11:21:58.760363
TXN_000005691,ACC_000967,MER_00198,420.27,INR,success,net_banking,2026-07-21T14:54:14.760363
TXN_000005692,ACC_000729,MER_00162,448.69,INR,success,net_banking,2026-06-22T01:54:57.760363
TXN_000005693,ACC_000335,MER_00097,89.53,INR,success,wallet,2026-06-26T06:23:31.760363
TXN_000005694,ACC_000145,MER_00196,63.32,INR,success,wallet,2026-08-15T05:46:46.760363
TXN_000005695,ACC_000994,MER_00121,37.83,INR,success,wallet,2026-07-05T05:50:15.760363
TXN_000005696,ACC_000614,MER_00051,206.7,INR,success,upi,2026-07-09T14:27:47.760363
TXN_000005697,ACC_000338,MER_00054,274.14,INR,success,card,2026-06-04T16:38:04.760363
TXN_000005698,ACC_000164,MER_00083,157.01,INR,success,net_banking,2026-08-02T19:31:43.760363
TXN_000005699,ACC_000358,MER_00047,136.71,INR,success,net_banking,2026-06-25T22:29:13.760363
TXN_000005700,ACC_000461,MER_00050,555.02,INR,success,upi,2026-06-05T22:52:29.760363
TXN_000005701,ACC_000980,MER_00130,138.94,INR,success,wallet,2026-08-01T17:53:57.760363
TXN_000005702,ACC_000452,MER_00084,761.08,INR,success,wallet,2026-07-21T15:00:04.760363
TXN_000005703,ACC_000929,MER_00107,240.21,INR,failed,card,2026-07-29T12:14:12.760363
TXN_000005704,ACC_000686,MER_00137,226.33,INR,success,wallet,2026-06-18T09:20:11.760363
TXN_000005705,ACC_000277,MER_00040,305.33,INR,success,wallet,2026-07-07T23:22:52.760363
TXN_000005706,ACC_000116,MER_00095,175.9,INR,success,net_banking,2026-08-19T09:40:09.760363
TXN_000005707,ACC_000862,MER_00010,185.67,INR,success,net_banking,2026-05-27T10:39:28.760363
TXN_000005708,ACC_000357,MER_00023,186.22,INR,success,card,2026-06-02T18:15:27.760363
TXN_000005709,ACC_000416,MER_00098,334.12,INR,success,net_banking,2026-08-04T20:35:30.760363
TXN_000005710,ACC_000678,MER_00158,181.61,INR,success,wallet,2026-08-09T07:04:19.760363
TXN_000005711,ACC_000026,MER_00023,778.07,INR,pending,wallet,2026-07-04T18:41:02.760363
TXN_000005712,ACC_000846,MER_00044,89.73,INR,success,net_banking,2026-08-13T09:38:48.760363
TXN_000005713,ACC_000980,MER_00124,406.34,INR,success,net_banking,2026-06-29T08:05:26.760363
TXN_000005714,ACC_000982,MER_00114,32.06,INR,success,upi,2026-08-24T11:52:54.760363
TXN_000005715,ACC_000262,MER_00053,142.2,INR,success,wallet,2026-08-04T18:38:20.760363
TXN_000005716,ACC_000015,MER_00023,75.22,INR,success,wallet,2026-08-10T20:08:49.760363
TXN_000005717,ACC_000124,MER_00045,332.56,INR,failed,card,2026-07-21T09:33:19.760363
TXN_000005718,ACC_000243,MER_00196,124.7,INR,pending,card,2026-07-11T19:22:46.760363
TXN_000005719,ACC_000836,MER_00162,282.54,INR,success,card,2026-07-27T01:56:12.760363
TXN_000005720,ACC_000288,MER_00196,763.64,INR,success,upi,2026-08-14T18:00:11.760363
TXN_000005721,ACC_000350,MER_00010,65.41,INR,success,net_banking,2026-06-10T18:20:02.760363
TXN_000005722,ACC_000431,MER_00045,797.82,INR,success,upi,2026-06-15T22:26:19.760363
TXN_000005723,ACC_000123,MER_00111,524.82,INR,success,card,2026-06-01T00:27:44.760363
TXN_000005724,ACC_000151,MER_00008,194.89,INR,success,card,2026-08-04T13:54:13.760363
TXN_000005725,ACC_000536,MER_00043,116.55,INR,success,card,2026-07-25T01:49:43.760363
TXN_000005726,ACC_000983,MER_00052,406.79,INR,success,upi,2026-06-25T01:00:17.760363
TXN_000005727,ACC_000367,MER_00084,1142.0,INR,success,net_banking,2026-07-18T01:54:53.760363
TXN_000005728,ACC_000772,MER_00008,253.4,INR,success,card,2026-06-30T13:53:48.760363
TXN_000005729,ACC_000376,MER_00061,870.6,INR,success,upi,2026-06-28T13:26:01.760363
TXN_000005730,ACC_000476,MER_00149,207.99,INR,success,net_banking,2026-07-31T08:47:52.760363
TXN_000005731,ACC_000254,MER_00176,733.03,INR,success,upi,2026-07-02T03:53:48.760363
TXN_000005732,ACC_000724,MER_00090,159.55,INR,success,wallet,2026-06-18T07:15:41.760363
TXN_000005733,ACC_000900,MER_00153,2398.84,INR,success,wallet,2026-07-10T15:53:18.760363
TXN_000005734,ACC_000792,MER_00164,160.52,INR,success,upi,2026-07-05T22:06:21.760363
TXN_000005735,ACC_000142,MER_00143,447.58,INR,success,card,2026-08-09T22:57:40.760363
TXN_000005736,ACC_000263,MER_00091,107.32,INR,success,upi,2026-07-01T02:34:53.760363
TXN_000005737,ACC_000937,MER_00026,148.25,INR,pending,wallet,2026-07-07T21:05:19.760363
TXN_000005738,ACC_000852,MER_00172,1499.67,INR,success,upi,2026-06-28T17:18:45.760363
TXN_000005739,ACC_000748,MER_00087,2517.14,INR,pending,wallet,2026-07-02T20:11:06.760363
TXN_000005740,ACC_000965,MER_00141,479.76,INR,success,net_banking,2026-08-09T23:23:55.760363
TXN_000005741,ACC_000798,MER_00029,606.13,INR,success,net_banking,2026-05-28T01:04:43.760363
TXN_000005742,ACC_000471,MER_00003,594.77,INR,success,upi,2026-05-31T07:06:24.760363
TXN_000005743,ACC_000866,MER_00175,177.75,INR,success,upi,2026-07-16T10:36:10.760363
TXN_000005744,ACC_000435,MER_00184,366.55,INR,failed,upi,2026-06-16T19:18:25.760363
TXN_000005745,ACC_000123,MER_00015,163.34,INR,success,net_banking,2026-08-11T20:30:22.760363
TXN_000005746,ACC_000237,MER_00154,229.68,INR,failed,net_banking,2026-07-02T13:42:03.760363
TXN_000005747,ACC_000989,MER_00130,398.37,INR,pending,net_banking,2026-07-28T20:00:53.760363
TXN_000005748,ACC_000703,MER_00045,87.99,INR,success,upi,2026-08-12T18:20:51.760363
TXN_000005749,ACC_000167,MER_00083,125.9,INR,success,card,2026-06-28T18:58:22.760363
TXN_000005750,ACC_000096,MER_00007,298.97,INR,success,card,2026-07-21T23:41:23.760363
TXN_000005751,ACC_000227,MER_00067,1396.64,INR,success,net_banking,2026-07-09T06:54:13.760363
TXN_000005752,ACC_000587,MER_00147,946.91,INR,success,upi,2026-07-29T20:01:34.760363
TXN_000005753,ACC_000087,MER_00163,634.11,INR,success,upi,2026-08-12T18:17:02.760363
TXN_000005754,ACC_000068,MER_00044,216.39,INR,success,card,2026-07-26T20:12:00.760363
TXN_000005755,ACC_000809,MER_00165,185.84,INR,success,net_banking,2026-06-01T13:47:09.760363
TXN_000005756,ACC_000404,MER_00186,341.03,INR,success,upi,2026-07-04T08:14:39.760363
TXN_000005757,ACC_000828,MER_00079,715.26,INR,success,net_banking,2026-08-18T10:21:37.760363
TXN_000005758,ACC_000926,MER_00143,77.4,INR,success,wallet,2026-06-05T02:01:31.760363
TXN_000005759,ACC_000823,MER_00089,101.45,INR,success,card,2026-07-15T20:14:54.760363
TXN_000005760,ACC_000599,MER_00176,121.15,INR,success,wallet,2026-06-09T21:42:10.760363
TXN_000005761,ACC_000997,MER_00079,205.0,INR,success,wallet,2026-08-16T19:53:22.760363
TXN_000005762,ACC_000067,MER_00168,520.3,INR,failed,card,2026-06-16T07:12:14.760363
TXN_000005763,ACC_000350,MER_00130,340.48,INR,success,upi,2026-06-30T19:50:05.760363
TXN_000005764,ACC_000171,MER_00054,127.78,INR,success,upi,2026-08-13T13:22:47.760363
TXN_000005765,ACC_000619,MER_00032,212.76,INR,success,wallet,2026-06-22T11:48:35.760363
TXN_000005766,ACC_000130,MER_00039,70.67,INR,success,wallet,2026-07-14T09:28:36.760363
TXN_000005767,ACC_000504,MER_00181,116.5,INR,success,card,2026-07-15T16:08:43.760363
TXN_000005768,ACC_000332,MER_00174,358.82,INR,success,wallet,2026-06-04T00:08:30.760363
TXN_000005769,ACC_000221,MER_00138,165.07,INR,success,card,2026-08-10T16:26:17.760363
TXN_000005770,ACC_000283,MER_00104,564.04,INR,success,card,2026-07-07T23:04:14.760363
TXN_000005771,ACC_000636,MER_00045,712.08,INR,success,upi,2026-06-12T04:04:39.760363
TXN_000005772,ACC_000504,MER_00120,44.51,INR,success,net_banking,2026-07-25T18:05:56.760363
TXN_000005773,ACC_000291,MER_00143,574.34,INR,success,wallet,2026-06-07T14:40:11.760363
TXN_000005774,ACC_000185,MER_00112,320.86,INR,success,card,2026-07-19T04:45:03.760363
TXN_000005775,ACC_000829,MER_00162,275.17,INR,success,card,2026-05-27T23:39:31.760363
TXN_000005776,ACC_000583,MER_00003,1042.73,INR,success,net_banking,2026-06-13T08:25:21.760363
TXN_000005777,ACC_000775,MER_00060,62.49,INR,success,card,2026-06-20T07:42:59.760363
TXN_000005778,ACC_000839,MER_00052,80.38,INR,success,wallet,2026-05-27T10:48:00.760363
TXN_000005779,ACC_000733,MER_00017,530.74,INR,success,wallet,2026-08-11T20:19:10.760363
TXN_000005780,ACC_000898,MER_00066,269.58,INR,failed,upi,2026-07-13T20:43:22.760363
TXN_000005781,ACC_000301,MER_00065,156.52,INR,success,upi,2026-08-14T21:16:23.760363
TXN_000005782,ACC_000179,MER_00158,183.61,INR,success,wallet,2026-06-21T17:00:57.760363
TXN_000005783,ACC_000997,MER_00149,773.23,INR,success,upi,2026-07-15T03:10:29.760363
TXN_000005784,ACC_000523,MER_00021,159.66,INR,success,wallet,2026-06-08T07:16:42.760363
TXN_000005785,ACC_000042,MER_00171,1269.44,INR,success,net_banking,2026-06-02T18:52:43.760363
TXN_000005786,ACC_000947,MER_00172,221.05,INR,success,wallet,2026-07-02T15:01:00.760363
TXN_000005787,,MER_00058,87.52,INR,success,upi,2026-07-09T19:17:21.760363
TXN_000005788,ACC_000751,MER_00056,347.87,INR,success,card,2026-06-21T21:16:49.760363
TXN_000005789,ACC_000735,MER_00186,1237.8,INR,failed,net_banking,2026-08-20T12:50:23.760363
TXN_000005790,ACC_000173,MER_00004,297.87,INR,failed,card,2026-06-14T01:52:59.760363
TXN_000005791,ACC_000079,MER_00191,130.28,INR,success,net_banking,2026-08-09T17:56:17.760363
TXN_000005792,ACC_000585,MER_00185,2151.63,INR,success,upi,2026-06-11T05:47:55.760363
TXN_000005793,ACC_000467,MER_00164,217.6,INR,success,card,2026-07-14T18:45:11.760363
TXN_000005794,ACC_000098,MER_00073,137.35,INR,success,card,2026-06-30T18:09:47.760363
TXN_000005795,ACC_000382,MER_00091,52.18,INR,success,card,2026-06-12T18:37:56.760363
TXN_000005796,ACC_000014,MER_00098,241.63,INR,failed,wallet,2026-08-04T05:28:06.760363
TXN_000005797,ACC_000773,MER_00019,160.16,INR,failed,wallet,2026-06-23T17:51:18.760363
TXN_000005798,ACC_000048,MER_00194,154.7,INR,success,upi,2026-07-09T06:59:08.760363
TXN_000005799,ACC_000663,MER_00133,152.88,INR,success,upi,2026-07-30T14:02:16.760363
TXN_000005800,ACC_000721,MER_00101,275.44,INR,success,card,2026-06-01T16:04:16.760363
TXN_000005801,ACC_000991,MER_00075,62.68,INR,success,card,2026-08-16T22:48:06.760363
TXN_000005802,ACC_000045,MER_00104,209.65,INR,success,net_banking,2026-08-11T01:13:50.760363
TXN_000005803,ACC_000666,MER_00171,75.62,INR,success,card,2026-07-18T16:24:27.760363
TXN_000005804,ACC_000091,MER_00018,569.68,INR,success,upi,2026-07-12T05:44:49.760363
TXN_000005805,ACC_000664,MER_00113,667.2,INR,success,net_banking,2026-07-21T08:53:34.760363
TXN_000005806,ACC_000191,MER_00066,210.27,INR,success,upi,2026-07-22T16:47:33.760363
TXN_000005807,ACC_000730,MER_00133,854.94,INR,success,card,2026-07-16T23:28:00.760363
TXN_000005808,ACC_000265,MER_00142,130.54,INR,success,net_banking,2026-07-23T18:42:19.760363
TXN_000005809,ACC_000407,MER_00011,119.62,INR,success,wallet,2026-06-27T07:15:31.760363
TXN_000005810,ACC_000244,MER_00166,312.55,INR,success,wallet,2026-06-11T19:28:11.760363
TXN_000005811,ACC_000849,MER_00045,355.01,INR,success,wallet,2026-07-29T05:28:26.760363
TXN_000005812,ACC_000714,MER_00061,124.06,INR,success,upi,2026-06-25T18:17:36.760363
TXN_000005813,ACC_000401,MER_00054,681.79,INR,success,wallet,2026-07-06T01:57:49.760363
TXN_000005814,ACC_000535,MER_00137,27.94,INR,success,upi,2026-06-26T17:05:41.760363
TXN_000005815,ACC_000040,MER_00109,38.55,INR,success,upi,2026-07-03T08:35:43.760363
TXN_000005816,ACC_000679,MER_00057,718.94,INR,success,card,2026-06-26T06:21:56.760363
TXN_000005817,ACC_000794,MER_00124,108.92,INR,success,card,2026-06-17T16:38:29.760363
TXN_000005818,ACC_000733,MER_00155,703.83,INR,success,net_banking,2026-07-25T14:44:53.760363
TXN_000005819,ACC_000376,MER_00016,129.98,INR,success,wallet,2026-08-04T18:38:51.760363
TXN_000005820,ACC_000716,MER_00012,103.1,INR,success,card,2026-08-21T13:16:34.760363
TXN_000005821,ACC_000243,MER_00109,175.96,INR,success,card,2026-08-22T13:10:32.760363
TXN_000005822,ACC_000243,MER_00074,1110.72,INR,success,wallet,2026-06-30T07:36:14.760363
TXN_000005823,ACC_000093,MER_00171,265.33,INR,success,net_banking,2026-07-02T20:53:52.760363
TXN_000005824,ACC_000604,MER_00052,286.08,INR,success,net_banking,2026-08-23T07:14:11.760363
TXN_000005825,ACC_000424,MER_00174,265.2,INR,success,net_banking,2026-08-17T22:43:13.760363
TXN_000005826,ACC_000006,MER_00158,24.75,INR,success,net_banking,2026-07-14T09:12:57.760363
TXN_000005827,ACC_000667,MER_00187,435.67,INR,success,net_banking,2026-08-03T05:57:11.760363
TXN_000005828,ACC_000276,MER_00186,118.43,INR,success,upi,2026-08-04T03:54:45.760363
TXN_000005829,ACC_000855,MER_00038,103.55,INR,failed,wallet,2026-07-19T07:06:30.760363
TXN_000005830,ACC_000940,MER_00049,339.82,INR,success,upi,2026-06-27T02:00:08.760363
TXN_000005831,ACC_000037,MER_00171,587.76,INR,success,upi,2026-07-14T19:31:44.760363
TXN_000005832,ACC_000633,MER_00124,815.23,INR,success,upi,2026-06-24T13:57:08.760363
TXN_000005833,ACC_000190,MER_00128,164.88,INR,success,wallet,2026-08-16T12:31:44.760363
TXN_000005834,ACC_000378,MER_00027,115.17,INR,success,card,2026-06-16T12:26:40.760363
TXN_000005835,ACC_000062,MER_00031,233.07,INR,success,net_banking,2026-06-13T03:38:44.760363
TXN_000005836,ACC_000800,MER_00058,338.0,INR,success,wallet,2026-06-02T18:48:39.760363
TXN_000005837,ACC_000490,MER_00114,171.42,INR,success,card,2026-06-06T05:40:55.760363
TXN_000005838,ACC_000402,MER_00068,621.73,INR,success,card,2026-07-17T13:43:46.760363
TXN_000005839,ACC_000179,MER_00155,87.22,INR,success,net_banking,2026-07-29T22:19:51.760363
TXN_000005840,ACC_000387,MER_00198,196.03,INR,success,wallet,2026-07-09T09:54:02.760363
TXN_000005841,ACC_000065,MER_00079,147.81,INR,success,card,2026-07-21T20:33:41.760363
TXN_000005842,ACC_000122,MER_00057,420.92,INR,success,wallet,2026-08-21T02:50:49.760363
TXN_000005843,ACC_000767,MER_00029,632.26,INR,success,card,2026-06-15T20:51:37.760363
TXN_000005844,ACC_000744,MER_00144,93.82,INR,success,net_banking,2026-05-30T13:40:12.760363
TXN_000005845,ACC_000284,MER_00134,199.94,INR,success,wallet,2026-07-10T01:47:39.760363
TXN_000005846,ACC_000556,MER_00106,35.99,INR,success,card,2026-07-30T06:31:39.760363
TXN_000005847,ACC_000688,MER_00089,1194.1,INR,success,wallet,2026-05-30T12:43:44.760363
TXN_000005848,ACC_000233,MER_00111,214.55,INR,success,wallet,2026-07-12T04:25:02.760363
TXN_000005849,ACC_000746,MER_00146,209.21,INR,pending,card,2026-07-17T04:56:33.760363
TXN_000005850,ACC_000681,MER_00155,100.84,INR,success,upi,2026-08-16T07:08:42.760363
TXN_000005851,ACC_000079,MER_00136,101.5,INR,success,wallet,2026-06-11T02:41:30.760363
TXN_000005852,ACC_000928,MER_00084,101.99,INR,success,net_banking,2026-06-09T16:42:11.760363
TXN_000005853,ACC_000404,MER_00062,209.09,INR,success,card,2026-06-14T12:11:21.760363
TXN_000005854,ACC_000158,MER_00155,136.0,INR,success,net_banking,2026-07-02T10:24:33.760363
TXN_000005855,ACC_000656,MER_00132,224.99,INR,success,wallet,2026-06-09T05:54:22.760363
TXN_000005856,ACC_000927,MER_00046,715.3,INR,success,card,2026-07-03T14:02:19.760363
TXN_000005857,ACC_000824,MER_00049,1600.11,INR,success,net_banking,2026-06-25T07:40:14.760363
TXN_000005858,ACC_000915,MER_00142,56.46,INR,failed,wallet,2026-06-10T11:58:11.760363
TXN_000005859,ACC_000846,MER_00169,238.78,INR,success,net_banking,2026-06-01T19:39:50.760363
TXN_000005860,ACC_000212,MER_00067,120.3,INR,pending,card,2026-08-01T19:49:15.760363
TXN_000005861,ACC_000264,MER_00128,4953.14,INR,success,net_banking,2026-08-09T15:31:00.760363
TXN_000005862,ACC_000997,MER_00104,129.38,INR,success,upi,2026-07-22T13:47:13.760363
TXN_000005863,ACC_000644,MER_00027,478.31,INR,success,card,2026-07-08T13:27:25.760363
TXN_000005864,ACC_000832,MER_00009,774.83,INR,success,upi,2026-08-08T06:25:29.760363
TXN_000005865,ACC_000679,MER_00029,523.4,INR,success,wallet,2026-07-01T17:53:44.760363
TXN_000005866,ACC_000531,MER_00061,61.02,INR,success,wallet,2026-08-14T21:01:24.760363
TXN_000005867,ACC_000160,MER_00076,142.82,INR,success,upi,2026-06-24T14:46:51.760363
TXN_000005868,ACC_000237,MER_00096,1236.16,INR,success,upi,2026-07-30T00:46:54.760363
TXN_000005869,ACC_000927,MER_00098,507.86,INR,success,net_banking,2026-06-12T09:16:24.760363
TXN_000005870,ACC_000310,MER_00079,813.2,INR,success,wallet,2026-07-24T20:23:45.760363
TXN_000005871,ACC_000374,MER_00055,240.55,INR,success,card,2026-07-10T11:09:13.760363
TXN_000005872,ACC_000727,MER_00135,-500.00,INR,success,upi,2026-08-18T00:08:20.760363
TXN_000005873,ACC_000902,MER_00098,1127.36,INR,success,net_banking,2026-06-03T18:23:56.760363
TXN_000005874,ACC_000444,MER_00086,272.48,INR,success,wallet,2026-07-28T02:06:44.760363
TXN_000005875,ACC_000112,MER_00013,73.93,INR,success,upi,2026-07-07T07:26:32.760363
TXN_000005876,ACC_000351,MER_00057,46.69,INR,success,wallet,2026-07-10T20:06:21.760363
TXN_000005877,ACC_000327,MER_00165,127.5,INR,success,card,2026-07-14T07:22:55.760363
TXN_000005878,ACC_000699,MER_00029,296.19,INR,success,wallet,2026-06-14T07:18:22.760363
TXN_000005879,ACC_000315,MER_00122,70.27,INR,success,card,2026-08-06T04:14:21.760363
TXN_000005880,ACC_000691,MER_00159,108.48,INR,success,card,2026-08-03T21:52:49.760363
TXN_000005881,ACC_000893,MER_00190,30.57,INR,success,wallet,2026-06-25T06:11:16.760363
TXN_000005882,ACC_000534,MER_00129,298.46,INR,success,card,2026-05-30T15:41:10.760363
TXN_000005883,ACC_000384,MER_00008,82.13,INR,success,net_banking,2026-08-20T16:22:56.760363
TXN_000005884,ACC_000749,MER_00016,2462.79,INR,success,net_banking,2026-06-02T18:49:24.760363
TXN_000005885,ACC_000925,MER_00001,55.61,INR,success,net_banking,2026-06-05T17:53:42.760363
TXN_000005886,ACC_000547,MER_00157,1248.12,INR,success,wallet,2026-08-18T10:01:24.760363
TXN_000005887,ACC_000236,MER_00034,386.47,INR,success,net_banking,2026-08-20T11:05:36.760363
TXN_000005888,ACC_000107,MER_00128,304.95,INR,success,upi,2026-06-05T03:01:46.760363
TXN_000005889,ACC_000907,MER_00168,56.7,INR,success,upi,2026-06-10T18:20:22.760363
TXN_000005890,ACC_000875,MER_00075,375.36,INR,success,upi,2026-07-11T10:17:21.760363
TXN_000005891,ACC_000513,MER_00020,114.4,INR,pending,wallet,2026-07-29T19:18:32.760363
TXN_000005892,ACC_000137,MER_00068,182.73,INR,success,wallet,2026-08-17T03:48:31.760363
TXN_000005893,ACC_000391,MER_00166,404.61,INR,success,wallet,2026-06-05T09:46:45.760363
TXN_000005894,ACC_000844,MER_00123,131.86,INR,success,net_banking,2026-06-12T03:18:53.760363
TXN_000005895,ACC_000809,MER_00016,429.14,INR,success,upi,2026-06-19T09:40:19.760363
TXN_000005896,ACC_000904,,375.41,INR,success,card,2026-06-22T14:54:16.760363
TXN_000005897,ACC_000599,MER_00031,372.89,INR,success,card,2026-07-03T01:23:44.760363
TXN_000005898,ACC_000413,MER_00095,320.67,INR,success,upi,2026-08-24T10:26:21.760363
TXN_000005899,ACC_000149,MER_00113,156.82,INR,success,upi,2026-07-05T17:55:16.760363
TXN_000005900,ACC_000391,MER_00013,89.15,INR,success,wallet,2026-07-08T17:35:51.760363
TXN_000005901,ACC_000185,MER_00200,161.56,INR,success,net_banking,2026-07-05T15:35:30.760363
TXN_000005902,ACC_000684,MER_00146,251.1,INR,success,net_banking,2026-07-25T06:44:40.760363
TXN_000005903,ACC_000328,MER_00156,77.28,INR,success,card,2026-06-12T07:01:08.760363
TXN_000005904,ACC_000282,MER_00124,135.35,INR,success,card,2026-07-26T11:12:24.760363
TXN_000005905,ACC_000870,MER_00095,1022.77,INR,success,card,2026-08-15T22:40:05.760363
TXN_000005906,ACC_000385,MER_00118,60.88,INR,success,wallet,2026-06-17T15:27:36.760363
TXN_000005907,ACC_000050,MER_00143,218.44,INR,success,upi,2026-05-30T12:11:14.760363
TXN_000005908,ACC_000495,MER_00083,65.06,INR,pending,wallet,2026-06-21T12:43:14.760363
TXN_000005909,ACC_000891,MER_00166,317.76,INR,success,upi,2026-06-09T03:39:20.760363
TXN_000005910,ACC_000940,MER_00188,24.25,INR,success,net_banking,2026-08-13T07:41:48.760363
TXN_000005911,ACC_000076,MER_00106,43.76,INR,success,wallet,2026-05-31T17:02:49.760363
TXN_000005912,ACC_000485,MER_00101,114.76,INR,success,wallet,2026-08-07T09:24:43.760363
TXN_000005913,ACC_000558,MER_00200,40.7,INR,success,upi,2026-08-09T21:45:12.760363
TXN_000005914,ACC_000103,MER_00130,126.54,INR,success,net_banking,2026-06-29T01:01:34.760363
TXN_000005915,ACC_000510,MER_00090,115.21,INR,success,net_banking,2026-07-15T02:06:32.760363
TXN_000005916,ACC_000510,MER_00148,192.13,INR,success,net_banking,2026-08-09T04:46:58.760363
TXN_000005917,ACC_000775,MER_00162,535.45,INR,success,card,2026-08-17T09:53:48.760363
TXN_000005918,ACC_000379,MER_00064,74.43,INR,success,card,2026-06-10T21:30:34.760363
TXN_000005919,ACC_000424,MER_00090,67.17,INR,success,net_banking,2026-07-24T00:25:06.760363
TXN_000005920,ACC_000544,MER_00132,1070.8,INR,success,wallet,2026-07-12T18:14:28.760363
TXN_000005921,ACC_000480,MER_00004,197.83,INR,success,card,2026-07-30T20:01:10.760363
TXN_000005922,ACC_000506,MER_00126,434.65,INR,success,card,2026-08-06T00:20:19.760363
TXN_000005923,ACC_000476,MER_00141,1957.04,INR,success,upi,2026-07-18T16:24:38.760363
TXN_000005924,ACC_000590,MER_00091,173.34,INR,success,card,2026-08-09T15:28:43.760363
TXN_000005925,ACC_000157,MER_00093,437.68,INR,success,card,2026-06-16T10:55:59.760363
TXN_000005926,ACC_000309,MER_00030,262.82,INR,success,wallet,2026-07-26T13:34:21.760363
TXN_000005927,ACC_000494,MER_00192,291.46,INR,success,card,2026-06-13T19:50:53.760363
TXN_000005928,ACC_000283,MER_00136,394.13,INR,success,wallet,2026-08-10T15:20:11.760363
TXN_000005929,ACC_000121,MER_00130,93.36,INR,success,wallet,2026-07-18T03:01:59.760363
TXN_000005930,ACC_000751,MER_00002,268.74,INR,success,wallet,2026-08-05T08:20:29.760363
TXN_000005931,ACC_000781,MER_00123,727.6,INR,success,net_banking,2026-06-15T01:35:15.760363
TXN_000005932,ACC_000630,MER_00011,419.35,INR,success,upi,2026-07-04T07:43:24.760363
TXN_000005933,ACC_000202,MER_00032,359.93,INR,pending,wallet,2026-05-29T22:25:32.760363
TXN_000005934,ACC_000807,MER_00014,251.59,INR,success,wallet,2026-07-20T03:02:10.760363
TXN_000005935,ACC_000078,MER_00140,875.98,INR,success,wallet,2026-08-21T11:10:12.760363
TXN_000005936,ACC_000790,MER_00178,348.72,INR,success,net_banking,2026-06-12T02:23:08.760363
TXN_000005937,ACC_000125,MER_00185,315.11,INR,success,net_banking,2026-07-21T11:46:46.760363
TXN_000005938,ACC_000496,MER_00103,193.51,INR,success,net_banking,2026-06-25T21:30:27.760363
TXN_000005939,ACC_000753,MER_00146,414.46,INR,success,net_banking,2026-07-23T01:55:59.760363
TXN_000005940,,MER_00156,113.7,INR,success,net_banking,2026-06-02T05:25:43.760363
TXN_000005941,ACC_000786,MER_00086,3210.07,INR,success,wallet,2026-08-17T02:33:12.760363
TXN_000005942,ACC_000250,MER_00142,290.6,INR,success,card,2026-08-06T15:55:02.760363
TXN_000005943,ACC_000657,MER_00125,126.92,INR,success,wallet,2026-08-21T16:41:39.760363
TXN_000005944,ACC_000111,MER_00123,321.07,INR,success,card,2026-08-08T20:01:13.760363
TXN_000005945,ACC_000842,MER_00163,83.47,INR,success,upi,2026-06-25T02:28:11.760363
TXN_000005946,ACC_000688,MER_00191,248.01,INR,success,card,2026-06-28T17:50:25.760363
TXN_000005947,ACC_000583,MER_00126,385.5,INR,success,card,2026-08-16T19:15:33.760363
TXN_000005948,ACC_000075,MER_00133,80.24,INR,success,wallet,2026-05-28T17:34:05.760363
TXN_000005949,ACC_000101,MER_00070,93.27,INR,success,card,2026-06-27T08:03:44.760363
TXN_000005950,ACC_000985,MER_00010,98.27,INR,success,card,2026-08-03T12:47:39.760363
TXN_000005951,ACC_000954,MER_00102,1202.62,INR,success,net_banking,2026-06-03T07:31:58.760363
TXN_000005952,ACC_000602,MER_00190,1484.33,INR,success,net_banking,2026-08-13T14:34:44.760363
TXN_000005953,ACC_000644,MER_00022,844.99,INR,success,card,2026-08-12T03:40:34.760363
TXN_000005954,ACC_000476,MER_00190,51.84,INR,success,net_banking,2026-07-22T23:37:11.760363
TXN_000005955,ACC_000694,MER_00032,140.5,INR,success,card,2026-08-22T15:23:30.760363
TXN_000005956,ACC_000437,MER_00153,204.29,INR,success,card,2026-06-23T11:05:25.760363
TXN_000005957,ACC_000307,MER_00020,35.19,INR,success,net_banking,2026-08-22T05:18:08.760363
TXN_000005958,ACC_000602,MER_00091,441.56,INR,success,net_banking,2026-08-12T22:16:44.760363
TXN_000005959,ACC_000754,MER_00020,274.3,INR,success,net_banking,2026-07-23T06:09:49.760363
TXN_000005960,ACC_000718,MER_00072,309.05,INR,success,upi,2026-07-14T16:04:27.760363
TXN_000005961,ACC_000983,MER_00183,381.31,INR,success,card,2026-08-14T12:05:10.760363
TXN_000005962,ACC_000443,MER_00064,384.07,INR,success,card,2026-07-24T05:07:19.760363
TXN_000005963,ACC_000173,MER_00027,589.05,INR,success,upi,2026-08-18T11:29:39.760363
TXN_000005964,ACC_000985,MER_00154,1040.1,INR,success,net_banking,2026-07-02T01:10:47.760363
TXN_000005965,ACC_000045,MER_00014,28.65,INR,success,net_banking,2026-06-23T19:51:30.760363
TXN_000005966,ACC_000414,MER_00058,69.13,INR,success,net_banking,2026-07-09T03:29:57.760363
TXN_000005967,ACC_000218,MER_00158,147.24,INR,success,wallet,2026-07-08T21:48:05.760363
TXN_000005968,ACC_000905,MER_00005,1055.5,INR,success,card,2026-06-29T10:48:59.760363
TXN_000005969,ACC_000757,MER_00197,257.23,INR,success,upi,2026-06-04T12:06:11.760363
TXN_000005970,ACC_000239,MER_00176,211.49,INR,success,wallet,2026-07-14T08:59:22.760363
TXN_000005971,ACC_000600,MER_00161,497.24,INR,success,card,2026-07-22T16:28:41.760363
TXN_000005972,ACC_000531,MER_00120,281.17,INR,failed,upi,2026-08-14T18:45:09.760363
TXN_000005973,ACC_000878,MER_00135,360.32,INR,success,upi,2026-07-26T15:02:26.760363
TXN_000005974,ACC_000298,MER_00146,441.14,INR,success,card,2026-06-24T05:45:50.760363
TXN_000005975,ACC_000051,MER_00032,63.4,INR,success,net_banking,2026-06-21T12:22:46.760363
TXN_000005976,ACC_000008,MER_00184,212.93,INR,success,card,2026-07-28T22:10:41.760363
TXN_000005977,ACC_000910,MER_00157,334.79,INR,success,wallet,2026-06-28T00:41:53.760363
TXN_000005978,ACC_000402,MER_00074,341.7,INR,failed,card,2026-08-20T07:00:56.760363
TXN_000005979,ACC_000805,MER_00038,190.88,INR,success,net_banking,2026-08-10T19:35:11.760363
TXN_000005980,ACC_000587,MER_00140,599.75,INR,success,net_banking,2026-06-05T22:39:06.760363
TXN_000005981,ACC_000809,MER_00151,639.71,INR,failed,wallet,2026-07-04T16:38:05.760363
TXN_000005982,ACC_000794,MER_00114,908.09,INR,success,card,2026-08-19T08:53:54.760363
TXN_000005983,ACC_000743,MER_00049,91.83,INR,success,upi,2026-07-15T19:19:33.760363
TXN_000005984,ACC_000465,MER_00078,277.52,INR,failed,wallet,2026-08-10T16:33:39.760363
TXN_000005985,ACC_000877,MER_00039,359.1,INR,success,net_banking,2026-06-29T10:32:32.760363
TXN_000005986,ACC_000527,MER_00089,231.35,INR,success,card,2026-07-24T09:36:11.760363
TXN_000005987,ACC_000966,MER_00013,45.31,INR,success,upi,2026-07-13T19:50:11.760363
TXN_000005988,ACC_000543,MER_00099,321.32,INR,success,wallet,2026-08-06T03:27:44.760363
TXN_000005989,ACC_000055,MER_00169,294.76,INR,success,net_banking,2026-06-29T03:58:42.760363
TXN_000005990,ACC_000002,MER_00043,29.93,INR,success,net_banking,2026-06-28T08:25:27.760363
TXN_000005991,ACC_000755,MER_00165,1074.3,INR,success,wallet,2026-07-09T16:58:19.760363
TXN_000005992,ACC_000166,MER_00102,819.09,INR,success,net_banking,2026-06-22T06:54:49.760363
TXN_000005993,ACC_000664,MER_00183,43.79,INR,success,card,2026-07-06T16:13:25.760363
TXN_000005994,ACC_000121,MER_00139,1147.3,INR,success,net_banking,2026-06-19T04:35:50.760363
TXN_000005995,ACC_000798,MER_00118,1120.13,INR,success,wallet,2026-07-02T13:07:54.760363
TXN_000005996,ACC_000995,MER_00177,-500.00,INR,success,card,2026-08-06T17:48:10.760363
TXN_000005997,ACC_000206,MER_00053,356.33,INR,success,upi,2026-07-03T13:06:37.760363
TXN_000005998,ACC_000794,MER_00164,372.52,INR,success,net_banking,2026-06-02T18:14:37.760363
TXN_000005999,ACC_000276,MER_00200,1442.56,INR,success,net_banking,2026-06-21T13:50:20.760363
TXN_000006000,ACC_000779,MER_00117,95.3,INR,success,upi,2026-05-30T17:28:11.760363
TXN_000006001,ACC_INVALID,MER_00025,335.15,INR,success,upi,2026-07-26T13:42:56.760363
TXN_000006002,ACC_000557,MER_00010,1245.7,INR,failed,card,2026-06-04T04:53:52.760363
TXN_000006003,ACC_000940,MER_00039,143.84,INR,success,card,2026-08-08T05:58:22.760363
TXN_000006004,ACC_000343,MER_00194,230.2,INR,success,wallet,2026-06-20T19:21:13.760363
TXN_000006005,ACC_000409,MER_00147,1508.2,INR,success,card,2026-06-06T00:04:36.760363
TXN_000006006,ACC_000254,MER_00034,356.23,INR,success,card,2026-07-31T13:12:45.760363
TXN_000006007,ACC_000972,MER_00100,373.3,INR,success,upi,2026-07-25T22:44:50.760363
TXN_000006008,ACC_000180,MER_00154,238.6,INR,success,upi,2026-08-23T02:59:50.760363
TXN_000006009,ACC_000232,MER_00011,380.34,INR,success,net_banking,2026-08-15T14:17:22.760363
TXN_000006010,ACC_000444,MER_00195,541.17,INR,success,net_banking,2026-07-06T14:50:22.760363
TXN_000006011,ACC_000383,MER_00151,73.09,INR,success,upi,2026-06-01T11:28:55.760363
TXN_000006012,ACC_000881,MER_00059,285.8,INR,success,net_banking,2026-07-12T16:49:27.760363
TXN_000006013,ACC_000216,MER_00104,56.26,INR,success,card,2026-06-15T16:24:17.760363
TXN_000006014,ACC_000590,MER_00102,734.27,INR,success,wallet,2026-07-30T15:29:45.760363
TXN_000006015,ACC_000536,MER_00055,358.1,INR,success,wallet,2026-07-26T14:30:12.760363
TXN_000006016,ACC_000372,MER_00091,5071.77,INR,success,card,2026-06-30T01:08:54.760363
TXN_000006017,ACC_000841,MER_00104,93.44,INR,success,card,2026-07-19T18:20:04.760363
TXN_000006018,ACC_000428,MER_00026,945.13,INR,success,net_banking,2026-08-05T12:31:07.760363
TXN_000006019,ACC_000976,MER_00168,246.29,INR,success,wallet,2026-08-16T06:56:05.760363
TXN_000006020,ACC_000847,MER_00062,114.12,INR,success,wallet,2026-07-14T08:28:00.760363
TXN_000006021,ACC_000637,MER_00145,111.42,INR,success,upi,2026-07-02T20:12:02.760363
TXN_000006022,ACC_000888,MER_00051,101.9,INR,pending,net_banking,2026-06-09T08:52:35.760363
TXN_000006023,ACC_000221,MER_00030,427.07,INR,success,card,2026-05-29T12:16:28.760363
TXN_000006024,ACC_000449,MER_00182,942.0,INR,success,upi,2026-08-18T12:02:58.760363
TXN_000006025,ACC_000787,MER_00046,62.32,INR,success,card,2026-07-11T16:18:35.760363
TXN_000006026,ACC_000296,MER_00117,187.75,INR,failed,net_banking,2026-07-21T07:06:21.760363
TXN_000006027,ACC_000377,MER_00173,130.86,INR,success,upi,2026-08-14T23:41:44.760363
TXN_000006028,ACC_000370,MER_00169,64.29,INR,success,upi,2026-06-17T00:30:14.760363
TXN_000006029,ACC_000912,MER_00097,693.24,INR,success,net_banking,2026-06-29T02:39:35.760363
TXN_000006030,ACC_000839,MER_00096,97.65,INR,success,wallet,2026-08-14T13:32:41.760363
TXN_000006031,ACC_000876,MER_00128,427.28,INR,success,net_banking,2026-06-04T04:22:06.760363
TXN_000006032,ACC_000410,MER_00044,139.31,INR,success,net_banking,2026-08-15T11:58:11.760363
TXN_000006033,ACC_000184,MER_00148,74.93,INR,success,card,2026-07-24T12:04:50.760363
TXN_000006034,ACC_000920,MER_00139,109.9,INR,success,card,2026-06-08T04:48:46.760363
TXN_000006035,ACC_000089,MER_00045,435.6,INR,success,card,2026-06-18T00:24:05.760363
TXN_000006036,ACC_000367,MER_00056,960.31,INR,success,wallet,2026-08-18T19:00:59.760363
TXN_000006037,ACC_000393,MER_00120,50.03,INR,success,net_banking,2026-08-24T03:37:56.760363
TXN_000006038,ACC_000306,MER_00133,362.33,INR,success,card,2026-07-05T03:58:17.760363
TXN_000006039,ACC_000323,MER_00131,641.53,INR,success,net_banking,2026-07-06T07:29:02.760363
TXN_000006040,ACC_000750,MER_00104,160.91,INR,success,wallet,2026-07-30T16:27:10.760363
TXN_000006041,ACC_000950,MER_00153,90.48,INR,success,card,2026-06-01T10:05:47.760363
TXN_000006042,ACC_000165,MER_00044,617.11,INR,success,net_banking,2026-08-01T03:03:18.760363
TXN_000006043,ACC_000905,MER_00155,28.52,INR,success,net_banking,2026-07-11T12:38:13.760363
TXN_000006044,ACC_000372,MER_00142,285.47,INR,success,net_banking,2026-08-17T02:56:46.760363
TXN_000006045,ACC_000284,MER_00007,243.98,INR,success,wallet,2026-06-15T12:32:12.760363
TXN_000006046,ACC_000643,MER_00032,444.43,INR,failed,upi,2026-08-19T09:32:09.760363
TXN_000006047,ACC_000814,MER_00163,407.61,INR,success,net_banking,2026-08-15T10:08:36.760363
TXN_000006048,ACC_000132,MER_00152,262.12,INR,success,upi,2026-05-29T05:18:37.760363
TXN_000006049,ACC_000074,MER_00141,709.69,INR,success,card,2026-08-16T03:51:22.760363
TXN_000006050,ACC_000194,MER_00163,375.19,INR,success,card,2026-07-15T19:35:10.760363
TXN_000006051,ACC_000017,MER_00056,116.53,INR,success,wallet,2026-08-06T12:29:13.760363
TXN_000006052,ACC_000793,MER_00017,189.78,INR,success,upi,2026-08-21T19:22:28.760363
TXN_000006053,ACC_000387,MER_00120,300.22,INR,success,upi,2026-07-12T12:56:23.760363
TXN_000006054,ACC_000117,MER_00086,198.2,INR,success,net_banking,2026-06-06T16:47:37.760363
TXN_000006055,ACC_000699,MER_00087,70.29,INR,success,upi,2026-07-18T08:38:13.760363
TXN_000006056,ACC_000899,MER_00075,105.93,INR,success,card,2026-06-12T21:16:00.760363
TXN_000006057,ACC_000903,MER_00190,303.69,INR,success,upi,2026-07-24T03:51:44.760363
TXN_000006058,ACC_000072,MER_00040,106.41,INR,success,wallet,2026-07-23T00:40:05.760363
TXN_000006059,ACC_000035,MER_00157,80.9,INR,success,upi,2026-08-10T00:46:09.760363
TXN_000006060,ACC_000337,MER_00200,79.63,INR,success,wallet,2026-05-28T01:45:22.760363
TXN_000006061,ACC_000983,MER_00198,82.38,INR,success,upi,2026-07-07T16:24:44.760363
TXN_000006062,ACC_000452,MER_00048,295.09,INR,success,wallet,2026-06-22T12:23:48.760363
TXN_000006063,ACC_000167,MER_00061,579.89,INR,success,wallet,2026-05-27T15:46:21.760363
TXN_000006064,ACC_000888,MER_00165,918.95,INR,success,net_banking,2026-07-09T14:50:49.760363
TXN_000006065,ACC_000954,MER_00087,644.53,INR,success,upi,2026-07-15T19:11:22.760363
TXN_000006066,ACC_000735,MER_00135,222.78,INR,success,card,2026-07-22T08:27:19.760363
TXN_000006067,ACC_000816,MER_00129,328.66,INR,success,upi,2026-07-04T04:08:13.760363
TXN_000006068,ACC_000604,MER_00175,109.66,INR,success,upi,2026-08-18T06:05:44.760363
TXN_000006069,ACC_000313,MER_00063,340.87,INR,success,upi,2026-08-21T00:33:55.760363
TXN_000006070,ACC_000216,MER_00021,556.48,INR,success,net_banking,2026-06-16T17:39:29.760363
TXN_000006071,ACC_000335,MER_00016,175.94,INR,success,upi,2026-06-24T10:11:34.760363
TXN_000006072,ACC_000686,MER_00003,87.1,INR,success,net_banking,2026-08-23T03:52:01.760363
TXN_000006073,ACC_000070,MER_00092,221.13,INR,success,card,2026-06-06T12:11:36.760363
TXN_000006074,ACC_000551,MER_00051,110.36,INR,success,wallet,2026-08-16T04:32:00.760363
TXN_000006075,ACC_000758,MER_00178,609.45,INR,success,net_banking,2026-08-16T10:12:35.760363
TXN_000006076,ACC_000073,MER_00072,127.11,INR,success,upi,2026-07-26T07:48:27.760363
TXN_000006077,ACC_000627,MER_00040,129.93,INR,success,upi,2026-07-21T13:56:15.760363
TXN_000006078,ACC_000349,MER_00150,589.12,INR,success,card,2026-08-11T23:33:05.760363
TXN_000006079,ACC_000876,,226.45,INR,success,upi,2026-07-30T23:43:50.760363
TXN_000006080,ACC_000351,MER_00047,621.74,INR,failed,upi,2026-07-29T10:05:47.760363
TXN_000006081,ACC_000486,MER_00158,357.07,INR,success,wallet,2026-08-17T01:18:07.760363
TXN_000006082,ACC_000200,MER_00109,94.87,INR,success,upi,2026-06-30T18:19:06.760363
TXN_000006083,ACC_000216,MER_00100,1530.55,INR,success,wallet,2026-07-22T13:55:57.760363
TXN_000006084,ACC_000432,MER_00146,926.39,INR,pending,card,2026-07-20T03:18:32.760363
TXN_000006085,ACC_000133,MER_00092,280.41,INR,failed,card,2026-07-23T07:30:12.760363
TXN_000006086,ACC_000950,MER_00164,208.74,INR,success,wallet,2026-05-28T09:10:02.760363
TXN_000006087,ACC_000431,MER_00085,1139.86,INR,success,wallet,2026-06-13T13:06:21.760363
TXN_000006088,ACC_000775,MER_00052,12.25,INR,success,net_banking,2026-08-10T01:41:28.760363
TXN_000006089,ACC_000620,MER_00018,72.82,INR,success,wallet,2026-06-15T09:56:01.760363
TXN_000006090,ACC_000352,MER_00183,101.92,INR,success,card,2026-06-13T22:27:51.760363
TXN_000006091,ACC_000492,MER_00140,207.41,INR,success,upi,2026-08-01T01:10:16.760363
TXN_000006092,ACC_000615,MER_00143,552.0,INR,success,wallet,2026-06-30T04:04:40.760363
TXN_000006093,ACC_000014,MER_00069,413.19,INR,success,net_banking,2026-07-14T14:20:47.760363
TXN_000006094,ACC_000723,MER_00019,76.15,INR,success,net_banking,2026-05-31T09:23:40.760363
TXN_000006095,ACC_000125,MER_00085,339.73,INR,success,upi,2026-07-16T09:48:21.760363
TXN_000006096,ACC_000983,MER_00180,343.65,INR,success,net_banking,2026-08-06T07:46:14.760363
TXN_000006097,ACC_000272,MER_00018,133.47,INR,success,upi,2026-06-10T23:43:59.760363
TXN_000006098,ACC_000322,MER_00131,274.55,INR,success,net_banking,2026-08-22T14:23:31.760363
TXN_000006099,ACC_000706,MER_00096,63.62,INR,success,card,2026-06-06T15:10:16.760363
TXN_000006100,ACC_000245,MER_00138,424.21,INR,success,net_banking,2026-06-01T21:55:50.760363
TXN_000006101,ACC_000633,MER_00146,134.69,INR,success,upi,2026-08-17T09:38:14.760363
TXN_000006102,ACC_000891,MER_00107,720.33,INR,success,net_banking,2026-08-06T22:32:15.760363
TXN_000006103,ACC_000654,MER_00007,894.9,INR,success,card,2026-07-06T12:16:19.760363
TXN_000006104,ACC_000218,MER_00015,775.75,INR,success,upi,2026-06-28T15:43:50.760363
TXN_000006105,ACC_000214,MER_00165,543.33,INR,success,card,2026-06-15T04:08:46.760363
TXN_000006106,ACC_000498,MER_00084,102.51,INR,success,net_banking,2026-07-09T09:34:56.760363
TXN_000006107,ACC_000438,MER_00137,652.51,INR,success,upi,2026-07-20T05:43:23.760363
TXN_000006108,ACC_000742,MER_00199,251.15,INR,success,card,2026-08-02T21:51:59.760363
TXN_000006109,ACC_000500,MER_00170,57.92,INR,success,card,2026-06-08T15:53:41.760363
TXN_000006110,ACC_000483,MER_00148,84.26,INR,success,upi,2026-08-23T18:07:46.760363
TXN_000006111,ACC_000477,MER_00057,21.58,INR,success,wallet,2026-08-18T03:52:02.760363
TXN_000006112,ACC_000655,MER_00049,67.75,INR,success,net_banking,2026-06-18T19:52:24.760363
TXN_000006113,ACC_000120,MER_00126,881.51,INR,success,net_banking,2026-07-15T04:54:56.760363
TXN_000006114,ACC_000639,MER_00053,253.79,INR,failed,upi,2026-08-06T06:17:39.760363
TXN_000006115,ACC_000305,MER_00123,301.71,INR,success,upi,2026-06-17T06:22:09.760363
TXN_000006116,ACC_000624,MER_00082,1070.08,INR,success,wallet,2026-08-12T07:55:32.760363
TXN_000006117,ACC_000542,MER_00137,124.61,INR,success,upi,2026-07-30T22:16:46.760363
TXN_000006118,ACC_000702,MER_00197,77.97,INR,success,upi,2026-05-27T07:18:33.760363
TXN_000006119,ACC_000446,MER_00175,170.17,INR,success,card,2026-05-27T06:33:11.760363
TXN_000006120,ACC_000924,MER_00039,759.81,INR,success,upi,2026-06-16T06:27:27.760363
TXN_000006121,ACC_000944,MER_00161,67.7,INR,success,card,2026-08-23T20:25:25.760363
TXN_000006122,ACC_000235,MER_00152,205.75,INR,failed,card,2026-08-07T19:57:30.760363
TXN_000006123,ACC_000494,MER_00020,345.44,INR,success,upi,2026-06-20T20:13:44.760363
TXN_000006124,ACC_000998,MER_00188,450.04,INR,success,card,2026-06-03T22:28:56.760363
TXN_000006125,ACC_000820,MER_00028,124.91,INR,success,upi,2026-06-05T18:09:01.760363
TXN_000006126,ACC_000072,MER_00135,655.72,INR,success,card,2026-06-24T08:28:13.760363
TXN_000006127,ACC_000105,MER_00182,492.91,INR,success,net_banking,2026-07-17T09:24:51.760363
TXN_000006128,ACC_000843,MER_00107,78.07,INR,success,wallet,2026-06-11T03:57:29.760363
TXN_000006129,ACC_000399,MER_00001,173.03,INR,success,upi,2026-05-28T04:52:13.760363
TXN_000006130,ACC_000588,MER_00199,266.84,INR,success,wallet,2026-06-28T03:21:35.760363
TXN_000006131,ACC_000669,MER_00190,282.26,INR,success,wallet,2026-07-17T08:24:33.760363
TXN_000006132,ACC_000092,MER_00172,174.15,INR,success,upi,2026-07-18T03:14:09.760363
TXN_000006133,ACC_000091,MER_00117,767.08,INR,success,net_banking,2026-06-11T04:55:44.760363
TXN_000006134,ACC_000739,MER_00052,89.66,INR,failed,upi,2026-07-03T00:30:17.760363
TXN_000006135,ACC_000271,MER_00052,349.23,INR,success,card,2026-06-16T01:58:57.760363
TXN_000006136,ACC_000705,MER_00043,410.6,INR,success,upi,2026-07-11T03:25:42.760363
TXN_000006137,ACC_000649,MER_00114,170.1,INR,success,wallet,2026-08-05T09:37:21.760363
TXN_000006138,ACC_000053,MER_00139,206.8,INR,success,card,2026-07-15T21:46:10.760363
TXN_000006139,ACC_000472,MER_00155,156.82,INR,success,card,2026-06-19T01:44:33.760363
TXN_000006140,ACC_000959,MER_00062,487.85,INR,success,wallet,2026-06-27T06:37:37.760363
TXN_000006141,ACC_000622,MER_00109,293.45,INR,success,card,2026-08-10T03:37:56.760363
TXN_000006142,ACC_000431,MER_00179,213.33,INR,success,card,2026-08-01T11:20:16.760363
TXN_000006143,ACC_000213,MER_00006,38.05,INR,success,upi,2026-08-06T16:05:29.760363
TXN_000006144,ACC_000542,MER_00171,270.65,INR,success,upi,2026-08-22T16:25:10.760363
TXN_000006145,ACC_000756,MER_00183,639.93,INR,success,wallet,2026-07-22T09:51:18.760363
TXN_000006146,ACC_000749,MER_00160,1886.46,INR,failed,net_banking,2026-08-20T14:56:34.760363
TXN_000006147,ACC_000607,MER_00166,172.7,INR,success,wallet,2026-06-07T19:54:19.760363
TXN_000006148,ACC_000110,MER_00151,116.93,INR,success,upi,2026-07-28T01:48:27.760363
TXN_000006149,ACC_000663,MER_00109,340.42,INR,success,card,2026-08-22T12:34:54.760363
TXN_000006150,ACC_000295,MER_00039,685.15,INR,success,upi,2026-08-20T08:29:35.760363
TXN_000006151,ACC_000529,MER_00144,347.28,INR,success,net_banking,2026-07-05T11:53:26.760363
TXN_000006152,ACC_000548,MER_00072,229.85,INR,success,wallet,2026-08-11T17:02:11.760363
TXN_000006153,ACC_000244,MER_00004,120.62,INR,success,wallet,2026-06-21T13:20:43.760363
TXN_000006154,ACC_000818,MER_00129,831.73,INR,success,card,2026-07-09T18:12:45.760363
TXN_000006155,ACC_000457,MER_00182,559.79,INR,pending,upi,2026-07-05T04:36:57.760363
TXN_000006156,ACC_000405,MER_00171,113.95,INR,failed,net_banking,2026-06-11T17:01:23.760363
TXN_000006157,ACC_000713,MER_00020,348.59,INR,success,card,2026-07-11T17:35:41.760363
TXN_000006158,ACC_000505,MER_00063,67.81,INR,success,upi,2026-06-16T23:55:15.760363
TXN_000006159,ACC_000052,MER_00157,239.1,INR,success,wallet,2026-07-17T15:04:15.760363
TXN_000006160,ACC_000398,MER_00013,127.62,INR,success,wallet,2026-08-22T18:39:09.760363
TXN_000006161,ACC_000720,MER_00155,456.93,INR,success,wallet,2026-07-28T16:35:01.760363
TXN_000006162,ACC_000846,MER_00084,132.17,INR,success,card,2026-06-16T15:37:32.760363
TXN_000006163,ACC_000980,MER_00106,119.71,INR,pending,card,2026-07-23T17:09:33.760363
TXN_000006164,ACC_000902,MER_00055,44.38,INR,success,net_banking,2026-07-11T05:41:54.760363
TXN_000006165,ACC_000611,MER_00137,34.01,INR,success,wallet,2026-07-30T14:16:14.760363
TXN_000006166,ACC_000185,MER_00167,805.54,INR,success,net_banking,2026-07-28T18:33:19.760363
TXN_000006167,ACC_000421,MER_00170,346.08,INR,failed,card,2026-06-23T17:46:38.760363
TXN_000006168,ACC_000766,MER_00041,532.85,INR,success,card,2026-07-19T20:21:15.760363
TXN_000006169,ACC_000409,MER_00062,176.65,INR,success,wallet,2026-08-22T22:57:44.760363
TXN_000006170,ACC_000123,MER_00015,192.68,INR,success,card,2026-07-24T12:07:18.760363
TXN_000006171,ACC_000695,MER_00107,193.92,INR,success,wallet,2026-07-21T15:48:49.760363
TXN_000006172,ACC_000028,MER_00176,131.38,INR,success,net_banking,2026-06-27T21:48:19.760363
TXN_000006173,ACC_000265,MER_00021,210.13,INR,success,card,2026-06-30T07:07:09.760363
TXN_000006174,ACC_000528,MER_00163,162.46,INR,success,wallet,2026-07-14T16:38:08.760363
TXN_000006175,ACC_000016,MER_00179,421.15,INR,success,card,2026-06-21T19:29:58.760363
TXN_000006176,ACC_000872,MER_00180,1043.25,INR,success,net_banking,2026-08-24T01:20:45.760363
TXN_000006177,ACC_000613,MER_00121,158.4,INR,success,net_banking,2026-06-22T16:30:18.760363
TXN_000006178,ACC_000345,MER_00089,192.16,INR,success,card,2026-06-09T12:58:43.760363
TXN_000006179,ACC_000049,MER_00070,223.79,INR,success,wallet,2026-08-04T12:10:57.760363
TXN_000006180,ACC_000159,MER_00053,340.05,INR,success,upi,2026-05-31T22:04:59.760363
TXN_000006181,ACC_000506,MER_00008,85.16,INR,success,upi,2026-07-15T08:27:08.760363
TXN_000006182,ACC_000907,MER_00191,147.85,INR,success,card,2026-06-22T23:10:10.760363
TXN_000006183,ACC_000271,MER_00165,165.74,INR,success,wallet,2026-07-17T20:24:30.760363
TXN_000006184,ACC_000232,MER_00008,292.49,INR,failed,wallet,2026-06-16T01:12:09.760363
TXN_000006185,ACC_000956,MER_00104,390.34,INR,success,wallet,2026-06-20T18:48:43.760363
TXN_000006186,ACC_000040,MER_00132,467.61,INR,success,wallet,2026-05-31T00:38:02.760363
TXN_000006187,ACC_000380,MER_00028,179.71,INR,success,net_banking,2026-07-10T00:54:20.760363
TXN_000006188,ACC_000555,MER_00145,111.61,INR,success,net_banking,2026-06-24T05:40:24.760363
TXN_000006189,ACC_000585,MER_00159,30.42,INR,success,wallet,2026-07-16T08:34:27.760363
TXN_000006190,ACC_000528,MER_00061,220.2,INR,success,wallet,2026-06-01T10:07:38.760363
TXN_000006191,ACC_000027,MER_00160,148.92,INR,success,net_banking,2026-07-30T12:12:31.760363
TXN_000006192,ACC_000925,MER_00013,231.72,INR,success,wallet,2026-08-23T15:47:46.760363
TXN_000006193,ACC_000316,MER_00115,1468.35,INR,success,card,2026-06-25T13:48:37.760363
TXN_000006194,ACC_000612,MER_00055,1293.37,INR,success,net_banking,2026-07-06T17:47:42.760363
TXN_000006195,ACC_000163,MER_00034,145.59,INR,failed,upi,2026-08-02T21:29:25.760363
TXN_000006196,ACC_000079,MER_00016,80.75,INR,success,net_banking,2026-08-17T17:22:21.760363
TXN_000006197,ACC_000328,MER_00149,3124.57,INR,success,wallet,2026-08-14T11:22:19.760363
TXN_000006198,ACC_000060,MER_00042,272.16,INR,success,wallet,2026-07-24T13:33:00.760363
TXN_000006199,ACC_000067,MER_00019,647.23,INR,success,upi,2026-07-17T14:33:04.760363
TXN_000006200,ACC_000396,MER_00040,1815.61,INR,success,net_banking,2026-07-12T03:00:27.760363
TXN_000006201,ACC_000573,MER_00135,252.06,INR,success,wallet,2026-08-18T09:44:01.760363
TXN_000006202,ACC_000383,MER_00113,234.68,INR,success,net_banking,2026-07-30T15:29:32.760363
TXN_000006203,ACC_000998,MER_00128,303.26,INR,success,upi,2026-07-27T06:47:38.760363
TXN_000006204,ACC_000945,MER_00109,1417.78,INR,success,wallet,2026-08-07T02:12:35.760363
TXN_000006205,ACC_000354,MER_00111,197.98,INR,success,card,2026-08-19T16:09:56.760363
TXN_000006206,ACC_000939,MER_00176,45.14,INR,success,card,2026-06-26T14:57:18.760363
TXN_000006207,ACC_000533,MER_00022,144.41,INR,success,wallet,2026-07-06T13:44:44.760363
TXN_000006208,ACC_000093,MER_00142,321.66,INR,success,wallet,2026-07-14T22:06:23.760363
TXN_000006209,ACC_000609,MER_00158,395.39,INR,success,wallet,2026-08-11T15:21:21.760363
TXN_000006210,ACC_000271,MER_00009,376.16,INR,success,card,2026-08-04T00:43:08.760363
TXN_000006211,ACC_000710,MER_00168,113.46,INR,success,wallet,2026-07-16T10:28:38.760363
TXN_000006212,ACC_000556,MER_00113,2248.91,INR,success,upi,2026-06-08T02:30:52.760363
TXN_000006213,ACC_000082,MER_00117,284.7,INR,success,upi,2026-07-27T10:06:23.760363
TXN_000006214,ACC_000856,MER_00171,89.39,INR,success,upi,2026-08-06T13:26:40.760363
TXN_000006215,ACC_000301,MER_00100,217.75,INR,success,upi,2026-08-05T05:17:13.760363
TXN_000006216,ACC_000971,MER_00008,217.51,INR,success,card,2026-05-31T10:34:44.760363
TXN_000006217,ACC_000544,MER_00035,1523.71,INR,success,wallet,2026-06-05T00:48:39.760363
TXN_000006218,ACC_000982,MER_00113,431.51,INR,success,upi,2026-08-03T01:08:42.760363
TXN_000006219,ACC_000675,MER_00192,829.72,INR,pending,net_banking,2026-07-10T12:08:27.760363
TXN_000006220,ACC_000195,MER_00158,336.11,INR,success,card,2026-06-24T21:39:42.760363
TXN_000006221,ACC_000380,MER_00162,192.31,INR,success,net_banking,2026-07-19T02:03:43.760363
TXN_000006222,ACC_000318,MER_00164,336.44,INR,success,card,2026-08-06T14:19:21.760363
TXN_000006223,ACC_000022,MER_00115,567.32,INR,success,net_banking,2026-07-15T17:43:14.760363
TXN_000006224,ACC_000529,MER_00058,282.53,INR,success,wallet,2026-06-24T00:03:48.760363
TXN_000006225,ACC_000699,MER_00109,2478.8,INR,success,wallet,2026-07-26T22:07:22.760363
TXN_000006226,ACC_000522,MER_00080,80.28,INR,success,card,2026-07-18T05:28:07.760363
TXN_000006227,ACC_000171,MER_00121,80.57,INR,success,wallet,2026-05-30T19:24:02.760363
TXN_000006228,ACC_000473,MER_00059,301.68,INR,success,card,2026-08-05T01:48:36.760363
TXN_000006229,ACC_000723,MER_00183,52.18,INR,success,net_banking,2026-07-08T17:54:24.760363
TXN_000006230,ACC_000986,MER_00103,260.65,INR,success,wallet,2026-05-30T23:22:43.760363
TXN_000006231,ACC_000300,MER_00028,118.39,INR,success,card,2026-07-20T03:41:59.760363
TXN_000006232,ACC_000642,MER_00066,412.57,INR,success,net_banking,2026-06-14T00:34:30.760363
TXN_000006233,ACC_000248,MER_00007,93.38,INR,success,card,2026-08-05T00:55:32.760363
TXN_000006234,ACC_000685,MER_00088,206.06,INR,success,net_banking,2026-08-17T19:08:23.760363
TXN_000006235,ACC_000073,MER_00177,301.63,INR,pending,net_banking,2026-07-15T15:51:03.760363
TXN_000006236,ACC_000228,MER_00071,46.41,INR,success,upi,2026-07-02T16:26:14.760363
TXN_000006237,ACC_000647,MER_00157,164.82,INR,success,net_banking,2026-06-18T05:08:41.760363
TXN_000006238,ACC_000457,MER_00014,250.78,INR,success,upi,2026-07-25T02:28:46.760363
TXN_000006239,ACC_000319,MER_00069,258.0,INR,success,card,2026-08-17T07:15:04.760363
TXN_000006240,ACC_000527,MER_00200,1499.46,INR,success,net_banking,2026-06-01T19:29:45.760363
TXN_000006241,ACC_000908,MER_00144,611.63,INR,success,card,2026-05-28T01:15:30.760363
TXN_000006242,ACC_000006,MER_00107,282.71,INR,success,wallet,2026-08-10T01:32:29.760363
TXN_000006243,ACC_000176,MER_00067,315.1,INR,success,net_banking,2026-08-09T18:45:07.760363
TXN_000006244,ACC_000258,MER_00028,98.9,INR,success,card,2026-07-16T21:08:46.760363
TXN_000006245,ACC_000561,MER_00158,910.27,INR,success,upi,2026-05-28T12:08:47.760363
TXN_000006246,ACC_000555,MER_00046,756.15,INR,success,upi,2026-08-22T19:38:52.760363
TXN_000006247,ACC_000914,MER_00126,118.81,INR,success,upi,2026-05-28T08:31:08.760363
TXN_000006248,ACC_000811,MER_00071,62.95,INR,success,net_banking,2026-07-27T07:32:15.760363
TXN_000006249,ACC_000209,MER_00013,154.87,INR,success,net_banking,2026-08-04T12:30:46.760363
TXN_000006250,ACC_000163,MER_00101,352.83,INR,success,card,2026-07-27T16:19:14.760363
TXN_000006251,ACC_000159,MER_00027,186.55,INR,success,net_banking,2026-05-29T00:28:35.760363
TXN_000006252,ACC_000076,MER_00035,725.91,INR,success,upi,2026-06-11T11:07:57.760363
TXN_000006253,ACC_000316,MER_00024,215.92,INR,failed,upi,2026-06-06T11:48:26.760363
TXN_000006254,ACC_000817,MER_00066,178.97,INR,success,net_banking,2026-06-22T14:11:06.760363
TXN_000006255,ACC_000531,MER_00151,122.93,INR,success,card,2026-07-09T03:44:14.760363
TXN_000006256,ACC_000970,MER_00106,61.78,INR,success,net_banking,2026-06-30T21:46:11.760363
TXN_000006257,ACC_000329,MER_00009,282.2,INR,success,wallet,2026-06-15T06:04:28.760363
TXN_000006258,ACC_000545,MER_00118,102.4,INR,success,upi,2026-08-02T23:20:10.760363
TXN_000006259,ACC_000523,MER_00086,156.91,INR,success,card,2026-06-24T11:23:37.760363
TXN_000006260,ACC_000460,MER_00164,241.03,INR,success,net_banking,2026-08-19T03:46:35.760363
TXN_000006261,ACC_000026,MER_00043,200.43,INR,success,wallet,2026-06-12T21:44:04.760363
TXN_000006262,ACC_000498,MER_00189,43.91,INR,success,upi,2026-07-12T16:23:24.760363
TXN_000006263,ACC_000568,MER_00002,219.57,INR,success,wallet,2026-07-16T20:59:02.760363
TXN_000006264,ACC_000047,MER_00083,78.47,INR,success,card,2026-06-22T20:53:11.760363
TXN_000006265,ACC_000173,MER_00052,156.16,INR,success,upi,2026-07-12T23:44:41.760363
TXN_000006266,ACC_000990,MER_00125,581.5,INR,success,card,2026-08-18T10:10:26.760363
TXN_000006267,ACC_000424,MER_00077,235.47,INR,success,wallet,2026-06-14T17:52:24.760363
TXN_000006268,ACC_000007,MER_00067,204.45,INR,success,wallet,2026-07-20T13:01:36.760363
TXN_000006269,ACC_000205,,2208.38,INR,success,net_banking,2026-08-22T03:09:03.760363
TXN_000006270,ACC_INVALID,MER_00200,179.04,INR,success,card,2026-08-12T01:30:44.760363
TXN_000006271,ACC_000161,MER_00069,39.51,INR,success,net_banking,2026-07-25T23:09:51.760363
TXN_000006272,ACC_000792,MER_00022,836.84,INR,success,upi,2026-07-20T11:19:40.760363
TXN_000006273,ACC_000421,MER_00183,452.34,INR,success,upi,2026-06-04T06:44:41.760363
TXN_000006274,ACC_000841,MER_00016,117.09,INR,pending,card,2026-06-19T22:08:06.760363
TXN_000006275,ACC_000186,MER_00141,117.04,INR,success,net_banking,2026-07-07T08:52:31.760363
TXN_000006276,ACC_000847,MER_00086,735.59,INR,success,card,2026-05-31T21:59:03.760363
TXN_000006277,ACC_000510,MER_00011,1196.2,INR,success,upi,2026-08-14T08:09:25.760363
TXN_000006278,ACC_000110,MER_00199,713.43,INR,success,wallet,2026-08-06T00:44:19.760363
TXN_000006279,ACC_000508,MER_00085,31.57,INR,success,upi,2026-06-11T23:39:39.760363
TXN_000006280,ACC_000820,MER_00180,99.21,INR,failed,card,2026-06-07T02:39:27.760363
TXN_000006281,ACC_000668,MER_00187,104.42,INR,success,wallet,2026-08-03T12:22:56.760363
TXN_000006282,ACC_000649,MER_00168,153.27,INR,failed,wallet,2026-08-03T09:52:10.760363
TXN_000006283,ACC_000145,MER_00105,722.4,INR,success,upi,2026-07-27T00:06:33.760363
TXN_000006284,ACC_000689,MER_00092,1659.57,INR,success,wallet,2026-07-17T21:44:01.760363
TXN_000006285,ACC_000696,MER_00192,490.67,INR,success,upi,2026-06-04T13:05:12.760363
TXN_000006286,ACC_000682,MER_00123,125.94,INR,success,wallet,2026-06-05T01:31:50.760363
TXN_000006287,ACC_000031,MER_00001,2807.3,INR,success,wallet,2026-07-29T02:50:52.760363
TXN_000006288,ACC_000971,MER_00094,21.88,INR,success,net_banking,2026-06-10T14:25:39.760363
TXN_000006289,ACC_000220,MER_00094,556.36,INR,success,card,2026-06-21T09:35:24.760363
TXN_000006290,ACC_000823,MER_00140,-500.00,INR,success,net_banking,2026-07-08T11:28:11.760363
TXN_000006291,ACC_000100,MER_00020,178.63,INR,success,upi,2026-07-25T06:57:31.760363
TXN_000006292,ACC_000830,MER_00066,427.1,INR,success,wallet,2026-08-15T01:15:00.760363
TXN_000006293,ACC_000911,MER_00176,266.06,INR,success,card,2026-07-07T17:39:03.760363
TXN_000006294,ACC_000780,MER_00091,223.12,INR,success,upi,2026-06-29T21:02:49.760363
TXN_000006295,ACC_000071,MER_00084,84.18,INR,success,net_banking,2026-06-15T10:06:06.760363
TXN_000006296,ACC_000476,MER_00152,479.14,INR,success,upi,2026-06-21T14:30:29.760363
TXN_000006297,ACC_000150,MER_00161,164.23,INR,success,wallet,2026-07-12T15:33:06.760363
TXN_000006298,ACC_000270,MER_00133,145.65,INR,success,wallet,2026-06-21T06:07:54.760363
TXN_000006299,ACC_000776,MER_00135,70.28,INR,success,wallet,2026-06-04T12:35:07.760363
TXN_000006300,ACC_000862,MER_00101,207.62,INR,pending,wallet,2026-08-11T11:44:14.760363
TXN_000006301,ACC_000498,MER_00002,232.14,INR,pending,upi,2026-08-04T21:34:08.760363
TXN_000006302,ACC_000063,MER_00073,651.56,INR,success,upi,2026-06-14T13:22:42.760363
TXN_000006303,ACC_000706,MER_00078,554.54,INR,success,card,2026-07-08T13:03:05.760363
TXN_000006304,ACC_000485,MER_00103,49.34,INR,success,upi,2026-06-23T04:50:49.760363
TXN_000006305,ACC_000762,MER_00079,138.32,INR,success,card,2026-07-17T06:22:39.760363
TXN_000006306,ACC_000397,MER_00167,1431.99,INR,success,card,2026-06-05T20:46:32.760363
TXN_000006307,ACC_000632,MER_00073,171.64,INR,success,card,2026-06-04T07:42:08.760363
TXN_000006308,ACC_000187,MER_00193,69.82,INR,success,upi,2026-07-09T21:43:29.760363
TXN_000006309,ACC_000208,MER_00175,638.9,INR,success,card,2026-07-18T03:38:20.760363
TXN_000006310,ACC_000228,MER_00059,18.56,INR,success,net_banking,2026-08-13T20:26:22.760363
TXN_000006311,ACC_000936,MER_00055,977.9,INR,success,upi,2026-08-03T09:29:05.760363
TXN_000006312,ACC_000338,MER_00082,143.06,INR,failed,card,2026-07-08T09:00:42.760363
TXN_000006313,ACC_000772,MER_00017,66.15,INR,success,net_banking,2026-07-07T21:49:52.760363
TXN_000006314,ACC_000883,MER_00135,65.17,INR,success,upi,2026-05-30T11:38:23.760363
TXN_000006315,ACC_000356,MER_00093,540.12,INR,success,wallet,2026-06-14T08:16:50.760363
TXN_000006316,ACC_000344,MER_00158,32.28,INR,success,card,2026-06-30T05:19:21.760363
TXN_000006317,ACC_000408,MER_00020,291.53,INR,success,card,2026-06-19T08:19:10.760363
TXN_000006318,ACC_000276,MER_00131,239.39,INR,failed,upi,2026-06-10T07:08:07.760363
TXN_000006319,ACC_000796,MER_00126,123.07,INR,success,wallet,2026-07-10T11:49:15.760363
TXN_000006320,ACC_000833,MER_00148,157.05,INR,success,card,2026-06-22T12:08:14.760363
TXN_000006321,ACC_INVALID,MER_00086,1304.01,INR,success,upi,2026-07-13T14:24:02.760363
TXN_000006322,ACC_000797,MER_00166,1318.5,INR,success,wallet,2026-06-02T04:42:31.760363
TXN_000006323,ACC_000764,MER_00187,2358.99,INR,success,card,2026-07-12T22:55:44.760363
TXN_000006324,ACC_000709,MER_00115,139.52,INR,success,card,2026-08-09T13:18:47.760363
TXN_000006325,ACC_000577,MER_00198,83.5,INR,success,upi,2026-06-01T00:16:46.760363
TXN_000006326,ACC_000875,MER_00095,293.97,INR,success,upi,2026-06-21T02:52:53.760363
TXN_000006327,ACC_000316,MER_00019,1809.75,INR,success,upi,2026-07-16T13:54:27.760363
TXN_000006328,ACC_000513,MER_00170,150.84,INR,success,upi,2026-06-05T10:38:17.760363
TXN_000006329,ACC_000849,MER_00167,742.56,INR,success,wallet,2026-06-10T13:26:26.760363
TXN_000006330,ACC_000823,MER_00003,1755.67,INR,success,wallet,2026-08-15T18:21:58.760363
TXN_000006331,ACC_000828,MER_00026,801.82,INR,success,wallet,2026-08-04T19:24:32.760363
TXN_000006332,ACC_000703,MER_00166,433.15,INR,success,card,2026-06-26T11:40:49.760363
TXN_000006333,ACC_000248,MER_00004,260.42,INR,success,upi,2026-07-05T12:22:28.760363
TXN_000006334,ACC_000014,MER_00105,542.52,INR,success,card,2026-08-04T01:55:25.760363
TXN_000006335,ACC_000579,MER_00174,269.64,INR,success,upi,2026-07-17T04:23:10.760363
TXN_000006336,ACC_000456,MER_00054,487.15,INR,success,upi,2026-06-06T16:19:29.760363
TXN_000006337,ACC_000483,MER_00185,469.66,INR,success,card,2026-07-12T01:24:11.760363
TXN_000006338,ACC_000719,MER_00019,201.32,INR,success,upi,2026-06-25T15:13:47.760363
TXN_000006339,ACC_000415,MER_00021,94.31,INR,success,upi,2026-07-06T03:21:10.760363
TXN_000006340,ACC_000655,MER_00015,68.47,INR,success,net_banking,2026-06-28T00:53:47.760363
TXN_000006341,ACC_000870,MER_00187,86.65,INR,success,net_banking,2026-07-28T12:24:08.760363
TXN_000006342,ACC_000027,MER_00046,680.42,INR,success,upi,2026-06-20T17:04:01.760363
TXN_000006343,ACC_000397,MER_00048,1256.76,INR,success,net_banking,2026-05-30T12:35:36.760363
TXN_000006344,ACC_000686,MER_00171,725.05,INR,success,upi,2026-06-21T03:46:28.760363
TXN_000006345,ACC_000615,MER_00135,196.84,INR,success,net_banking,2026-07-05T10:34:22.760363
TXN_000006346,ACC_000630,MER_00184,451.92,INR,success,net_banking,2026-06-16T03:06:10.760363
TXN_000006347,ACC_000376,MER_00002,1175.7,INR,success,net_banking,2026-07-11T22:39:57.760363
TXN_000006348,,MER_00062,1819.66,INR,success,wallet,2026-08-23T11:39:18.760363
TXN_000006349,ACC_000141,MER_00045,67.74,INR,success,card,2026-06-28T09:11:57.760363
TXN_000006350,ACC_000780,MER_00066,45.78,INR,success,upi,2026-08-09T17:32:51.760363
TXN_000006351,ACC_000437,MER_00192,95.44,INR,success,upi,2026-05-27T17:12:24.760363
TXN_000006352,ACC_000023,MER_00185,519.87,INR,success,card,2026-06-19T02:07:34.760363
TXN_000006353,ACC_000823,MER_00111,347.02,INR,success,wallet,2026-07-08T18:55:03.760363
TXN_000006354,ACC_000575,MER_00142,472.07,INR,success,net_banking,2026-06-30T01:26:02.760363
TXN_000006355,ACC_000735,MER_00133,296.4,INR,success,net_banking,2026-08-21T15:30:04.760363
TXN_000006356,ACC_000955,MER_00181,484.01,INR,success,upi,2026-06-27T23:25:52.760363
TXN_000006357,ACC_000851,MER_00003,1296.75,INR,success,wallet,2026-08-06T14:09:43.760363
TXN_000006358,ACC_000591,MER_00115,448.51,INR,success,wallet,2026-07-18T17:03:58.760363
TXN_000006359,ACC_000712,MER_00191,234.39,INR,success,upi,2026-06-22T16:49:59.760363
TXN_000006360,ACC_000167,MER_00086,564.95,INR,success,net_banking,2026-08-11T14:29:37.760363
TXN_000006361,ACC_000450,MER_00045,238.36,INR,success,upi,2026-06-21T02:46:24.760363
TXN_000006362,ACC_000999,MER_00080,1357.27,INR,success,card,2026-06-25T15:30:15.760363
TXN_000006363,ACC_000679,MER_00039,4087.06,INR,success,upi,2026-07-16T02:16:51.760363
TXN_000006364,ACC_000276,MER_00033,439.57,INR,success,upi,2026-07-03T13:50:09.760363
TXN_000006365,ACC_000566,MER_00129,607.73,INR,success,net_banking,2026-07-05T06:09:53.760363
TXN_000006366,ACC_000189,MER_00007,345.64,INR,success,card,2026-08-23T16:10:54.760363
TXN_000006367,ACC_000389,MER_00095,885.31,INR,success,upi,2026-06-30T21:55:46.760363
TXN_000006368,ACC_000165,MER_00034,63.54,INR,success,wallet,2026-06-12T22:39:42.760363
TXN_000006369,ACC_000147,MER_00163,272.54,INR,success,card,2026-06-28T15:52:37.760363
TXN_000006370,ACC_000990,MER_00089,92.38,INR,success,upi,2026-06-13T15:34:13.760363
TXN_000006371,ACC_000905,MER_00003,402.1,INR,success,wallet,2026-06-30T05:18:36.760363
TXN_000006372,ACC_000594,MER_00142,982.49,INR,success,upi,2026-07-28T07:34:28.760363
TXN_000006373,ACC_000783,MER_00150,281.13,INR,success,card,2026-05-26T21:12:17.760363
TXN_000006374,ACC_000434,MER_00135,602.34,INR,success,card,2026-06-14T02:09:37.760363
TXN_000006375,ACC_000682,MER_00080,184.31,INR,success,net_banking,2026-06-18T03:28:48.760363
TXN_000006376,ACC_000394,MER_00108,169.37,INR,success,net_banking,2026-07-15T10:22:55.760363
TXN_000006377,ACC_000726,MER_00060,172.61,INR,success,card,2026-07-07T08:47:08.760363
TXN_000006378,ACC_000783,MER_00042,3614.03,INR,success,wallet,2026-06-17T22:18:10.760363
TXN_000006379,ACC_000069,MER_00115,872.17,INR,success,card,2026-06-30T11:52:02.760363
TXN_000006380,ACC_000407,MER_00042,184.32,INR,success,net_banking,2026-06-17T02:39:22.760363
TXN_000006381,ACC_000715,MER_00191,786.43,INR,success,upi,2026-08-02T13:12:46.760363
TXN_000006382,ACC_000317,MER_00129,300.75,INR,success,wallet,2026-06-17T06:13:11.760363
TXN_000006383,ACC_000504,MER_00075,251.27,INR,success,card,2026-08-24T08:27:11.760363
TXN_000006384,ACC_000678,MER_00170,1413.98,INR,success,net_banking,2026-06-27T06:53:07.760363
TXN_000006385,ACC_000679,MER_00106,145.29,INR,success,card,2026-07-17T08:32:09.760363
TXN_000006386,ACC_000601,MER_00191,773.63,INR,success,net_banking,2026-06-15T09:46:38.760363
TXN_000006387,ACC_000917,MER_00017,90.11,INR,success,card,2026-06-08T10:20:03.760363
TXN_000006388,ACC_000498,MER_00150,779.31,INR,success,card,2026-08-24T15:58:50.760363
TXN_000006389,ACC_000974,MER_00049,219.27,INR,pending,card,2026-07-26T11:29:55.760363
TXN_000006390,ACC_000162,MER_00122,212.74,INR,success,wallet,2026-08-18T14:21:13.760363
TXN_000006391,ACC_000708,MER_00151,194.5,INR,success,card,2026-08-14T08:33:12.760363
TXN_000006392,ACC_000178,MER_00148,217.06,INR,success,wallet,2026-08-12T02:39:50.760363
TXN_000006393,ACC_000936,MER_00147,1143.84,INR,success,upi,2026-07-13T05:06:02.760363
TXN_000006394,ACC_000016,MER_00020,66.42,INR,success,upi,2026-07-27T07:07:29.760363
TXN_000006395,ACC_000618,MER_00175,63.25,INR,success,card,2026-08-13T11:23:13.760363
TXN_000006396,ACC_000580,MER_00038,94.15,INR,success,wallet,2026-06-29T21:07:11.760363
TXN_000006397,ACC_000779,MER_00055,615.26,INR,success,wallet,2026-08-01T12:13:33.760363
TXN_000006398,ACC_000174,MER_00083,117.46,INR,success,net_banking,2026-07-31T07:37:12.760363
TXN_000006399,ACC_000760,MER_00187,528.11,INR,success,net_banking,2026-08-14T07:34:18.760363
TXN_000006400,ACC_000122,MER_00082,64.22,INR,success,card,2026-08-08T05:37:39.760363
TXN_000006401,ACC_000805,MER_00140,200.6,INR,success,net_banking,2026-08-18T06:32:13.760363
TXN_000006402,ACC_000914,MER_00127,87.18,INR,success,upi,2026-08-17T00:59:50.760363
TXN_000006403,ACC_000836,MER_00054,498.25,INR,success,wallet,2026-06-07T11:06:25.760363
TXN_000006404,ACC_000478,MER_00190,344.02,INR,success,net_banking,2026-06-22T07:01:56.760363
TXN_000006405,ACC_000715,MER_00118,585.68,INR,success,card,2026-06-28T21:45:51.760363
TXN_000006406,ACC_000579,MER_00009,204.64,INR,success,wallet,2026-06-30T11:51:41.760363
TXN_000006407,ACC_000693,MER_00112,92.29,INR,success,net_banking,2026-05-27T23:08:39.760363
TXN_000006408,ACC_000795,MER_00013,627.67,INR,success,card,2026-07-20T23:58:33.760363
TXN_000006409,ACC_000959,MER_00035,1027.25,INR,failed,card,2026-06-19T12:00:29.760363
TXN_000006410,ACC_000938,MER_00063,57.81,INR,success,upi,2026-08-18T07:54:08.760363
TXN_000006411,ACC_000674,MER_00109,352.43,INR,success,card,2026-06-11T14:38:38.760363
TXN_000006412,ACC_000648,MER_00118,833.37,INR,success,net_banking,2026-07-06T08:44:32.760363
TXN_000006413,ACC_000668,MER_00182,210.92,INR,success,net_banking,2026-05-27T18:01:25.760363
TXN_000006414,ACC_000345,MER_00076,290.89,INR,success,card,2026-07-16T20:04:39.760363
TXN_000006415,ACC_000029,MER_00139,1059.44,INR,success,wallet,2026-07-14T09:02:34.760363
TXN_000006416,ACC_000388,MER_00134,1108.24,INR,success,upi,2026-06-02T06:56:28.760363
TXN_000006417,ACC_000154,MER_00166,57.29,INR,success,upi,2026-06-12T22:56:35.760363
TXN_000006418,ACC_000250,MER_00057,30.02,INR,success,wallet,2026-07-31T16:46:47.760363
TXN_000006419,ACC_000270,MER_00035,86.84,INR,success,card,2026-06-23T19:01:18.760363
TXN_000006420,ACC_000525,MER_00027,301.63,INR,success,card,2026-08-07T03:49:25.760363
TXN_000006421,ACC_000191,MER_00094,190.48,INR,success,upi,2026-06-02T17:37:10.760363
TXN_000006422,ACC_000774,MER_00135,210.98,INR,success,card,2026-06-29T08:55:08.760363
TXN_000006423,ACC_000286,MER_00039,753.35,INR,success,upi,2026-07-16T10:07:12.760363
TXN_000006424,ACC_000918,MER_00027,61.29,INR,success,card,2026-07-31T23:43:03.760363
TXN_000006425,ACC_000781,MER_00115,221.07,INR,success,wallet,2026-08-03T02:30:04.760363
TXN_000006426,ACC_000763,MER_00140,49.25,INR,success,card,2026-06-07T11:36:35.760363
TXN_000006427,ACC_000289,MER_00028,204.95,INR,success,net_banking,2026-07-24T15:58:06.760363
TXN_000006428,ACC_000825,MER_00154,371.0,INR,success,net_banking,2026-06-29T09:00:42.760363
TXN_000006429,ACC_000195,MER_00174,421.32,INR,success,upi,2026-08-03T08:15:06.760363
TXN_000006430,ACC_000051,,657.09,INR,failed,upi,2026-07-26T07:45:25.760363
TXN_000006431,ACC_000062,MER_00139,116.38,INR,success,wallet,2026-06-27T23:38:27.760363
TXN_000006432,ACC_000349,MER_00185,31.78,INR,success,upi,2026-07-11T22:35:06.760363
TXN_000006433,ACC_000744,MER_00194,136.68,INR,success,wallet,2026-06-15T12:02:21.760363
TXN_000006434,ACC_000236,MER_00154,1532.23,INR,success,upi,2026-07-12T06:12:31.760363
TXN_000006435,ACC_000337,MER_00086,52.72,INR,success,wallet,2026-06-09T13:45:09.760363
TXN_000006436,ACC_000327,MER_00152,400.16,INR,success,net_banking,2026-07-01T08:52:17.760363
TXN_000006437,ACC_000098,MER_00138,192.98,INR,success,card,2026-08-16T14:25:15.760363
TXN_000006438,ACC_000167,MER_00198,32.94,INR,success,upi,2026-08-04T18:01:55.760363
TXN_000006439,ACC_000404,MER_00002,113.99,INR,success,wallet,2026-08-23T04:29:35.760363
TXN_000006440,ACC_000850,MER_00159,70.62,INR,success,card,2026-06-12T16:59:30.760363
TXN_000006441,ACC_000867,MER_00139,85.31,INR,success,card,2026-08-01T21:57:20.760363
TXN_000006442,ACC_000055,MER_00037,648.41,INR,success,card,2026-06-28T12:44:10.760363
TXN_000006443,ACC_000980,MER_00054,844.99,INR,success,card,2026-08-19T07:17:13.760363
TXN_000006444,ACC_000645,MER_00140,1444.04,INR,success,upi,2026-07-25T07:25:52.760363
TXN_000006445,ACC_000826,MER_00005,49.84,INR,success,card,2026-06-03T20:05:23.760363
TXN_000006446,ACC_000799,MER_00075,192.28,INR,success,wallet,2026-06-02T20:00:15.760363
TXN_000006447,ACC_000405,MER_00172,57.57,INR,success,wallet,2026-06-21T21:04:41.760363
TXN_000006448,ACC_000847,MER_00021,22.81,INR,success,wallet,2026-07-18T19:19:10.760363
TXN_000006449,ACC_000793,MER_00151,159.63,INR,success,card,2026-08-01T18:27:10.760363
TXN_000006450,ACC_000396,MER_00135,402.3,INR,pending,upi,2026-06-29T22:14:10.760363
TXN_000006451,ACC_000217,MER_00040,37.27,INR,pending,wallet,2026-07-11T19:43:54.760363
TXN_000006452,ACC_000572,MER_00107,74.3,INR,success,wallet,2026-07-16T14:27:11.760363
TXN_000006453,ACC_000912,MER_00136,352.82,INR,success,upi,2026-08-01T18:55:10.760363
TXN_000006454,ACC_000126,MER_00102,88.27,INR,success,card,2026-08-22T05:17:54.760363
TXN_000006455,ACC_000721,MER_00079,450.56,INR,success,wallet,2026-07-21T13:31:46.760363
TXN_000006456,ACC_000668,MER_00137,93.69,INR,success,net_banking,2026-08-19T20:16:21.760363
TXN_000006457,ACC_000919,MER_00018,722.95,INR,success,wallet,2026-06-07T05:36:41.760363
TXN_000006458,ACC_000069,MER_00140,82.1,INR,success,net_banking,2026-06-20T10:11:32.760363
TXN_000006459,ACC_000037,MER_00192,887.0,INR,success,net_banking,2026-07-23T17:15:21.760363
TXN_000006460,ACC_000512,MER_00147,191.59,INR,success,card,2026-07-31T15:24:50.760363
TXN_000006461,ACC_000932,MER_00129,985.33,INR,success,net_banking,2026-07-31T02:30:53.760363
TXN_000006462,ACC_000332,MER_00018,253.64,INR,success,card,2026-06-27T06:03:33.760363
TXN_000006463,ACC_000435,MER_00174,1431.77,INR,success,wallet,2026-07-30T08:40:05.760363
TXN_000006464,ACC_000844,MER_00163,297.56,INR,success,upi,2026-06-23T14:06:42.760363
TXN_000006465,ACC_000074,MER_00011,157.0,INR,success,upi,2026-07-15T19:27:36.760363
TXN_000006466,ACC_000184,MER_00039,229.87,INR,success,card,2026-08-08T12:13:36.760363
TXN_000006467,ACC_000321,MER_00063,136.44,INR,success,net_banking,2026-08-16T19:11:21.760363
TXN_000006468,ACC_000609,MER_00165,116.26,INR,success,upi,2026-07-08T06:04:49.760363
TXN_000006469,ACC_000271,MER_00184,761.73,INR,success,card,2026-06-07T21:01:57.760363
TXN_000006470,ACC_000237,MER_00005,1500.1,INR,success,card,2026-08-04T06:02:54.760363
TXN_000006471,ACC_000854,MER_00058,436.53,INR,success,net_banking,2026-06-16T22:07:49.760363
TXN_000006472,ACC_000324,MER_00117,97.97,INR,success,wallet,2026-07-20T12:07:33.760363
TXN_000006473,ACC_000431,MER_00158,161.86,INR,success,wallet,2026-08-10T10:19:44.760363
TXN_000006474,ACC_000521,MER_00196,124.57,INR,success,wallet,2026-07-29T00:42:01.760363
TXN_000006475,ACC_000068,MER_00127,93.34,INR,success,upi,2026-07-20T16:24:26.760363
TXN_000006476,ACC_000209,MER_00044,1612.48,INR,success,card,2026-06-29T09:45:50.760363
TXN_000006477,ACC_000492,MER_00100,127.12,INR,success,card,2026-06-11T07:50:33.760363
TXN_000006478,ACC_000641,MER_00045,105.05,INR,success,net_banking,2026-08-07T08:58:03.760363
TXN_000006479,ACC_000906,MER_00182,1031.5,INR,pending,wallet,2026-08-24T04:20:59.760363
TXN_000006480,ACC_000116,MER_00021,85.87,INR,success,wallet,2026-07-31T22:49:59.760363
TXN_000006481,ACC_000853,MER_00039,442.25,INR,success,card,2026-08-22T22:23:32.760363
TXN_000006482,ACC_000802,MER_00161,136.43,INR,success,card,2026-08-01T08:06:55.760363
TXN_000006483,ACC_000748,MER_00027,128.37,INR,success,card,2026-07-01T16:34:40.760363
TXN_000006484,ACC_000928,MER_00110,297.56,INR,success,upi,2026-07-20T06:49:26.760363
TXN_000006485,ACC_000157,MER_00162,76.61,INR,success,upi,2026-07-08T16:39:46.760363
TXN_000006486,ACC_000135,MER_00019,47.69,INR,success,wallet,2026-08-11T16:29:18.760363
TXN_000006487,ACC_000673,MER_00129,408.47,INR,success,card,2026-06-11T00:05:09.760363
TXN_000006488,ACC_000935,MER_00171,1216.27,INR,success,card,2026-07-14T16:02:40.760363
TXN_000006489,ACC_000238,MER_00088,540.83,INR,failed,wallet,2026-06-25T12:29:09.760363
TXN_000006490,ACC_000736,MER_00079,659.45,INR,pending,card,2026-08-06T13:55:18.760363
TXN_000006491,ACC_000625,MER_00124,378.34,INR,success,upi,2026-08-08T17:10:46.760363
TXN_000006492,ACC_000316,MER_00198,313.88,INR,success,upi,2026-06-23T20:17:45.760363
TXN_000006493,ACC_000481,MER_00038,286.55,INR,failed,upi,2026-08-20T05:26:50.760363
TXN_000006494,ACC_000093,MER_00182,239.27,INR,success,net_banking,2026-08-09T10:47:03.760363
TXN_000006495,ACC_000217,MER_00142,93.74,INR,success,card,2026-07-26T02:14:58.760363
TXN_000006496,ACC_000592,MER_00122,529.68,INR,success,card,2026-07-04T19:10:07.760363
TXN_000006497,ACC_000532,MER_00124,672.72,INR,pending,card,2026-06-14T08:15:56.760363
TXN_000006498,ACC_000166,MER_00163,156.55,INR,success,net_banking,2026-07-17T11:54:00.760363
TXN_000006499,ACC_000851,MER_00011,984.43,INR,success,upi,2026-07-24T01:24:24.760363
TXN_000006500,ACC_000615,MER_00033,213.83,INR,success,upi,2026-06-23T22:07:23.760363
TXN_000006501,ACC_000693,MER_00076,158.5,INR,success,card,2026-06-27T08:47:18.760363
TXN_000006502,ACC_000054,MER_00035,191.96,INR,success,wallet,2026-06-16T20:23:32.760363
TXN_000006503,ACC_000815,MER_00129,964.51,INR,success,net_banking,2026-08-06T02:27:12.760363
TXN_000006504,ACC_000953,MER_00010,96.84,INR,success,wallet,2026-08-20T14:31:27.760363
TXN_000006505,ACC_000057,MER_00113,1599.03,INR,success,card,2026-07-25T03:05:59.760363
TXN_000006506,ACC_000617,MER_00162,164.11,INR,success,net_banking,2026-07-08T12:09:01.760363
TXN_000006507,ACC_000574,MER_00139,136.49,INR,success,net_banking,2026-06-29T18:05:01.760363
TXN_000006508,ACC_000072,MER_00101,12.9,INR,success,wallet,2026-06-02T05:11:04.760363
TXN_000006509,ACC_000811,MER_00045,129.21,INR,success,net_banking,2026-06-10T15:36:12.760363
TXN_000006510,ACC_000316,MER_00158,1005.88,INR,success,upi,2026-08-23T03:55:36.760363
TXN_000006511,ACC_000140,MER_00109,274.25,INR,success,net_banking,2026-06-26T09:55:10.760363
TXN_000006512,ACC_000353,MER_00155,610.09,INR,success,wallet,2026-08-06T12:26:47.760363
TXN_000006513,ACC_000037,MER_00149,56.75,INR,success,card,2026-07-18T07:46:49.760363
TXN_000006514,ACC_000480,MER_00092,187.19,INR,success,upi,2026-06-28T13:11:06.760363
TXN_000006515,ACC_000349,MER_00194,248.37,INR,success,card,2026-07-28T03:25:15.760363
TXN_000006516,ACC_000019,MER_00187,261.15,INR,success,card,2026-06-30T09:58:26.760363
TXN_000006517,ACC_000006,MER_00091,399.01,INR,pending,wallet,2026-07-22T14:18:24.760363
TXN_000006518,ACC_000414,MER_00004,167.32,INR,success,card,2026-06-02T18:31:49.760363
TXN_000006519,ACC_000240,MER_00046,247.97,INR,success,card,2026-08-16T13:01:31.760363
TXN_000006520,ACC_000515,MER_00067,259.23,INR,success,upi,2026-06-14T19:57:37.760363
TXN_000006521,ACC_000817,MER_00094,445.7,INR,success,net_banking,2026-08-01T22:11:47.760363
TXN_000006522,ACC_000559,MER_00012,383.42,INR,success,wallet,2026-08-22T12:18:42.760363
TXN_000006523,ACC_000012,MER_00004,522.52,INR,success,net_banking,2026-07-24T03:25:31.760363
TXN_000006524,ACC_000696,MER_00140,89.5,INR,success,card,2026-06-05T13:39:44.760363
TXN_000006525,ACC_000984,MER_00055,198.11,INR,success,net_banking,2026-07-18T19:35:10.760363
TXN_000006526,ACC_000252,MER_00133,588.26,INR,success,net_banking,2026-06-10T20:35:49.760363
TXN_000006527,ACC_000655,MER_00022,739.53,INR,success,wallet,2026-07-06T01:48:59.760363
TXN_000006528,ACC_000573,MER_00029,1192.58,INR,success,upi,2026-08-02T18:40:26.760363
TXN_000006529,ACC_000748,MER_00168,265.67,INR,success,net_banking,2026-08-08T14:00:13.760363
TXN_000006530,ACC_000124,MER_00013,454.49,INR,success,wallet,2026-07-16T23:53:38.760363
TXN_000006531,ACC_000550,MER_00027,427.96,INR,success,upi,2026-06-07T03:54:52.760363
TXN_000006532,ACC_000550,MER_00054,280.14,INR,success,net_banking,2026-06-17T19:42:49.760363
TXN_000006533,ACC_000548,MER_00048,395.9,INR,success,net_banking,2026-08-21T22:52:33.760363
TXN_000006534,ACC_000206,MER_00036,620.29,INR,success,wallet,2026-08-03T22:59:55.760363
TXN_000006535,ACC_000196,MER_00163,356.74,INR,success,card,2026-06-22T15:05:32.760363
TXN_000006536,ACC_000551,MER_00183,224.91,INR,success,net_banking,2026-07-08T06:40:29.760363
TXN_000006537,ACC_000244,MER_00107,941.24,INR,success,upi,2026-08-23T16:11:49.760363
TXN_000006538,ACC_000118,MER_00042,857.59,INR,success,wallet,2026-06-12T16:08:22.760363
TXN_000006539,ACC_000297,MER_00186,65.39,INR,success,upi,2026-06-09T16:14:17.760363
TXN_000006540,ACC_000831,MER_00189,224.79,INR,pending,net_banking,2026-06-09T13:29:41.760363
TXN_000006541,ACC_000857,MER_00123,80.97,INR,success,upi,2026-07-29T06:22:12.760363
TXN_000006542,ACC_000299,MER_00095,185.88,INR,success,upi,2026-06-01T19:16:08.760363
TXN_000006543,ACC_000012,MER_00144,57.5,INR,success,net_banking,2026-06-22T13:18:31.760363
TXN_000006544,ACC_000536,MER_00072,368.42,INR,success,card,2026-06-23T09:19:16.760363
TXN_000006545,ACC_000971,MER_00152,138.31,INR,failed,upi,2026-06-30T11:11:40.760363
TXN_000006546,ACC_000520,MER_00056,113.37,INR,success,upi,2026-08-12T20:29:32.760363
TXN_000006547,ACC_000770,MER_00089,74.85,INR,success,wallet,2026-08-14T10:55:38.760363
TXN_000006548,ACC_000805,MER_00040,1245.38,INR,success,card,2026-06-17T09:42:58.760363
TXN_000006549,ACC_000036,MER_00144,769.56,INR,success,upi,2026-08-16T00:38:34.760363
TXN_000006550,ACC_000516,MER_00178,94.72,INR,success,card,2026-08-23T05:10:13.760363
TXN_000006551,ACC_000153,MER_00189,57.48,INR,failed,upi,2026-08-23T17:19:44.760363
TXN_000006552,ACC_000225,MER_00007,264.88,INR,success,net_banking,2026-08-19T05:46:42.760363
TXN_000006553,ACC_000210,MER_00098,193.01,INR,success,card,2026-07-08T10:49:01.760363
TXN_000006554,ACC_000115,MER_00084,104.77,INR,success,wallet,2026-06-27T06:48:44.760363
TXN_000006555,ACC_000516,MER_00158,117.23,INR,success,card,2026-08-21T04:38:53.760363
TXN_000006556,ACC_000016,MER_00172,76.26,INR,success,card,2026-07-02T16:44:57.760363
TXN_000006557,ACC_000202,MER_00053,188.6,INR,success,upi,2026-08-08T21:27:06.760363
TXN_000006558,ACC_000113,MER_00082,266.7,INR,success,card,2026-05-30T22:48:25.760363
TXN_000006559,ACC_000015,MER_00051,27.13,INR,success,upi,2026-07-22T02:50:17.760363
TXN_000006560,ACC_000552,MER_00043,175.96,INR,success,wallet,2026-06-18T13:11:38.760363
TXN_000006561,ACC_000848,MER_00080,131.79,INR,success,card,2026-08-17T00:46:25.760363
TXN_000006562,ACC_000844,MER_00071,116.55,INR,success,card,2026-08-15T08:43:12.760363
TXN_000006563,ACC_000364,MER_00074,232.04,INR,success,net_banking,2026-08-01T08:18:01.760363
TXN_000006564,ACC_000768,MER_00019,822.21,INR,success,card,2026-07-22T13:32:15.760363
TXN_000006565,ACC_000560,MER_00078,116.55,INR,success,upi,2026-08-08T07:33:43.760363
TXN_000006566,ACC_000527,MER_00079,1640.29,INR,success,card,2026-07-01T08:48:06.760363
TXN_000006567,ACC_000519,MER_00080,386.59,INR,success,upi,2026-07-22T17:57:41.760363
TXN_000006568,ACC_000750,MER_00067,1287.72,INR,success,wallet,2026-07-01T13:41:05.760363
TXN_000006569,ACC_000170,MER_00076,252.28,INR,success,card,2026-07-20T05:30:59.760363
TXN_000006570,ACC_000097,MER_00125,87.18,INR,success,card,2026-05-30T15:55:54.760363
TXN_000006571,ACC_000832,MER_00037,99.85,INR,success,wallet,2026-06-14T22:34:22.760363
TXN_000006572,ACC_000698,MER_00155,1613.49,INR,success,wallet,2026-06-14T15:06:27.760363
TXN_000006573,ACC_000647,MER_00174,225.94,INR,success,card,2026-06-18T20:56:23.760363
TXN_000006574,ACC_000130,MER_00144,146.98,INR,success,upi,2026-08-12T15:24:50.760363
TXN_000006575,ACC_000446,MER_00195,267.14,INR,success,upi,2026-07-07T17:00:25.760363
TXN_000006576,ACC_000675,MER_00044,68.68,INR,success,wallet,2026-05-30T14:36:44.760363
TXN_000006577,ACC_000732,MER_00083,151.77,INR,success,wallet,2026-06-17T02:07:00.760363
TXN_000006578,ACC_000364,MER_00008,132.1,INR,success,card,2026-07-06T21:06:30.760363
TXN_000006579,ACC_000012,MER_00162,449.76,INR,success,upi,2026-06-25T04:34:52.760363
TXN_000006580,ACC_000324,MER_00183,607.55,INR,pending,card,2026-08-11T07:19:56.760363
TXN_000006581,ACC_000411,MER_00189,293.53,INR,success,card,2026-07-19T04:00:11.760363
TXN_000006582,ACC_000670,MER_00012,95.04,INR,success,upi,2026-06-08T09:51:26.760363
TXN_000006583,ACC_000596,MER_00010,270.29,INR,success,net_banking,2026-07-08T21:51:34.760363
TXN_000006584,ACC_000157,MER_00033,176.75,INR,success,wallet,2026-06-20T21:17:14.760363
TXN_000006585,ACC_000640,MER_00054,289.61,INR,success,wallet,2026-06-04T14:15:59.760363
TXN_000006586,ACC_000572,MER_00034,299.5,INR,success,card,2026-08-09T14:00:24.760363
TXN_000006587,ACC_000220,MER_00131,265.54,INR,success,net_banking,2026-08-07T03:39:16.760363
TXN_000006588,ACC_000535,MER_00142,159.85,INR,success,card,2026-08-18T19:00:26.760363
TXN_000006589,ACC_000006,MER_00191,825.37,INR,success,upi,2026-06-14T07:06:40.760363
TXN_000006590,ACC_000004,MER_00069,319.31,INR,success,card,2026-08-14T09:40:59.760363
TXN_000006591,ACC_000455,MER_00199,243.8,INR,success,net_banking,2026-07-23T20:33:32.760363
TXN_000006592,ACC_000107,MER_00098,282.07,INR,success,card,2026-07-18T13:45:56.760363
TXN_000006593,ACC_000796,MER_00116,52.32,INR,success,upi,2026-05-29T11:08:09.760363
TXN_000006594,ACC_000338,MER_00056,1307.8,INR,success,wallet,2026-07-11T11:41:01.760363
TXN_000006595,ACC_000240,MER_00023,197.37,INR,success,net_banking,2026-07-09T23:44:58.760363
TXN_000006596,ACC_000432,MER_00050,66.88,INR,success,upi,2026-08-15T13:51:35.760363
TXN_000006597,ACC_000223,MER_00088,99.95,INR,success,net_banking,2026-07-06T02:41:36.760363
TXN_000006598,ACC_000723,MER_00029,301.93,INR,pending,upi,2026-07-24T07:20:44.760363
TXN_000006599,,MER_00083,113.44,INR,success,wallet,2026-06-25T07:46:18.760363
TXN_000006600,ACC_000626,MER_00096,130.87,INR,success,card,2026-07-24T15:37:42.760363
TXN_000006601,ACC_000758,MER_00031,549.83,INR,success,upi,2026-07-13T01:28:08.760363
TXN_000006602,ACC_000154,MER_00112,119.33,INR,success,wallet,2026-05-28T17:17:50.760363
TXN_000006603,ACC_000836,MER_00025,33.21,INR,success,card,2026-07-29T04:53:56.760363
TXN_000006604,ACC_000007,MER_00069,42.32,INR,success,wallet,2026-08-03T17:49:01.760363
TXN_000006605,ACC_000120,MER_00069,223.12,INR,success,upi,2026-06-05T21:13:24.760363
TXN_000006606,ACC_000902,MER_00047,204.62,INR,success,net_banking,2026-06-17T20:00:56.760363
TXN_000006607,ACC_000432,MER_00076,108.16,INR,success,net_banking,2026-07-10T22:52:54.760363
TXN_000006608,ACC_000696,MER_00120,438.61,INR,success,card,2026-05-29T14:45:09.760363
TXN_000006609,ACC_000331,MER_00046,111.54,INR,success,upi,2026-07-25T17:42:51.760363
TXN_000006610,ACC_000434,MER_00051,69.05,INR,success,upi,2026-06-05T05:51:14.760363
TXN_000006611,ACC_000823,MER_00155,646.39,INR,success,net_banking,2026-07-20T13:48:34.760363
TXN_000006612,ACC_000803,MER_00035,233.58,INR,success,upi,2026-08-05T20:08:42.760363
TXN_000006613,ACC_000048,MER_00169,912.28,INR,success,card,2026-05-28T06:54:17.760363
TXN_000006614,ACC_000264,MER_00190,595.16,INR,success,card,2026-08-23T20:45:58.760363
TXN_000006615,ACC_000085,MER_00054,453.41,INR,success,wallet,2026-08-18T00:29:55.760363
TXN_000006616,ACC_000612,MER_00191,354.86,INR,success,wallet,2026-07-30T09:06:02.760363
TXN_000006617,ACC_000903,MER_00106,167.95,INR,success,upi,2026-07-12T01:30:20.760363
TXN_000006618,ACC_000587,MER_00110,55.29,INR,success,net_banking,2026-08-07T12:02:02.760363
TXN_000006619,ACC_000851,MER_00195,243.49,INR,success,card,2026-05-31T06:18:50.760363
TXN_000006620,ACC_000726,MER_00058,470.79,INR,success,card,2026-07-23T13:01:50.760363
TXN_000006621,ACC_000287,MER_00173,249.35,INR,success,net_banking,2026-07-10T09:31:55.760363
TXN_000006622,ACC_000375,MER_00052,282.97,INR,success,card,2026-06-24T19:09:13.760363
TXN_000006623,ACC_000871,MER_00165,72.33,INR,success,net_banking,2026-08-15T08:14:09.760363
TXN_000006624,ACC_000327,MER_00011,128.68,INR,success,wallet,2026-08-16T03:25:26.760363
TXN_000006625,ACC_000228,MER_00066,164.62,INR,success,card,2026-05-27T15:59:47.760363
TXN_000006626,ACC_000148,MER_00156,433.29,INR,success,wallet,2026-07-31T02:25:23.760363
TXN_000006627,ACC_000177,MER_00167,95.41,INR,success,net_banking,2026-08-24T16:19:12.760363
TXN_000006628,ACC_000158,MER_00150,1211.57,INR,success,net_banking,2026-06-19T05:00:36.760363
TXN_000006629,ACC_000259,MER_00016,724.19,INR,success,upi,2026-07-22T23:21:06.760363
TXN_000006630,ACC_000420,MER_00069,216.05,INR,success,net_banking,2026-08-09T22:20:13.760363
TXN_000006631,ACC_000439,MER_00028,1967.9,INR,success,wallet,2026-07-14T17:31:23.760363
TXN_000006632,ACC_000819,MER_00126,256.2,INR,success,card,2026-07-24T17:45:27.760363
TXN_000006633,ACC_000560,MER_00152,265.35,INR,success,net_banking,2026-08-19T05:37:48.760363
TXN_000006634,ACC_000845,MER_00051,120.4,INR,success,wallet,2026-07-06T11:21:17.760363
TXN_000006635,ACC_000438,MER_00137,240.54,INR,success,wallet,2026-08-14T13:54:59.760363
TXN_000006636,ACC_000545,MER_00018,356.12,INR,success,wallet,2026-08-16T16:15:05.760363
TXN_000006637,ACC_000563,MER_00076,215.85,INR,success,wallet,2026-06-01T19:08:52.760363
TXN_000006638,ACC_000907,MER_00018,324.95,INR,success,net_banking,2026-06-01T12:23:06.760363
TXN_000006639,ACC_000040,MER_00142,36.37,INR,success,upi,2026-07-13T12:23:32.760363
TXN_000006640,ACC_000325,MER_00065,2522.88,INR,success,upi,2026-06-07T02:12:09.760363
TXN_000006641,ACC_000988,MER_00083,157.14,INR,success,wallet,2026-06-28T10:45:24.760363
TXN_000006642,ACC_000718,MER_00061,119.44,INR,success,wallet,2026-07-07T21:02:01.760363
TXN_000006643,ACC_000632,MER_00049,749.72,INR,success,card,2026-07-26T05:58:34.760363
TXN_000006644,ACC_000702,MER_00060,2034.21,INR,success,wallet,2026-07-19T16:15:11.760363
TXN_000006645,ACC_000593,MER_00150,87.4,INR,success,card,2026-07-17T18:00:34.760363
TXN_000006646,ACC_000353,MER_00042,110.03,INR,success,net_banking,2026-07-31T04:57:49.760363
TXN_000006647,ACC_000544,MER_00075,489.5,INR,success,net_banking,2026-06-20T22:20:45.760363
TXN_000006648,ACC_000823,MER_00002,153.42,INR,success,card,2026-06-27T10:08:19.760363
TXN_000006649,ACC_000279,MER_00190,597.88,INR,success,net_banking,2026-08-13T02:23:16.760363
TXN_000006650,ACC_000261,MER_00146,313.57,INR,success,upi,2026-08-02T11:34:46.760363
TXN_000006651,ACC_000215,MER_00117,273.31,INR,success,net_banking,2026-07-23T05:11:33.760363
TXN_000006652,ACC_000308,MER_00106,167.03,INR,success,card,2026-08-05T14:09:44.760363
TXN_000006653,ACC_000728,MER_00094,1119.93,INR,success,wallet,2026-07-25T02:29:30.760363
TXN_000006654,ACC_000658,MER_00130,1116.31,INR,pending,upi,2026-06-26T18:58:45.760363
TXN_000006655,ACC_000159,MER_00013,152.36,INR,success,card,2026-08-04T17:48:52.760363
TXN_000006656,ACC_000783,MER_00169,116.78,INR,success,card,2026-08-22T06:18:57.760363
TXN_000006657,ACC_000399,MER_00016,588.6,INR,success,upi,2026-05-30T00:32:16.760363
TXN_000006658,ACC_000591,MER_00124,740.24,INR,success,net_banking,2026-06-05T08:13:20.760363
TXN_000006659,ACC_000697,MER_00036,209.12,INR,success,wallet,2026-07-08T10:48:00.760363
TXN_000006660,ACC_000886,MER_00039,441.9,INR,success,wallet,2026-07-06T18:57:53.760363
TXN_000006661,ACC_000651,MER_00169,69.9,INR,success,net_banking,2026-08-17T12:14:50.760363
TXN_000006662,ACC_000093,MER_00008,303.32,INR,success,upi,2026-06-21T13:07:28.760363
TXN_000006663,ACC_000256,MER_00187,135.9,INR,failed,net_banking,2026-06-19T03:27:08.760363
TXN_000006664,ACC_000308,MER_00003,288.05,INR,success,wallet,2026-07-08T13:32:45.760363
TXN_000006665,ACC_000019,MER_00173,148.72,INR,success,upi,2026-07-11T03:29:10.760363
TXN_000006666,ACC_000123,MER_00161,529.22,INR,success,wallet,2026-06-05T19:01:44.760363
TXN_000006667,ACC_000209,MER_00165,332.67,INR,failed,card,2026-07-05T06:30:39.760363
TXN_000006668,ACC_000597,MER_00136,195.2,INR,success,net_banking,2026-06-29T03:14:51.760363
TXN_000006669,ACC_000022,MER_00102,602.42,INR,success,upi,2026-06-06T16:52:35.760363
TXN_000006670,ACC_000099,MER_00176,944.4,INR,success,wallet,2026-06-22T17:51:59.760363
TXN_000006671,ACC_000216,MER_00010,75.66,INR,success,wallet,2026-06-05T21:16:14.760363
TXN_000006672,ACC_000728,MER_00032,982.98,INR,success,net_banking,2026-06-22T09:10:24.760363
TXN_000006673,ACC_000844,MER_00123,515.18,INR,failed,card,2026-08-13T04:14:39.760363
TXN_000006674,ACC_000583,MER_00103,60.9,INR,success,card,2026-06-24T07:15:07.760363
TXN_000006675,ACC_000463,MER_00148,34.46,INR,success,net_banking,2026-07-02T06:33:23.760363
TXN_000006676,ACC_000790,MER_00157,288.04,INR,success,net_banking,2026-06-29T07:04:41.760363
TXN_000006677,ACC_000073,MER_00155,111.59,INR,success,card,2026-06-18T16:29:20.760363
TXN_000006678,ACC_000029,MER_00075,191.79,INR,success,upi,2026-08-22T02:28:04.760363
TXN_000006679,ACC_000478,MER_00150,493.44,INR,success,wallet,2026-06-30T20:23:46.760363
TXN_000006680,ACC_000078,MER_00121,99.07,INR,success,upi,2026-05-30T03:49:37.760363
TXN_000006681,ACC_000376,MER_00137,124.72,INR,success,card,2026-07-15T06:52:50.760363
TXN_000006682,ACC_000017,MER_00191,394.56,INR,success,card,2026-07-28T00:39:40.760363
TXN_000006683,ACC_000684,MER_00049,387.41,INR,success,wallet,2026-06-21T08:08:23.760363
TXN_000006684,ACC_000527,MER_00200,94.91,INR,success,upi,2026-07-07T03:08:33.760363
TXN_000006685,ACC_000785,MER_00136,104.15,INR,success,card,2026-08-16T19:09:19.760363
TXN_000006686,ACC_000833,MER_00155,103.62,INR,success,upi,2026-06-27T18:35:57.760363
TXN_000006687,ACC_000523,MER_00086,140.37,INR,success,net_banking,2026-06-12T22:17:57.760363
TXN_000006688,ACC_000781,MER_00003,283.6,INR,success,card,2026-06-15T06:00:18.760363
TXN_000006689,ACC_000396,MER_00105,2037.09,INR,success,net_banking,2026-07-03T08:20:54.760363
TXN_000006690,ACC_000698,MER_00156,775.5,INR,success,upi,2026-07-15T00:15:58.760363
TXN_000006691,ACC_000239,MER_00116,85.49,INR,success,card,2026-07-04T14:41:10.760363
TXN_000006692,ACC_000267,MER_00122,166.44,INR,success,net_banking,2026-06-10T16:46:07.760363
TXN_000006693,ACC_000615,MER_00192,132.65,INR,success,card,2026-07-02T21:40:53.760363
TXN_000006694,ACC_000511,MER_00164,150.02,INR,success,wallet,2026-06-19T13:10:46.760363
TXN_000006695,ACC_000932,MER_00189,1022.49,INR,success,wallet,2026-06-01T00:02:30.760363
TXN_000006696,ACC_000365,MER_00161,80.71,INR,success,wallet,2026-07-10T22:45:54.760363
TXN_000006697,ACC_000698,MER_00190,218.82,INR,success,upi,2026-06-02T04:35:21.760363
TXN_000006698,ACC_000324,MER_00081,1317.15,INR,failed,upi,2026-08-01T22:41:06.760363
TXN_000006699,ACC_000745,MER_00111,315.53,INR,success,net_banking,2026-07-06T19:53:27.760363
TXN_000006700,ACC_000307,MER_00183,1587.92,INR,success,net_banking,2026-05-27T11:38:34.760363
TXN_000006701,ACC_000214,MER_00073,181.04,INR,success,upi,2026-07-11T16:00:23.760363
TXN_000006702,ACC_000394,MER_00057,143.38,INR,success,net_banking,2026-07-28T15:41:19.760363
TXN_000006703,ACC_000482,MER_00094,176.05,INR,success,upi,2026-07-18T07:14:21.760363
TXN_000006704,ACC_000665,MER_00178,148.3,INR,success,upi,2026-07-23T11:35:07.760363
TXN_000006705,ACC_000398,MER_00182,303.57,INR,success,net_banking,2026-07-06T16:37:24.760363
TXN_000006706,ACC_000187,MER_00105,390.83,INR,success,upi,2026-07-11T10:27:35.760363
TXN_000006707,ACC_000424,MER_00084,555.76,INR,success,wallet,2026-07-19T03:40:13.760363
TXN_000006708,ACC_000682,MER_00142,42.95,INR,success,card,2026-08-23T12:09:34.760363
TXN_000006709,ACC_000145,MER_00039,863.51,INR,failed,upi,2026-06-30T09:26:54.760363
TXN_000006710,ACC_000344,MER_00113,96.13,INR,success,card,2026-06-27T21:26:24.760363
TXN_000006711,ACC_000754,MER_00019,185.01,INR,success,wallet,2026-06-08T19:35:20.760363
TXN_000006712,ACC_000900,MER_00172,169.04,INR,success,net_banking,2026-06-02T08:25:56.760363
TXN_000006713,ACC_000677,MER_00107,814.91,INR,success,net_banking,2026-08-03T22:36:36.760363
TXN_000006714,ACC_000736,MER_00103,234.86,INR,pending,net_banking,2026-08-14T00:20:00.760363
TXN_000006715,ACC_000426,MER_00110,216.55,INR,success,card,2026-08-21T19:10:38.760363
TXN_000006716,ACC_000420,MER_00067,1424.11,INR,success,net_banking,2026-06-04T20:20:05.760363
TXN_000006717,ACC_000963,MER_00034,227.96,INR,success,wallet,2026-05-27T07:51:47.760363
TXN_000006718,ACC_000237,MER_00129,342.28,INR,success,net_banking,2026-08-22T19:38:08.760363
TXN_000006719,ACC_000717,MER_00078,111.01,INR,success,card,2026-08-24T09:36:17.760363
TXN_000006720,ACC_000640,MER_00085,1441.11,INR,pending,net_banking,2026-08-19T14:02:43.760363
TXN_000006721,ACC_000123,MER_00057,96.79,INR,success,net_banking,2026-08-11T13:35:13.760363
TXN_000006722,ACC_000311,MER_00173,121.28,INR,success,card,2026-07-19T11:46:05.760363
TXN_000006723,ACC_000449,MER_00011,71.04,INR,success,card,2026-06-12T15:27:06.760363
TXN_000006724,ACC_000089,MER_00066,300.15,INR,success,card,2026-06-20T01:25:15.760363
TXN_000006725,ACC_000925,MER_00199,1911.65,INR,success,card,2026-06-16T14:22:30.760363
TXN_000006726,ACC_000222,MER_00009,413.2,INR,success,wallet,2026-07-30T09:44:57.760363
TXN_000006727,ACC_000427,MER_00122,398.9,INR,success,card,2026-05-28T14:34:30.760363
TXN_000006728,ACC_000461,MER_00026,262.79,INR,success,card,2026-06-20T01:38:12.760363
TXN_000006729,ACC_000013,MER_00014,580.31,INR,success,net_banking,2026-08-07T12:45:22.760363
TXN_000006730,ACC_000745,MER_00033,138.15,INR,success,card,2026-07-19T21:54:52.760363
TXN_000006731,ACC_000241,MER_00161,1335.87,INR,success,wallet,2026-05-30T00:16:41.760363
TXN_000006732,ACC_000395,MER_00083,131.74,INR,success,card,2026-06-02T13:26:10.760363
TXN_000006733,ACC_000914,MER_00099,17.83,INR,success,card,2026-07-28T02:33:22.760363
TXN_000006734,ACC_000921,MER_00100,181.3,INR,success,card,2026-08-19T22:43:50.760363
TXN_000006735,ACC_000829,MER_00131,1058.53,INR,pending,wallet,2026-06-25T00:14:18.760363
TXN_000006736,ACC_000269,MER_00199,895.4,INR,success,wallet,2026-07-18T10:08:35.760363
TXN_000006737,ACC_000536,MER_00008,152.61,INR,success,card,2026-06-23T06:05:44.760363
TXN_000006738,ACC_000752,MER_00052,255.71,INR,success,upi,2026-06-13T07:23:28.760363
TXN_000006739,ACC_000658,MER_00193,258.14,INR,success,card,2026-07-26T16:48:32.760363
TXN_000006740,ACC_000649,MER_00017,35.7,INR,success,upi,2026-08-15T13:45:45.760363
TXN_000006741,ACC_000545,MER_00162,80.96,INR,success,upi,2026-08-14T03:31:10.760363
TXN_000006742,ACC_000343,MER_00011,26.06,INR,success,card,2026-07-12T21:09:15.760363
TXN_000006743,ACC_000492,MER_00194,593.14,INR,success,wallet,2026-06-07T10:45:08.760363
TXN_000006744,ACC_000767,MER_00175,132.33,INR,failed,net_banking,2026-08-02T14:50:29.760363
TXN_000006745,ACC_000229,MER_00145,309.48,INR,success,upi,2026-08-10T00:26:24.760363
TXN_000006746,ACC_000832,MER_00085,210.62,INR,success,card,2026-07-23T03:01:23.760363
TXN_000006747,ACC_000709,MER_00057,329.62,INR,success,net_banking,2026-08-10T03:36:26.760363
TXN_000006748,ACC_000330,MER_00085,96.68,INR,success,upi,2026-07-29T21:03:35.760363
TXN_000006749,ACC_000426,MER_00144,531.4,INR,success,card,2026-05-30T16:09:59.760363
TXN_000006750,ACC_000035,MER_00001,288.32,INR,success,wallet,2026-08-19T19:45:08.760363
TXN_000006751,ACC_000797,MER_00199,42.93,INR,success,upi,2026-08-03T23:40:55.760363
TXN_000006752,ACC_000827,MER_00045,84.78,INR,pending,card,2026-08-13T05:13:08.760363
TXN_000006753,ACC_000620,MER_00014,52.38,INR,success,net_banking,2026-05-29T15:51:22.760363
TXN_000006754,ACC_000640,MER_00008,178.61,INR,success,net_banking,2026-06-05T16:46:22.760363
TXN_000006755,ACC_000105,MER_00102,314.7,INR,success,wallet,2026-07-12T13:55:17.760363
TXN_000006756,ACC_000762,MER_00128,95.71,INR,pending,upi,2026-08-19T09:46:19.760363
TXN_000006757,ACC_000740,MER_00173,198.93,INR,success,card,2026-07-24T02:13:22.760363
TXN_000006758,ACC_000419,MER_00077,494.78,INR,success,upi,2026-08-12T12:07:41.760363
TXN_000006759,ACC_000628,MER_00200,559.1,INR,pending,wallet,2026-05-29T23:57:10.760363
TXN_000006760,ACC_000241,MER_00111,1069.49,INR,success,upi,2026-07-17T09:45:50.760363
TXN_000006761,ACC_000517,MER_00133,503.76,INR,success,upi,2026-08-21T14:35:26.760363
TXN_000006762,ACC_000447,MER_00152,323.69,INR,success,wallet,2026-08-08T09:49:20.760363
TXN_000006763,ACC_000370,MER_00113,1236.45,INR,success,card,2026-06-22T20:14:01.760363
TXN_000006764,ACC_000276,MER_00016,2986.34,INR,success,wallet,2026-06-23T14:41:46.760363
TXN_000006765,ACC_000304,MER_00027,49.02,INR,success,wallet,2026-06-01T22:23:27.760363
TXN_000006766,ACC_000075,MER_00090,108.6,INR,pending,wallet,2026-06-25T22:22:43.760363
TXN_000006767,ACC_000811,MER_00123,1471.14,INR,success,net_banking,2026-07-17T01:08:19.760363
TXN_000006768,ACC_000470,MER_00122,60.79,INR,success,upi,2026-07-22T06:33:02.760363
TXN_000006769,ACC_000710,MER_00076,146.21,INR,success,net_banking,2026-07-11T19:28:59.760363
TXN_000006770,ACC_000037,MER_00012,481.1,INR,success,card,2026-08-23T06:01:43.760363
TXN_000006771,ACC_000801,MER_00157,126.46,INR,success,net_banking,2026-07-26T22:06:13.760363
TXN_000006772,ACC_000748,MER_00069,179.18,INR,success,net_banking,2026-06-01T03:31:04.760363
TXN_000006773,ACC_000457,MER_00133,436.65,INR,success,card,2026-07-16T17:00:06.760363
TXN_000006774,ACC_000414,MER_00100,273.81,INR,success,upi,2026-07-17T21:20:53.760363
TXN_000006775,ACC_000556,MER_00164,315.46,INR,success,wallet,2026-08-11T22:26:26.760363
TXN_000006776,ACC_000977,MER_00051,181.52,INR,success,net_banking,2026-07-29T02:37:00.760363
TXN_000006777,ACC_000965,MER_00002,260.1,INR,success,wallet,2026-07-16T22:27:07.760363
TXN_000006778,ACC_000446,MER_00031,372.23,INR,success,upi,2026-06-01T17:06:22.760363
TXN_000006779,ACC_000970,MER_00034,97.27,INR,success,net_banking,2026-06-01T07:44:00.760363
TXN_000006780,ACC_000323,MER_00053,333.9,INR,success,net_banking,2026-07-05T20:50:41.760363
TXN_000006781,ACC_000987,MER_00065,84.58,INR,success,wallet,2026-07-02T07:00:16.760363
TXN_000006782,ACC_000294,MER_00047,99.87,INR,success,upi,2026-06-05T14:54:58.760363
TXN_000006783,ACC_000154,MER_00097,60.76,INR,success,card,2026-06-07T17:35:30.760363
TXN_000006784,ACC_000861,MER_00123,296.2,INR,success,upi,2026-07-14T02:05:54.760363
TXN_000006785,ACC_000358,MER_00147,40.81,INR,success,net_banking,2026-07-16T11:54:01.760363
TXN_000006786,ACC_000766,MER_00024,253.99,INR,success,wallet,2026-06-24T09:55:59.760363
TXN_000006787,ACC_000993,MER_00120,52.42,INR,success,net_banking,2026-08-18T04:43:14.760363
TXN_000006788,ACC_000675,MER_00191,317.41,INR,success,card,2026-07-19T12:39:11.760363
TXN_000006789,ACC_000104,MER_00089,315.34,INR,success,wallet,2026-08-22T06:31:26.760363
TXN_000006790,ACC_000167,MER_00073,117.65,INR,success,net_banking,2026-08-07T13:53:45.760363
TXN_000006791,ACC_000314,MER_00042,196.69,INR,success,card,2026-06-07T05:53:28.760363
TXN_000006792,ACC_000389,MER_00102,113.6,INR,success,upi,2026-07-08T03:14:17.760363
TXN_000006793,ACC_000029,MER_00090,120.76,INR,success,upi,2026-06-18T20:37:55.760363
TXN_000006794,ACC_000036,MER_00153,1743.79,INR,success,upi,2026-08-10T16:41:56.760363
TXN_000006795,ACC_000372,MER_00120,269.53,INR,success,card,2026-08-03T21:15:48.760363
TXN_000006796,ACC_000411,MER_00124,1238.16,INR,success,net_banking,2026-06-06T08:13:36.760363
TXN_000006797,ACC_000864,MER_00039,88.89,INR,success,net_banking,2026-07-13T18:41:11.760363
TXN_000006798,ACC_000946,MER_00114,263.14,INR,success,upi,2026-05-31T01:30:29.760363
TXN_000006799,ACC_000677,MER_00140,203.37,INR,success,upi,2026-08-10T03:10:08.760363
TXN_000006800,ACC_000247,MER_00082,266.08,INR,success,wallet,2026-06-25T02:45:53.760363
TXN_000006801,ACC_000639,MER_00130,291.7,INR,success,net_banking,2026-07-10T16:01:44.760363
TXN_000006802,ACC_000011,MER_00011,26.15,INR,success,net_banking,2026-06-29T01:45:35.760363
TXN_000006803,ACC_000306,MER_00059,134.52,INR,success,wallet,2026-05-29T05:07:19.760363
TXN_000006804,ACC_000659,MER_00098,91.92,INR,success,wallet,2026-08-05T13:50:07.760363
TXN_000006805,ACC_000535,MER_00170,240.08,INR,success,net_banking,2026-07-18T17:42:03.760363
TXN_000006806,ACC_000936,MER_00105,71.44,INR,success,upi,2026-08-14T21:24:13.760363
TXN_000006807,ACC_000655,MER_00143,36.52,INR,success,net_banking,2026-06-08T23:11:59.760363
TXN_000006808,ACC_000814,MER_00125,104.4,INR,success,card,2026-07-28T11:23:16.760363
TXN_000006809,ACC_000838,MER_00134,92.07,INR,success,wallet,2026-08-22T18:21:43.760363
TXN_000006810,ACC_000863,MER_00003,821.16,INR,success,upi,2026-08-04T15:36:49.760363
TXN_000006811,ACC_000005,MER_00003,66.68,INR,success,net_banking,2026-07-23T13:41:12.760363
TXN_000006812,ACC_000219,MER_00199,435.06,INR,success,wallet,2026-08-16T07:35:30.760363
TXN_000006813,ACC_000971,MER_00028,72.51,INR,success,card,2026-07-09T11:26:32.760363
TXN_000006814,ACC_000031,MER_00045,93.62,INR,success,upi,2026-07-01T11:18:57.760363
TXN_000006815,ACC_000679,MER_00055,234.18,INR,success,upi,2026-07-06T22:10:05.760363
TXN_000006816,ACC_000540,MER_00020,332.31,INR,success,net_banking,2026-08-09T03:11:02.760363
TXN_000006817,ACC_000745,MER_00034,253.08,INR,success,net_banking,2026-08-13T08:23:24.760363
TXN_000006818,ACC_000836,MER_00156,252.17,INR,success,upi,2026-06-08T20:24:25.760363
TXN_000006819,ACC_000042,MER_00176,221.48,INR,success,upi,2026-07-20T16:12:39.760363
TXN_000006820,ACC_000957,MER_00017,197.16,INR,success,upi,2026-08-14T11:15:52.760363
TXN_000006821,ACC_000685,MER_00114,188.92,INR,success,net_banking,2026-08-10T19:39:47.760363
TXN_000006822,ACC_000112,MER_00148,106.39,INR,success,net_banking,2026-07-27T08:15:13.760363
TXN_000006823,ACC_000728,MER_00143,309.57,INR,success,card,2026-07-07T14:51:06.760363
TXN_000006824,ACC_000987,MER_00100,938.49,INR,success,wallet,2026-07-29T23:40:05.760363
TXN_000006825,ACC_000446,MER_00099,1201.22,INR,success,net_banking,2026-07-10T02:30:39.760363
TXN_000006826,ACC_000251,MER_00174,145.97,INR,success,net_banking,2026-08-01T20:57:27.760363
TXN_000006827,ACC_000418,MER_00170,765.46,INR,success,card,2026-07-03T17:50:17.760363
TXN_000006828,ACC_000337,MER_00075,89.92,INR,success,card,2026-08-05T15:01:51.760363
TXN_000006829,ACC_000108,MER_00063,1697.03,INR,success,upi,2026-06-22T15:23:27.760363
TXN_000006830,ACC_000151,MER_00133,217.76,INR,success,wallet,2026-08-15T06:42:35.760363
TXN_000006831,ACC_000374,MER_00077,131.85,INR,success,wallet,2026-06-04T06:46:11.760363
TXN_000006832,ACC_000179,MER_00001,262.81,INR,success,card,2026-08-06T20:28:44.760363
TXN_000006833,ACC_000700,MER_00072,264.02,INR,success,net_banking,2026-05-31T05:45:41.760363
TXN_000006834,ACC_000923,MER_00170,650.91,INR,success,card,2026-05-28T00:22:50.760363
TXN_000006835,ACC_000243,MER_00072,57.28,INR,success,card,2026-06-22T11:46:55.760363
TXN_000006836,ACC_000884,MER_00060,213.44,INR,pending,card,2026-07-22T17:12:35.760363
TXN_000006837,ACC_000990,MER_00038,1171.06,INR,success,wallet,2026-07-27T06:06:31.760363
TXN_000006838,ACC_000779,MER_00084,189.18,INR,success,upi,2026-07-26T23:31:04.760363
TXN_000006839,ACC_000395,MER_00109,1173.29,INR,success,net_banking,2026-06-15T16:26:14.760363
TXN_000006840,ACC_000416,MER_00172,484.67,INR,success,wallet,2026-06-02T10:46:53.760363
TXN_000006841,ACC_000961,MER_00024,199.82,INR,success,wallet,2026-06-19T10:06:36.760363
TXN_000006842,ACC_000808,MER_00094,266.32,INR,success,upi,2026-08-03T03:43:02.760363
TXN_000006843,ACC_000487,MER_00110,142.2,INR,success,net_banking,2026-07-13T23:16:03.760363
TXN_000006844,ACC_000785,MER_00147,81.33,INR,success,upi,2026-05-30T10:13:28.760363
TXN_000006845,ACC_000964,MER_00059,1112.83,INR,success,card,2026-06-19T06:10:32.760363
TXN_000006846,ACC_000549,MER_00156,324.14,INR,pending,wallet,2026-08-04T14:56:53.760363
TXN_000006847,ACC_000881,MER_00042,446.31,INR,success,card,2026-08-17T14:15:53.760363
TXN_000006848,ACC_000046,MER_00158,39.68,INR,success,card,2026-08-16T06:29:31.760363
TXN_000006849,ACC_000475,MER_00023,127.69,INR,success,wallet,2026-07-22T21:09:26.760363
TXN_000006850,ACC_000831,MER_00142,65.67,INR,success,wallet,2026-08-17T23:44:52.760363
TXN_000006851,ACC_000110,MER_00092,277.86,INR,success,net_banking,2026-07-22T16:40:08.760363
TXN_000006852,ACC_000915,MER_00159,50.78,INR,success,card,2026-07-21T13:46:55.760363
TXN_000006853,ACC_000385,MER_00079,507.54,INR,success,wallet,2026-06-10T05:45:15.760363
TXN_000006854,ACC_000694,MER_00084,55.06,INR,success,wallet,2026-07-23T23:52:45.760363
TXN_000006855,ACC_000089,MER_00177,442.45,INR,success,upi,2026-06-19T12:38:34.760363
TXN_000006856,ACC_000013,MER_00013,527.91,INR,failed,upi,2026-08-16T01:45:38.760363
TXN_000006857,ACC_000018,MER_00022,394.96,INR,success,card,2026-07-22T22:50:54.760363
TXN_000006858,ACC_000121,MER_00040,533.1,INR,success,net_banking,2026-07-31T05:52:27.760363
TXN_000006859,ACC_000859,MER_00101,51.85,INR,success,wallet,2026-06-04T04:36:12.760363
TXN_000006860,ACC_000929,MER_00106,44.3,INR,success,wallet,2026-06-09T18:22:30.760363
TXN_000006861,ACC_000196,MER_00014,63.08,INR,success,upi,2026-06-13T10:30:39.760363
TXN_000006862,ACC_000945,MER_00095,169.69,INR,success,net_banking,2026-07-13T10:50:20.760363
TXN_000006863,ACC_000793,MER_00021,163.9,INR,success,upi,2026-07-31T20:11:28.760363
TXN_000006864,ACC_000247,MER_00176,304.42,INR,success,upi,2026-06-14T09:35:40.760363
TXN_000006865,ACC_000945,MER_00053,235.81,INR,success,wallet,2026-05-27T19:12:16.760363
TXN_000006866,ACC_000723,MER_00200,244.79,INR,success,net_banking,2026-08-01T23:10:12.760363
TXN_000006867,ACC_000572,MER_00026,105.88,INR,success,card,2026-07-27T02:30:53.760363
TXN_000006868,ACC_000265,MER_00054,107.32,INR,success,card,2026-08-07T12:33:47.760363
TXN_000006869,ACC_000133,MER_00196,421.37,INR,success,card,2026-06-06T03:26:40.760363
TXN_000006870,ACC_000207,MER_00143,360.56,INR,success,wallet,2026-07-15T10:23:30.760363
TXN_000006871,ACC_000471,MER_00200,3715.42,INR,success,upi,2026-06-22T17:12:21.760363
TXN_000006872,ACC_000310,MER_00060,87.64,INR,success,upi,2026-06-20T22:39:32.760363
TXN_000006873,ACC_000572,MER_00005,315.05,INR,success,net_banking,2026-08-18T12:23:27.760363
TXN_000006874,ACC_000879,MER_00127,938.0,INR,success,wallet,2026-06-04T22:23:53.760363
TXN_000006875,ACC_000753,MER_00179,650.72,INR,success,card,2026-06-08T16:29:25.760363
TXN_000006876,ACC_000744,MER_00194,66.93,INR,success,upi,2026-08-06T18:12:49.760363
TXN_000006877,ACC_000368,MER_00091,307.69,INR,success,card,2026-07-27T00:18:47.760363
TXN_000006878,ACC_000339,MER_00150,39.0,INR,success,wallet,2026-06-14T02:43:09.760363
TXN_000006879,ACC_000121,MER_00097,339.49,INR,success,net_banking,2026-08-04T20:53:48.760363
TXN_000006880,ACC_000942,MER_00016,274.81,INR,success,wallet,2026-07-27T23:27:31.760363
TXN_000006881,ACC_000934,MER_00030,93.79,INR,success,card,2026-06-29T17:45:45.760363
TXN_000006882,ACC_000530,MER_00083,930.95,INR,success,wallet,2026-08-16T02:51:01.760363
TXN_000006883,ACC_000947,MER_00141,89.01,INR,success,card,2026-06-15T19:15:04.760363
TXN_000006884,ACC_000955,MER_00026,333.88,INR,success,net_banking,2026-08-24T15:53:49.760363
TXN_000006885,ACC_000654,MER_00039,2636.16,INR,success,net_banking,2026-05-30T14:19:15.760363
TXN_000006886,ACC_000405,MER_00123,47.7,INR,success,net_banking,2026-07-20T17:16:16.760363
TXN_000006887,ACC_000301,MER_00025,458.76,INR,pending,wallet,2026-07-06T21:54:28.760363
TXN_000006888,ACC_000708,MER_00001,185.04,INR,failed,upi,2026-05-28T05:33:10.760363
TXN_000006889,ACC_000211,MER_00160,48.86,INR,success,card,2026-08-09T19:21:12.760363
TXN_000006890,ACC_000358,MER_00061,248.16,INR,success,card,2026-06-13T22:15:37.760363
TXN_000006891,ACC_000087,MER_00018,174.62,INR,success,upi,2026-06-04T10:50:40.760363
TXN_000006892,ACC_000739,MER_00082,215.61,INR,success,card,2026-08-15T11:41:22.760363
TXN_000006893,ACC_000290,MER_00005,194.37,INR,success,upi,2026-07-25T03:35:38.760363
TXN_000006894,ACC_000089,MER_00040,380.27,INR,success,card,2026-06-25T21:10:01.760363
TXN_000006895,ACC_000110,MER_00027,189.43,INR,success,card,2026-08-19T20:38:02.760363
TXN_000006896,ACC_000044,MER_00070,168.91,INR,success,net_banking,2026-06-27T05:20:45.760363
TXN_000006897,ACC_000411,MER_00061,296.22,INR,success,net_banking,2026-08-19T18:20:12.760363
TXN_000006898,ACC_000853,MER_00064,474.59,INR,success,net_banking,2026-08-03T20:07:11.760363
TXN_000006899,ACC_000539,MER_00075,59.25,INR,success,wallet,2026-06-02T18:56:33.760363
TXN_000006900,ACC_000919,MER_00065,32.91,INR,success,wallet,2026-08-03T04:01:33.760363
TXN_000006901,ACC_000585,MER_00182,338.74,INR,success,card,2026-07-31T14:03:34.760363
TXN_000006902,ACC_000500,MER_00014,240.86,INR,success,wallet,2026-06-14T20:18:30.760363
TXN_000006903,ACC_000573,MER_00151,330.93,INR,success,wallet,2026-06-22T14:01:00.760363
TXN_000006904,ACC_000588,MER_00095,72.76,INR,success,net_banking,2026-06-19T15:19:02.760363
TXN_000006905,ACC_000684,MER_00138,283.68,INR,success,upi,2026-07-30T09:00:56.760363
TXN_000006906,ACC_000684,MER_00059,165.07,INR,pending,card,2026-06-05T13:28:26.760363
TXN_000006907,ACC_000279,MER_00123,517.57,INR,success,upi,2026-07-09T23:00:26.760363
TXN_000006908,ACC_000289,MER_00136,648.55,INR,success,net_banking,2026-06-04T10:42:26.760363
TXN_000006909,ACC_000042,MER_00096,213.04,INR,success,wallet,2026-07-18T13:29:39.760363
TXN_000006910,ACC_000523,MER_00002,204.13,INR,success,net_banking,2026-07-13T20:04:47.760363
TXN_000006911,ACC_000330,MER_00051,988.5,INR,success,wallet,2026-06-09T21:22:47.760363
TXN_000006912,ACC_000662,MER_00114,322.12,INR,success,upi,2026-05-31T05:07:06.760363
TXN_000006913,ACC_000395,MER_00107,567.82,INR,success,net_banking,2026-08-20T09:37:14.760363
TXN_000006914,ACC_000189,MER_00081,435.57,INR,success,upi,2026-06-22T00:54:13.760363
TXN_000006915,ACC_000517,MER_00195,212.16,INR,success,card,2026-08-13T09:12:10.760363
TXN_000006916,ACC_000886,MER_00073,135.56,INR,success,upi,2026-06-03T23:06:45.760363
TXN_000006917,ACC_000983,MER_00183,680.51,INR,failed,wallet,2026-08-22T14:49:02.760363
TXN_000006918,ACC_000422,MER_00015,191.86,INR,success,net_banking,2026-06-07T01:17:02.760363
TXN_000006919,ACC_000879,MER_00006,91.34,INR,success,wallet,2026-08-14T21:49:14.760363
TXN_000006920,ACC_000054,MER_00085,902.84,INR,success,card,2026-07-13T11:31:12.760363
TXN_000006921,ACC_000148,MER_00173,535.63,INR,failed,wallet,2026-06-15T10:18:58.760363
TXN_000006922,ACC_000132,MER_00046,364.67,INR,success,net_banking,2026-07-12T06:00:21.760363
TXN_000006923,ACC_000685,MER_00145,149.38,INR,success,card,2026-07-28T21:08:58.760363
TXN_000006924,ACC_000144,MER_00083,1025.4,INR,success,net_banking,2026-06-30T07:39:57.760363
TXN_000006925,ACC_000986,MER_00018,88.84,INR,success,upi,2026-06-20T19:11:13.760363
TXN_000006926,ACC_000915,,133.36,INR,success,upi,2026-06-11T02:38:38.760363
TXN_000006927,ACC_000443,MER_00148,799.55,INR,success,upi,2026-07-15T16:50:56.760363
TXN_000006928,ACC_000356,MER_00141,388.68,INR,success,wallet,2026-07-04T19:27:08.760363
TXN_000006929,ACC_000642,MER_00118,36.99,INR,success,net_banking,2026-06-21T01:40:10.760363
TXN_000006930,ACC_000522,MER_00097,143.05,INR,success,upi,2026-07-04T14:17:37.760363
TXN_000006931,ACC_000678,MER_00055,673.37,INR,success,wallet,2026-05-29T03:50:50.760363
TXN_000006932,ACC_000219,MER_00001,493.24,INR,success,upi,2026-06-21T04:56:27.760363
TXN_000006933,ACC_000990,MER_00007,443.01,INR,success,upi,2026-07-07T07:22:08.760363
TXN_000006934,ACC_000124,MER_00033,317.33,INR,success,card,2026-07-12T03:04:35.760363
TXN_000006935,ACC_000065,MER_00125,254.34,INR,pending,upi,2026-08-23T08:15:17.760363
TXN_000006936,ACC_000284,MER_00030,397.67,INR,success,upi,2026-06-25T02:06:06.760363
TXN_000006937,ACC_000337,MER_00180,1147.29,INR,success,upi,2026-06-17T00:21:34.760363
TXN_000006938,ACC_000057,MER_00134,569.21,INR,success,card,2026-07-26T17:36:28.760363
TXN_000006939,ACC_000576,MER_00100,189.8,INR,failed,net_banking,2026-08-14T22:12:06.760363
TXN_000006940,ACC_000084,MER_00027,37.68,INR,success,card,2026-07-31T20:36:51.760363
TXN_000006941,ACC_000517,MER_00163,1015.0,INR,success,net_banking,2026-06-14T03:14:26.760363
TXN_000006942,ACC_000110,MER_00123,196.91,INR,success,card,2026-06-14T18:07:40.760363
TXN_000006943,ACC_000179,MER_00066,1100.38,INR,success,upi,2026-06-27T13:49:47.760363
TXN_000006944,ACC_000597,MER_00141,275.86,INR,success,card,2026-08-06T06:03:12.760363
TXN_000006945,ACC_000158,MER_00074,197.0,INR,success,wallet,2026-06-29T10:36:47.760363
TXN_000006946,ACC_000053,MER_00032,38.67,INR,success,upi,2026-08-18T08:26:28.760363
TXN_000006947,ACC_000088,MER_00163,158.35,INR,success,net_banking,2026-07-26T17:58:55.760363
TXN_000006948,ACC_000919,MER_00111,85.18,INR,success,card,2026-08-04T09:18:08.760363
TXN_000006949,ACC_000981,MER_00018,776.1,INR,success,upi,2026-08-18T06:09:36.760363
TXN_000006950,ACC_000584,MER_00109,207.88,INR,success,upi,2026-07-30T20:24:45.760363
TXN_000006951,ACC_000655,MER_00082,297.58,INR,success,upi,2026-06-12T16:44:45.760363
TXN_000006952,ACC_000475,MER_00064,1237.56,INR,success,card,2026-06-28T06:42:16.760363
TXN_000006953,ACC_000184,MER_00001,298.38,INR,success,card,2026-07-28T06:58:34.760363
TXN_000006954,ACC_000586,MER_00111,72.17,INR,success,card,2026-07-01T00:19:41.760363
TXN_000006955,ACC_000616,MER_00065,231.38,INR,success,wallet,2026-07-08T17:04:44.760363
TXN_000006956,ACC_000472,MER_00173,93.7,INR,pending,wallet,2026-07-25T12:13:43.760363
TXN_000006957,ACC_000683,MER_00006,335.52,INR,pending,wallet,2026-08-22T16:26:52.760363
TXN_000006958,ACC_000344,MER_00133,432.08,INR,success,card,2026-08-05T06:32:41.760363
TXN_000006959,ACC_000966,MER_00067,290.81,INR,success,wallet,2026-07-24T01:45:29.760363
TXN_000006960,ACC_INVALID,MER_00140,45.37,INR,success,net_banking,2026-06-22T14:57:21.760363
TXN_000006961,ACC_000772,MER_00118,603.59,INR,success,card,2026-06-08T17:56:59.760363
TXN_000006962,ACC_000281,MER_00001,321.78,INR,success,net_banking,2026-07-17T11:36:56.760363
TXN_000006963,ACC_000883,MER_00040,111.22,INR,failed,net_banking,2026-05-31T17:57:24.760363
TXN_000006964,ACC_000265,MER_00080,173.38,INR,failed,wallet,2026-06-08T13:18:25.760363
TXN_000006965,ACC_000793,MER_00038,1266.63,INR,success,upi,2026-08-06T16:18:39.760363
TXN_000006966,ACC_000969,MER_00140,380.83,INR,success,net_banking,2026-07-12T21:11:14.760363
TXN_000006967,ACC_000845,MER_00114,840.99,INR,success,net_banking,2026-08-09T14:47:39.760363
TXN_000006968,ACC_000385,MER_00136,206.8,INR,success,wallet,2026-08-18T14:46:13.760363
TXN_000006969,ACC_000359,MER_00007,34.63,INR,success,upi,2026-08-07T10:42:10.760363
TXN_000006970,ACC_000756,MER_00001,321.0,INR,success,card,2026-07-22T01:17:38.760363
TXN_000006971,ACC_000358,MER_00088,746.38,INR,success,net_banking,2026-06-04T11:34:53.760363
TXN_000006972,ACC_000811,MER_00166,392.33,INR,success,upi,2026-08-06T03:36:33.760363
TXN_000006973,ACC_000059,MER_00178,237.76,INR,success,card,2026-07-21T04:05:12.760363
TXN_000006974,ACC_000170,MER_00127,240.8,INR,success,net_banking,2026-06-24T21:50:48.760363
TXN_000006975,ACC_000531,MER_00191,148.95,INR,success,upi,2026-06-20T12:26:21.760363
TXN_000006976,ACC_000896,MER_00148,463.37,INR,success,wallet,2026-06-16T19:53:09.760363
TXN_000006977,ACC_000153,MER_00066,410.6,INR,success,wallet,2026-07-04T13:42:41.760363
TXN_000006978,ACC_000902,MER_00023,545.45,INR,success,net_banking,2026-08-18T06:18:23.760363
TXN_000006979,ACC_000907,MER_00142,219.51,INR,success,card,2026-07-09T16:17:27.760363
TXN_000006980,ACC_000354,MER_00097,315.56,INR,failed,net_banking,2026-07-03T12:20:17.760363
TXN_000006981,ACC_000578,MER_00007,136.08,INR,success,card,2026-06-18T22:49:28.760363
TXN_000006982,ACC_000280,MER_00076,308.04,INR,success,upi,2026-07-09T03:27:10.760363
TXN_000006983,ACC_000233,MER_00006,254.95,INR,success,net_banking,2026-08-17T02:53:21.760363
TXN_000006984,ACC_000838,MER_00187,131.03,INR,success,net_banking,2026-07-11T16:18:52.760363
TXN_000006985,ACC_000764,MER_00183,254.31,INR,success,upi,2026-08-03T15:37:00.760363
TXN_000006986,ACC_000670,MER_00121,47.95,INR,success,card,2026-06-29T09:42:02.760363
TXN_000006987,ACC_000424,MER_00135,-500.00,INR,success,wallet,2026-07-01T11:46:41.760363
TXN_000006988,ACC_000481,MER_00135,76.45,INR,success,card,2026-07-24T20:48:49.760363
TXN_000006989,ACC_000233,MER_00085,142.91,INR,success,net_banking,2026-08-04T04:04:57.760363
TXN_000006990,ACC_000567,MER_00188,199.08,INR,pending,net_banking,2026-07-10T20:52:57.760363
TXN_000006991,ACC_000110,MER_00148,322.76,INR,success,net_banking,2026-08-12T14:33:48.760363
TXN_000006992,ACC_000522,MER_00030,263.79,INR,success,upi,2026-07-11T21:38:16.760363
TXN_000006993,ACC_000509,MER_00039,343.89,INR,pending,wallet,2026-06-04T09:04:37.760363
TXN_000006994,ACC_000971,MER_00141,64.89,INR,success,net_banking,2026-08-08T08:26:03.760363
TXN_000006995,ACC_000573,MER_00122,261.42,INR,success,upi,2026-07-11T03:36:57.760363
TXN_000006996,ACC_000887,MER_00077,20.57,INR,success,wallet,2026-08-20T21:56:10.760363
TXN_000006997,ACC_000397,MER_00188,174.32,INR,success,wallet,2026-07-11T14:13:08.760363
TXN_000006998,ACC_000966,MER_00024,172.07,INR,success,card,2026-08-02T07:51:40.760363
TXN_000006999,ACC_000074,MER_00056,193.15,INR,success,net_banking,2026-08-23T06:53:40.760363
TXN_000007000,ACC_000555,MER_00074,387.59,INR,success,wallet,2026-06-19T11:33:58.760363
TXN_000007001,ACC_000966,MER_00043,230.55,INR,success,card,2026-06-17T01:38:22.760363
TXN_000007002,ACC_000685,MER_00149,59.11,INR,success,upi,2026-08-22T21:54:32.760363
TXN_000007003,ACC_000167,MER_00088,388.33,INR,success,wallet,2026-05-31T23:56:09.760363
TXN_000007004,ACC_000782,MER_00054,292.85,INR,success,wallet,2026-06-19T19:24:17.760363
TXN_000007005,ACC_000996,MER_00139,583.46,INR,success,upi,2026-07-14T16:45:31.760363
TXN_000007006,ACC_000985,MER_00188,648.98,INR,success,wallet,2026-07-08T10:03:57.760363
TXN_000007007,ACC_000216,MER_00141,332.06,INR,success,net_banking,2026-06-29T03:48:32.760363
TXN_000007008,ACC_000666,MER_00020,504.16,INR,success,card,2026-08-01T03:57:46.760363
TXN_000007009,ACC_000784,MER_00145,229.04,INR,success,net_banking,2026-07-13T20:40:12.760363
TXN_000007010,ACC_000345,MER_00029,553.45,INR,success,net_banking,2026-05-29T18:56:03.760363
TXN_000007011,ACC_000434,MER_00082,32.42,INR,success,upi,2026-06-21T08:36:58.760363
TXN_000007012,ACC_000479,MER_00112,320.32,INR,success,upi,2026-08-08T01:02:01.760363
TXN_000007013,ACC_000910,MER_00061,134.02,INR,success,card,2026-06-28T04:21:56.760363
TXN_000007014,ACC_000050,MER_00185,485.49,INR,success,upi,2026-08-04T18:20:12.760363
TXN_000007015,ACC_000864,MER_00063,360.17,INR,success,net_banking,2026-07-20T20:31:51.760363
TXN_000007016,ACC_000491,MER_00012,219.66,INR,success,wallet,2026-07-30T19:20:02.760363
TXN_000007017,ACC_000810,MER_00115,1361.11,INR,success,card,2026-08-10T04:19:17.760363
TXN_000007018,ACC_000307,MER_00107,131.52,INR,success,upi,2026-06-04T23:04:50.760363
TXN_000007019,ACC_000520,MER_00002,202.75,INR,success,wallet,2026-07-08T18:05:26.760363
TXN_000007020,ACC_000794,MER_00006,162.79,INR,success,card,2026-07-31T15:21:44.760363
TXN_000007021,ACC_000582,MER_00087,506.61,INR,success,upi,2026-07-12T23:27:30.760363
TXN_000007022,ACC_000900,MER_00199,604.03,INR,success,card,2026-06-23T04:03:38.760363
TXN_000007023,ACC_000148,MER_00089,37.22,INR,success,upi,2026-06-01T20:49:56.760363
TXN_000007024,ACC_000007,MER_00118,813.9,INR,success,net_banking,2026-08-04T11:57:04.760363
TXN_000007025,ACC_000029,MER_00140,116.99,INR,success,upi,2026-06-06T00:17:46.760363
TXN_000007026,ACC_000748,MER_00187,250.67,INR,success,card,2026-06-07T17:50:05.760363
TXN_000007027,ACC_000232,MER_00111,698.41,INR,success,upi,2026-08-18T15:38:20.760363
TXN_000007028,ACC_000549,MER_00007,455.8,INR,success,net_banking,2026-05-31T17:03:24.760363
TXN_000007029,ACC_000421,MER_00160,349.26,INR,success,net_banking,2026-08-01T09:27:41.760363
TXN_000007030,ACC_000487,MER_00195,214.17,INR,success,card,2026-07-03T00:23:08.760363
TXN_000007031,ACC_000378,MER_00009,158.38,INR,success,wallet,2026-05-27T04:09:11.760363
TXN_000007032,ACC_000160,MER_00003,16.04,INR,success,net_banking,2026-05-28T20:12:08.760363
TXN_000007033,ACC_000815,MER_00066,1730.89,INR,success,wallet,2026-08-11T11:23:45.760363
TXN_000007034,ACC_000374,MER_00046,536.63,INR,success,upi,2026-07-20T05:13:55.760363
TXN_000007035,ACC_000491,MER_00004,366.4,INR,success,net_banking,2026-07-08T07:59:44.760363
TXN_000007036,ACC_000573,MER_00131,131.93,INR,success,card,2026-06-26T08:48:11.760363
TXN_000007037,ACC_000856,MER_00123,129.37,INR,success,card,2026-07-22T06:58:02.760363
TXN_000007038,ACC_000891,MER_00035,708.83,INR,success,card,2026-07-29T05:21:14.760363
TXN_000007039,ACC_000177,MER_00079,222.57,INR,success,net_banking,2026-06-09T14:35:17.760363
TXN_000007040,ACC_000459,MER_00075,266.36,INR,success,upi,2026-06-12T05:29:56.760363
TXN_000007041,ACC_000126,MER_00068,257.11,INR,success,upi,2026-06-18T20:33:16.760363
TXN_000007042,ACC_000404,MER_00172,214.19,INR,success,card,2026-08-11T00:45:56.760363
TXN_000007043,ACC_000129,MER_00097,108.08,INR,success,net_banking,2026-08-06T16:02:54.760363
TXN_000007044,ACC_000624,MER_00129,1114.34,INR,success,net_banking,2026-06-04T08:47:40.760363
TXN_000007045,ACC_000022,MER_00187,166.33,INR,pending,net_banking,2026-06-14T07:27:33.760363
TXN_000007046,ACC_000904,MER_00129,84.15,INR,success,wallet,2026-06-08T07:51:17.760363
TXN_000007047,ACC_000569,MER_00039,578.42,INR,success,wallet,2026-07-11T04:21:19.760363
TXN_000007048,ACC_000033,MER_00050,163.82,INR,success,net_banking,2026-07-18T04:41:41.760363
TXN_000007049,ACC_000936,MER_00042,1098.48,INR,success,card,2026-08-21T04:28:16.760363
TXN_000007050,ACC_000601,MER_00007,799.92,INR,success,net_banking,2026-06-02T20:25:51.760363
TXN_000007051,ACC_000457,MER_00071,289.04,INR,success,card,2026-06-20T07:04:24.760363
TXN_000007052,ACC_000527,MER_00038,143.2,INR,success,net_banking,2026-06-01T13:22:18.760363
TXN_000007053,ACC_000444,MER_00088,1538.71,INR,success,net_banking,2026-06-14T16:42:15.760363
TXN_000007054,ACC_000614,MER_00147,289.1,INR,success,net_banking,2026-06-08T00:24:55.760363
TXN_000007055,ACC_000812,MER_00082,556.12,INR,success,upi,2026-08-23T04:14:07.760363
TXN_000007056,ACC_000197,MER_00140,265.27,INR,success,card,2026-07-30T10:34:43.760363
TXN_000007057,ACC_000953,MER_00050,114.08,INR,success,upi,2026-08-11T23:44:36.760363
TXN_000007058,ACC_000048,MER_00182,1626.54,INR,success,card,2026-07-11T18:02:11.760363
TXN_000007059,ACC_000664,MER_00077,76.0,INR,success,upi,2026-06-09T00:59:14.760363
TXN_000007060,ACC_000789,MER_00062,187.63,INR,success,net_banking,2026-07-20T12:57:06.760363
TXN_000007061,ACC_000614,MER_00113,68.77,INR,success,net_banking,2026-07-28T09:27:24.760363
TXN_000007062,ACC_000034,MER_00158,1713.89,INR,success,net_banking,2026-08-21T02:30:25.760363
TXN_000007063,ACC_000181,MER_00019,262.52,INR,success,card,2026-06-20T15:34:23.760363
TXN_000007064,ACC_000654,MER_00007,176.73,INR,success,net_banking,2026-06-24T19:29:15.760363
TXN_000007065,ACC_000797,MER_00015,162.91,INR,success,net_banking,2026-07-05T04:05:12.760363
TXN_000007066,ACC_000575,MER_00013,116.68,INR,success,wallet,2026-06-23T12:22:04.760363
TXN_000007067,ACC_000470,MER_00148,171.04,INR,success,net_banking,2026-08-23T22:16:53.760363
TXN_000007068,ACC_000133,MER_00140,164.93,INR,success,wallet,2026-08-01T14:27:41.760363
TXN_000007069,ACC_000531,MER_00144,120.88,INR,success,wallet,2026-06-29T02:00:19.760363
TXN_000007070,ACC_000121,MER_00127,30.69,INR,success,upi,2026-06-24T05:24:13.760363
TXN_000007071,ACC_000712,MER_00096,83.77,INR,success,upi,2026-06-09T18:35:16.760363
TXN_000007072,ACC_000112,MER_00024,206.47,INR,success,card,2026-06-08T06:05:29.760363
TXN_000007073,ACC_000057,MER_00153,536.01,INR,success,upi,2026-07-29T09:33:35.760363
TXN_000007074,ACC_000964,MER_00063,301.45,INR,success,card,2026-07-20T05:15:22.760363
TXN_000007075,ACC_000924,MER_00165,962.67,INR,success,upi,2026-08-09T18:48:20.760363
TXN_000007076,ACC_000689,MER_00055,264.91,INR,success,upi,2026-05-27T14:42:58.760363
TXN_000007077,ACC_000249,MER_00090,813.66,INR,success,card,2026-06-04T05:34:46.760363
TXN_000007078,ACC_000985,MER_00156,75.05,INR,success,net_banking,2026-08-19T18:26:28.760363
TXN_000007079,ACC_000888,MER_00185,225.29,INR,success,upi,2026-08-09T19:25:08.760363
TXN_000007080,ACC_000378,MER_00034,173.76,INR,success,card,2026-08-20T06:42:28.760363
TXN_000007081,ACC_000993,MER_00115,655.33,INR,success,wallet,2026-07-15T07:36:23.760363
TXN_000007082,ACC_000018,MER_00054,427.69,INR,success,card,2026-07-26T19:09:53.760363
TXN_000007083,ACC_000133,MER_00145,57.55,INR,success,card,2026-05-29T19:28:32.760363
TXN_000007084,ACC_000940,MER_00169,28.43,INR,success,net_banking,2026-07-04T22:01:43.760363
TXN_000007085,ACC_000555,MER_00085,145.23,INR,success,upi,2026-06-29T12:48:17.760363
TXN_000007086,ACC_000320,MER_00186,1017.65,INR,success,wallet,2026-08-23T13:24:22.760363
TXN_000007087,ACC_000034,MER_00049,127.64,INR,success,upi,2026-08-18T10:31:38.760363
TXN_000007088,ACC_000827,MER_00042,591.77,INR,success,net_banking,2026-06-11T23:50:18.760363
TXN_000007089,ACC_000118,MER_00179,985.78,INR,success,wallet,2026-08-06T11:19:01.760363
TXN_000007090,ACC_000749,MER_00143,285.07,INR,success,net_banking,2026-07-28T14:58:42.760363
TXN_000007091,ACC_000346,MER_00003,699.71,INR,success,net_banking,2026-06-24T01:08:38.760363
TXN_000007092,ACC_000539,MER_00129,52.77,INR,success,wallet,2026-08-19T22:29:14.760363
TXN_000007093,ACC_000463,MER_00132,97.72,INR,success,net_banking,2026-06-02T14:31:27.760363
TXN_000007094,ACC_000914,MER_00105,215.84,INR,success,net_banking,2026-06-07T08:51:59.760363
TXN_000007095,ACC_000053,MER_00167,277.12,INR,pending,upi,2026-08-08T14:47:39.760363
TXN_000007096,ACC_000300,MER_00016,102.76,INR,success,net_banking,2026-07-14T07:05:02.760363
TXN_000007097,ACC_000303,MER_00036,234.9,INR,success,net_banking,2026-08-01T21:20:47.760363
TXN_000007098,ACC_000268,MER_00072,87.51,INR,success,wallet,2026-08-22T07:53:04.760363
TXN_000007099,ACC_000048,MER_00036,935.52,INR,success,wallet,2026-08-17T16:00:27.760363
TXN_000007100,ACC_000876,MER_00002,84.07,INR,success,card,2026-06-03T01:08:25.760363
TXN_000007101,ACC_000504,MER_00058,254.53,INR,success,card,2026-06-15T21:05:38.760363
TXN_000007102,ACC_000642,MER_00013,107.52,INR,success,upi,2026-07-04T00:50:14.760363
TXN_000007103,ACC_000547,MER_00166,51.87,INR,success,net_banking,2026-06-22T15:00:09.760363
TXN_000007104,ACC_000760,MER_00050,537.69,INR,success,wallet,2026-07-14T09:24:17.760363
TXN_000007105,ACC_000632,MER_00100,410.44,INR,failed,net_banking,2026-06-07T09:18:23.760363
TXN_000007106,ACC_000893,MER_00076,589.1,INR,success,wallet,2026-06-27T03:00:13.760363
TXN_000007107,ACC_000604,MER_00077,55.65,INR,success,card,2026-08-21T21:12:11.760363
TXN_000007108,ACC_000271,MER_00114,47.22,INR,success,upi,2026-06-08T20:14:09.760363
TXN_000007109,ACC_000246,MER_00010,26.57,INR,success,net_banking,2026-07-21T23:35:29.760363
TXN_000007110,ACC_000216,MER_00137,178.94,INR,success,net_banking,2026-06-02T14:59:14.760363
TXN_000007111,ACC_000746,MER_00180,258.04,INR,success,upi,2026-08-05T22:23:43.760363
TXN_000007112,ACC_000034,MER_00047,118.98,INR,success,wallet,2026-07-17T10:39:21.760363
TXN_000007113,ACC_000925,MER_00124,431.21,INR,success,net_banking,2026-06-06T21:25:12.760363
TXN_000007114,ACC_000388,MER_00196,323.44,INR,success,wallet,2026-05-31T05:15:07.760363
TXN_000007115,ACC_000085,MER_00070,605.01,INR,success,card,2026-06-26T19:19:51.760363
TXN_000007116,ACC_000885,MER_00026,120.25,INR,success,net_banking,2026-06-10T09:52:08.760363
TXN_000007117,ACC_000805,MER_00115,993.34,INR,success,card,2026-07-04T18:31:57.760363
TXN_000007118,ACC_000844,MER_00004,102.2,INR,failed,card,2026-08-06T05:38:27.760363
TXN_000007119,ACC_000254,MER_00021,212.39,INR,success,wallet,2026-05-29T12:27:59.760363
TXN_000007120,ACC_000420,MER_00143,186.15,INR,success,card,2026-06-20T19:21:27.760363
TXN_000007121,ACC_000109,MER_00129,68.4,INR,success,wallet,2026-08-20T03:53:04.760363
TXN_000007122,ACC_000008,MER_00055,31.24,INR,success,net_banking,2026-07-17T08:59:36.760363
TXN_000007123,ACC_000540,MER_00142,147.08,INR,success,card,2026-08-05T23:59:47.760363
TXN_000007124,ACC_000498,MER_00151,338.82,INR,success,net_banking,2026-06-17T02:19:03.760363
TXN_000007125,ACC_000346,MER_00007,430.52,INR,failed,upi,2026-06-11T20:11:33.760363
TXN_000007126,ACC_000170,MER_00042,1733.11,INR,success,wallet,2026-07-24T07:15:30.760363
TXN_000007127,ACC_000549,MER_00169,551.67,INR,success,upi,2026-06-26T01:19:20.760363
TXN_000007128,ACC_000933,MER_00190,231.9,INR,success,card,2026-08-23T20:38:49.760363
TXN_000007129,ACC_000419,MER_00181,329.01,INR,success,net_banking,2026-05-29T05:39:13.760363
TXN_000007130,ACC_000033,MER_00034,600.15,INR,success,card,2026-08-20T21:10:21.760363
TXN_000007131,ACC_000133,MER_00111,356.34,INR,success,upi,2026-05-27T23:37:08.760363
TXN_000007132,ACC_000786,MER_00006,103.4,INR,success,wallet,2026-08-18T22:31:19.760363
TXN_000007133,ACC_000252,MER_00072,59.89,INR,success,upi,2026-06-01T08:16:35.760363
TXN_000007134,ACC_000519,MER_00102,57.51,INR,success,upi,2026-08-03T20:31:41.760363
TXN_000007135,ACC_000733,MER_00197,490.64,INR,success,wallet,2026-05-27T14:51:28.760363
TXN_000007136,ACC_000846,MER_00112,67.08,INR,success,wallet,2026-08-16T02:19:33.760363
TXN_000007137,ACC_000334,MER_00184,139.6,INR,success,card,2026-08-09T23:00:15.760363
TXN_000007138,ACC_000245,MER_00096,229.4,INR,success,card,2026-06-16T15:22:37.760363
TXN_000007139,ACC_000890,MER_00170,119.44,INR,success,net_banking,2026-08-22T10:36:20.760363
TXN_000007140,ACC_000410,MER_00170,139.72,INR,failed,card,2026-06-22T16:12:02.760363
TXN_000007141,ACC_000269,MER_00145,422.43,INR,success,upi,2026-08-17T23:38:42.760363
TXN_000007142,ACC_000869,MER_00190,147.86,INR,success,upi,2026-08-17T11:54:28.760363
TXN_000007143,ACC_000298,MER_00069,511.91,INR,success,upi,2026-08-22T01:38:25.760363
TXN_000007144,ACC_000391,MER_00148,699.92,INR,success,upi,2026-06-21T05:10:11.760363
TXN_000007145,ACC_000287,MER_00002,261.33,INR,success,upi,2026-05-31T05:34:30.760363
TXN_000007146,ACC_000871,MER_00111,440.51,INR,success,wallet,2026-08-13T23:36:20.760363
TXN_000007147,ACC_000596,MER_00097,314.26,INR,success,wallet,2026-07-28T12:30:00.760363
TXN_000007148,ACC_000855,MER_00112,281.93,INR,success,net_banking,2026-05-27T10:07:08.760363
TXN_000007149,ACC_000363,MER_00127,168.78,INR,success,card,2026-05-30T06:33:20.760363
TXN_000007150,ACC_000122,MER_00065,84.39,INR,success,wallet,2026-06-20T10:26:32.760363
TXN_000007151,ACC_000549,MER_00127,14.63,INR,success,upi,2026-07-08T05:28:21.760363
TXN_000007152,ACC_000278,MER_00066,456.07,INR,success,net_banking,2026-06-24T12:13:28.760363
TXN_000007153,ACC_000611,MER_00001,246.05,INR,success,wallet,2026-06-19T01:56:36.760363
TXN_000007154,ACC_000260,MER_00108,194.8,INR,success,net_banking,2026-06-19T01:44:42.760363
TXN_000007155,ACC_000661,MER_00071,393.3,INR,success,card,2026-07-19T15:39:12.760363
TXN_000007156,ACC_000955,MER_00059,306.29,INR,success,net_banking,2026-06-06T15:53:18.760363
TXN_000007157,ACC_000393,MER_00054,256.03,INR,success,upi,2026-06-11T01:43:57.760363
TXN_000007158,ACC_000528,MER_00148,248.85,INR,success,card,2026-07-03T05:47:25.760363
TXN_000007159,ACC_000697,MER_00160,339.14,INR,success,upi,2026-06-04T14:17:26.760363
TXN_000007160,ACC_000608,MER_00133,188.46,INR,success,net_banking,2026-07-19T20:15:53.760363
TXN_000007161,ACC_000999,MER_00118,396.15,INR,success,wallet,2026-06-21T01:39:06.760363
TXN_000007162,ACC_000684,MER_00076,79.14,INR,success,wallet,2026-08-23T04:39:59.760363
TXN_000007163,ACC_000194,MER_00147,121.0,INR,success,upi,2026-07-23T22:04:12.760363
TXN_000007164,ACC_000655,MER_00109,441.76,INR,success,card,2026-06-09T19:57:02.760363
TXN_000007165,ACC_000348,MER_00159,532.32,INR,success,net_banking,2026-06-23T13:30:43.760363
TXN_000007166,ACC_000969,MER_00086,434.83,INR,success,net_banking,2026-08-20T22:37:56.760363
TXN_000007167,ACC_000031,MER_00108,73.4,INR,success,card,2026-06-09T15:36:53.760363
TXN_000007168,ACC_000057,MER_00090,37.81,INR,success,wallet,2026-07-16T01:02:06.760363
TXN_000007169,ACC_000237,MER_00010,213.25,INR,success,net_banking,2026-08-14T14:50:45.760363
TXN_000007170,ACC_000312,MER_00010,1960.22,INR,success,upi,2026-07-21T21:23:37.760363
TXN_000007171,ACC_000368,MER_00019,217.52,INR,success,wallet,2026-08-11T20:07:03.760363
TXN_000007172,ACC_000799,MER_00153,44.17,INR,success,net_banking,2026-08-07T15:49:48.760363
TXN_000007173,ACC_000049,MER_00151,604.33,INR,success,upi,2026-08-14T15:48:44.760363
TXN_000007174,ACC_000895,MER_00012,593.12,INR,success,card,2026-06-28T03:54:28.760363
TXN_000007175,ACC_000322,MER_00051,75.32,INR,success,wallet,2026-07-05T21:38:15.760363
TXN_000007176,ACC_000461,MER_00149,1487.04,INR,success,wallet,2026-08-24T15:15:35.760363
TXN_000007177,ACC_000063,MER_00180,121.7,INR,success,upi,2026-07-31T22:27:31.760363
TXN_000007178,ACC_000217,MER_00046,63.29,INR,success,card,2026-08-14T03:49:36.760363
TXN_000007179,ACC_000661,MER_00083,176.75,INR,success,wallet,2026-06-29T06:54:52.760363
TXN_000007180,ACC_000631,MER_00124,368.75,INR,success,upi,2026-08-21T03:26:34.760363
TXN_000007181,ACC_000239,MER_00054,58.81,INR,success,card,2026-07-21T17:01:52.760363
TXN_000007182,ACC_000229,MER_00192,1176.57,INR,success,upi,2026-08-17T16:45:21.760363
TXN_000007183,ACC_000396,MER_00010,2227.13,INR,success,net_banking,2026-08-08T02:41:09.760363
TXN_000007184,ACC_000360,MER_00023,193.66,INR,pending,net_banking,2026-07-03T22:45:17.760363
TXN_000007185,ACC_000436,MER_00003,287.75,INR,success,upi,2026-06-18T09:06:09.760363
TXN_000007186,ACC_000075,MER_00037,128.56,INR,success,wallet,2026-07-23T23:18:04.760363
TXN_000007187,ACC_000930,MER_00028,257.26,INR,success,upi,2026-06-05T18:17:35.760363
TXN_000007188,ACC_000383,MER_00022,64.09,INR,success,net_banking,2026-06-09T21:29:10.760363
TXN_000007189,ACC_000325,MER_00185,366.16,INR,success,net_banking,2026-06-19T17:15:46.760363
TXN_000007190,ACC_000005,MER_00012,75.82,INR,success,card,2026-07-19T05:27:06.760363
TXN_000007191,ACC_000764,MER_00186,297.99,INR,success,card,2026-07-30T18:06:01.760363
TXN_000007192,ACC_000868,MER_00034,165.94,INR,success,wallet,2026-06-30T13:09:38.760363
TXN_000007193,ACC_000302,MER_00075,790.28,INR,success,upi,2026-06-07T10:23:16.760363
TXN_000007194,ACC_000462,MER_00043,695.98,INR,success,upi,2026-06-21T00:23:09.760363
TXN_000007195,ACC_000958,MER_00013,265.89,INR,success,upi,2026-06-07T05:08:41.760363
TXN_000007196,ACC_000743,MER_00038,324.78,INR,failed,upi,2026-08-21T17:40:35.760363
TXN_000007197,ACC_000891,MER_00060,2586.34,INR,success,net_banking,2026-08-02T01:30:01.760363
TXN_000007198,ACC_000474,MER_00042,766.47,INR,success,net_banking,2026-07-17T03:25:44.760363
TXN_000007199,ACC_000846,MER_00055,132.93,INR,success,card,2026-06-16T22:54:14.760363
TXN_000007200,ACC_000650,MER_00015,485.75,INR,success,wallet,2026-06-21T05:19:49.760363
TXN_000007201,ACC_000288,MER_00058,80.14,INR,success,card,2026-06-28T07:30:29.760363
TXN_000007202,ACC_000033,MER_00099,455.96,INR,success,upi,2026-07-13T09:57:34.760363
TXN_000007203,ACC_000919,MER_00093,539.84,INR,success,wallet,2026-07-14T16:07:11.760363
TXN_000007204,ACC_000699,MER_00156,966.44,INR,failed,upi,2026-05-29T05:55:15.760363
TXN_000007205,ACC_000097,MER_00072,120.98,INR,success,wallet,2026-07-11T06:09:08.760363
TXN_000007206,ACC_000651,MER_00111,820.06,INR,success,wallet,2026-07-25T12:54:33.760363
TXN_000007207,ACC_000326,MER_00185,671.08,INR,success,wallet,2026-07-15T19:07:06.760363
TXN_000007208,ACC_000286,MER_00113,89.08,INR,failed,card,2026-06-28T09:09:30.760363
TXN_000007209,ACC_000226,MER_00149,441.07,INR,pending,wallet,2026-06-05T02:00:13.760363
TXN_000007210,ACC_000199,MER_00200,158.02,INR,success,wallet,2026-05-29T05:22:13.760363
TXN_000007211,ACC_000146,MER_00041,278.01,INR,success,wallet,2026-07-25T11:27:18.760363
TXN_000007212,ACC_000574,MER_00068,104.15,INR,success,wallet,2026-07-28T22:05:49.760363
TXN_000007213,ACC_000936,MER_00115,296.63,INR,success,wallet,2026-06-17T12:56:55.760363
TXN_000007214,ACC_000920,MER_00193,508.96,INR,success,upi,2026-07-06T10:09:48.760363
TXN_000007215,ACC_000758,MER_00064,21.56,INR,success,upi,2026-08-10T13:58:54.760363
TXN_000007216,ACC_000698,MER_00147,162.2,INR,success,wallet,2026-06-20T23:13:45.760363
TXN_000007217,ACC_000021,MER_00094,153.03,INR,success,net_banking,2026-06-09T20:13:08.760363
TXN_000007218,ACC_000953,MER_00106,152.56,INR,success,card,2026-08-15T13:51:31.760363
TXN_000007219,ACC_000126,MER_00159,155.82,INR,success,card,2026-07-15T07:41:44.760363
TXN_000007220,ACC_000527,MER_00199,321.2,INR,success,card,2026-06-06T03:20:08.760363
TXN_000007221,ACC_000224,MER_00163,574.19,INR,success,upi,2026-07-03T15:18:10.760363
TXN_000007222,ACC_000489,MER_00129,554.57,INR,success,net_banking,2026-07-10T05:14:11.760363
TXN_000007223,ACC_000367,MER_00038,265.27,INR,success,card,2026-07-23T20:28:36.760363
TXN_000007224,ACC_000920,MER_00072,551.33,INR,success,wallet,2026-06-14T14:25:56.760363
TXN_000007225,ACC_000218,MER_00154,353.16,INR,success,card,2026-06-18T17:35:41.760363
TXN_000007226,ACC_000549,MER_00096,538.63,INR,success,wallet,2026-08-05T04:14:29.760363
TXN_000007227,,MER_00054,195.08,INR,success,upi,2026-07-03T00:02:22.760363
TXN_000007228,ACC_000519,MER_00155,1138.47,INR,success,upi,2026-08-02T10:27:12.760363
TXN_000007229,ACC_000969,MER_00046,264.72,INR,failed,wallet,2026-06-14T01:11:32.760363
TXN_000007230,ACC_000871,MER_00050,138.8,INR,success,card,2026-07-06T19:32:57.760363
TXN_000007231,ACC_000788,MER_00162,2152.62,INR,success,wallet,2026-07-02T07:24:18.760363
TXN_000007232,ACC_000393,MER_00049,358.35,INR,success,card,2026-08-24T17:29:05.760363
TXN_000007233,ACC_000723,MER_00010,240.27,INR,success,net_banking,2026-06-11T10:18:52.760363
TXN_000007234,ACC_000543,MER_00195,361.41,INR,success,card,2026-07-28T19:28:17.760363
TXN_000007235,ACC_000424,MER_00086,559.78,INR,success,card,2026-07-29T11:16:59.760363
TXN_000007236,ACC_000715,MER_00188,7670.36,INR,success,card,2026-07-15T00:44:22.760363
TXN_000007237,ACC_000075,MER_00125,179.02,INR,success,upi,2026-08-21T13:28:05.760363
TXN_000007238,ACC_000843,MER_00020,3992.31,INR,success,wallet,2026-06-14T00:01:53.760363
TXN_000007239,ACC_000775,MER_00128,147.89,INR,success,card,2026-05-28T04:18:54.760363
TXN_000007240,ACC_000431,MER_00127,150.16,INR,success,upi,2026-08-08T04:56:52.760363
TXN_000007241,ACC_000350,MER_00103,206.23,INR,success,upi,2026-08-22T15:16:14.760363
TXN_000007242,ACC_000911,MER_00162,89.29,INR,success,wallet,2026-06-19T17:03:02.760363
TXN_000007243,ACC_000365,MER_00105,197.75,INR,success,wallet,2026-06-01T15:14:06.760363
TXN_000007244,ACC_000800,MER_00177,26.99,INR,success,upi,2026-07-25T13:21:08.760363
TXN_000007245,ACC_000972,MER_00051,121.99,INR,success,upi,2026-08-03T18:38:38.760363
TXN_000007246,ACC_000341,MER_00108,460.62,INR,success,wallet,2026-06-01T19:57:38.760363
TXN_000007247,ACC_000996,MER_00078,1452.15,INR,success,net_banking,2026-07-16T07:03:36.760363
TXN_000007248,ACC_000591,MER_00012,186.45,INR,success,card,2026-06-22T19:49:24.760363
TXN_000007249,ACC_000744,MER_00056,38.68,INR,success,card,2026-06-09T22:57:20.760363
TXN_000007250,ACC_000119,MER_00200,336.53,INR,success,wallet,2026-07-09T06:23:19.760363
TXN_000007251,ACC_000654,MER_00013,376.93,INR,success,upi,2026-06-21T21:29:29.760363
TXN_000007252,ACC_000008,MER_00131,69.14,INR,success,card,2026-06-01T18:05:18.760363
TXN_000007253,ACC_000163,MER_00023,750.01,INR,success,upi,2026-08-18T15:51:49.760363
TXN_000007254,ACC_000876,MER_00192,337.39,INR,success,upi,2026-07-26T05:55:24.760363
TXN_000007255,ACC_000361,MER_00165,22.17,INR,success,wallet,2026-07-13T10:38:21.760363
TXN_000007256,ACC_000460,MER_00146,349.88,INR,success,net_banking,2026-05-26T18:28:12.760363
TXN_000007257,ACC_000181,MER_00045,28.67,INR,success,net_banking,2026-06-22T23:36:23.760363
TXN_000007258,ACC_000270,MER_00185,1206.99,INR,success,net_banking,2026-06-27T14:50:19.760363
TXN_000007259,ACC_000181,MER_00190,87.14,INR,success,card,2026-07-07T23:29:12.760363
TXN_000007260,ACC_000662,MER_00178,569.64,INR,success,card,2026-08-04T13:17:57.760363
TXN_000007261,ACC_000240,MER_00017,240.36,INR,success,card,2026-07-10T20:09:03.760363
TXN_000007262,ACC_000603,MER_00027,787.57,INR,success,wallet,2026-07-20T07:53:20.760363
TXN_000007263,ACC_000493,MER_00046,338.88,INR,success,upi,2026-06-07T09:20:11.760363
TXN_000007264,ACC_000915,MER_00182,76.35,INR,failed,card,2026-08-12T11:29:04.760363
TXN_000007265,ACC_000524,MER_00179,123.26,INR,success,upi,2026-06-05T07:51:38.760363
TXN_000007266,ACC_000921,MER_00189,461.19,INR,success,wallet,2026-07-24T17:12:18.760363
TXN_000007267,ACC_000302,MER_00128,195.04,INR,success,net_banking,2026-06-20T21:02:02.760363
TXN_000007268,ACC_000904,MER_00192,990.4,INR,success,wallet,2026-06-22T17:40:50.760363
TXN_000007269,ACC_000849,MER_00170,430.97,INR,success,wallet,2026-05-29T22:59:12.760363
TXN_000007270,ACC_000573,MER_00165,177.37,INR,success,card,2026-05-27T06:05:47.760363
TXN_000007271,ACC_000453,MER_00186,74.96,INR,success,wallet,2026-07-03T03:34:50.760363
TXN_000007272,ACC_000358,MER_00003,392.63,INR,success,wallet,2026-07-01T11:41:53.760363
TXN_000007273,ACC_000875,MER_00074,948.58,INR,success,upi,2026-07-31T08:10:47.760363
TXN_000007274,ACC_000460,MER_00032,153.07,INR,success,card,2026-07-29T12:41:08.760363
TXN_000007275,ACC_000789,MER_00047,81.43,INR,success,card,2026-06-28T18:44:25.760363
TXN_000007276,ACC_000504,MER_00078,207.42,INR,success,wallet,2026-07-20T03:52:17.760363
TXN_000007277,ACC_000118,MER_00079,280.14,INR,success,net_banking,2026-07-18T04:40:52.760363
TXN_000007278,ACC_000334,MER_00123,1032.74,INR,success,card,2026-07-14T20:34:50.760363
TXN_000007279,ACC_000066,MER_00105,126.76,INR,success,upi,2026-07-29T07:05:42.760363
TXN_000007280,ACC_000004,MER_00080,110.81,INR,success,card,2026-06-28T11:22:00.760363
TXN_000007281,ACC_000022,MER_00059,411.94,INR,success,card,2026-08-06T17:36:30.760363
TXN_000007282,ACC_000853,MER_00179,865.12,INR,success,upi,2026-05-27T03:56:26.760363
TXN_000007283,ACC_000933,MER_00044,193.1,INR,success,card,2026-08-10T15:35:35.760363
TXN_000007284,ACC_000031,MER_00042,50.27,INR,success,net_banking,2026-07-08T03:59:22.760363
TXN_000007285,ACC_000554,MER_00172,262.93,INR,success,upi,2026-06-10T03:35:40.760363
TXN_000007286,ACC_000208,MER_00121,397.22,INR,success,card,2026-07-17T05:53:33.760363
TXN_000007287,ACC_000423,MER_00014,166.72,INR,success,card,2026-06-17T10:55:31.760363
TXN_000007288,ACC_000304,MER_00096,150.98,INR,success,wallet,2026-08-15T00:29:11.760363
TXN_000007289,ACC_000538,MER_00134,1141.57,INR,success,upi,2026-08-07T19:44:14.760363
TXN_000007290,ACC_000892,MER_00022,214.88,INR,success,net_banking,2026-06-20T05:10:16.760363
TXN_000007291,ACC_000537,MER_00016,59.01,INR,success,card,2026-07-09T23:32:37.760363
TXN_000007292,ACC_000979,MER_00018,92.73,INR,success,net_banking,2026-08-10T10:48:32.760363
TXN_000007293,ACC_000056,MER_00117,300.03,INR,success,net_banking,2026-07-28T13:36:28.760363
TXN_000007294,ACC_000577,MER_00022,99.59,INR,success,wallet,2026-06-22T15:34:53.760363
TXN_000007295,ACC_000446,MER_00052,276.45,INR,success,upi,2026-06-18T00:38:07.760363
TXN_000007296,ACC_000320,MER_00097,218.12,INR,failed,upi,2026-08-02T03:07:18.760363
TXN_000007297,ACC_000395,MER_00070,287.23,INR,failed,wallet,2026-06-02T04:33:24.760363
TXN_000007298,ACC_000107,MER_00008,111.79,INR,success,upi,2026-08-06T15:08:12.760363
TXN_000007299,ACC_000257,MER_00002,257.24,INR,success,upi,2026-08-23T23:50:13.760363
TXN_000007300,ACC_000025,MER_00178,1147.92,INR,success,wallet,2026-06-16T22:45:48.760363
TXN_000007301,ACC_000804,MER_00022,709.78,INR,success,wallet,2026-06-20T20:47:45.760363
TXN_000007302,ACC_000904,MER_00060,455.37,INR,success,upi,2026-06-04T19:50:50.760363
TXN_000007303,ACC_000467,MER_00073,934.29,INR,success,card,2026-08-13T06:37:28.760363
TXN_000007304,ACC_000903,MER_00135,122.1,INR,success,card,2026-06-24T22:19:22.760363
TXN_000007305,ACC_000706,MER_00017,767.94,INR,success,upi,2026-07-27T03:39:16.760363
TXN_000007306,ACC_000575,MER_00123,167.98,INR,success,wallet,2026-05-30T18:15:47.760363
TXN_000007307,ACC_000909,MER_00150,34.76,INR,failed,net_banking,2026-08-22T04:25:41.760363
TXN_000007308,ACC_000892,MER_00165,269.65,INR,success,wallet,2026-07-04T05:06:25.760363
TXN_000007309,ACC_000776,MER_00185,74.44,INR,success,net_banking,2026-06-13T02:41:33.760363
TXN_000007310,ACC_000816,MER_00087,187.02,INR,success,net_banking,2026-06-06T02:40:05.760363
TXN_000007311,ACC_000329,MER_00165,281.71,INR,success,upi,2026-06-17T01:23:10.760363
TXN_000007312,ACC_000184,MER_00181,338.35,INR,success,wallet,2026-08-10T16:52:26.760363
TXN_000007313,ACC_000673,MER_00050,406.4,INR,success,net_banking,2026-07-17T14:54:43.760363
TXN_000007314,ACC_000220,MER_00053,67.75,INR,success,upi,2026-06-12T08:07:35.760363
TXN_000007315,ACC_000533,MER_00127,109.54,INR,success,net_banking,2026-07-10T15:08:17.760363
TXN_000007316,ACC_000124,MER_00016,121.43,INR,success,card,2026-08-12T13:33:21.760363
TXN_000007317,ACC_000668,MER_00164,649.08,INR,success,card,2026-07-26T09:14:04.760363
TXN_000007318,ACC_000423,MER_00107,248.02,INR,success,wallet,2026-06-02T08:31:45.760363
TXN_000007319,ACC_000925,MER_00155,476.28,INR,failed,net_banking,2026-08-12T19:24:52.760363
TXN_000007320,ACC_000372,MER_00144,70.73,INR,success,card,2026-08-08T01:37:46.760363
TXN_000007321,ACC_000944,MER_00198,262.35,INR,success,net_banking,2026-06-24T01:47:02.760363
TXN_000007322,ACC_000435,MER_00101,544.55,INR,success,net_banking,2026-08-09T22:27:27.760363
TXN_000007323,ACC_000854,MER_00136,543.27,INR,failed,upi,2026-07-17T21:54:51.760363
TXN_000007324,ACC_000632,MER_00124,651.8,INR,success,card,2026-08-05T06:58:02.760363
TXN_000007325,ACC_000782,MER_00178,229.86,INR,success,upi,2026-08-24T13:37:03.760363
TXN_000007326,ACC_000799,MER_00114,304.04,INR,success,wallet,2026-06-15T15:34:53.760363
TXN_000007327,ACC_000276,MER_00075,203.81,INR,success,card,2026-06-15T20:11:19.760363
TXN_000007328,ACC_000920,MER_00020,438.81,INR,success,net_banking,2026-08-13T01:42:00.760363
TXN_000007329,ACC_000950,MER_00095,69.28,INR,success,wallet,2026-07-15T09:20:28.760363
TXN_000007330,ACC_000540,MER_00072,107.34,INR,success,card,2026-07-28T02:27:24.760363
TXN_000007331,ACC_000177,MER_00143,399.07,INR,success,wallet,2026-08-04T08:44:45.760363
TXN_000007332,ACC_000466,MER_00081,174.62,INR,success,card,2026-07-05T02:03:57.760363
TXN_000007333,ACC_000767,MER_00134,147.27,INR,failed,wallet,2026-06-27T23:51:29.760363
TXN_000007334,ACC_000746,MER_00075,700.4,INR,success,net_banking,2026-06-01T16:29:42.760363
TXN_000007335,ACC_000153,MER_00051,379.62,INR,success,card,2026-07-15T15:55:05.760363
TXN_000007336,ACC_000917,MER_00190,1066.51,INR,success,wallet,2026-07-06T18:28:54.760363
TXN_000007337,ACC_000812,MER_00038,400.64,INR,success,wallet,2026-07-19T18:24:47.760363
TXN_000007338,ACC_000425,MER_00127,978.99,INR,success,net_banking,2026-06-06T09:32:04.760363
TXN_000007339,ACC_000003,MER_00099,27.14,INR,success,upi,2026-06-30T15:33:02.760363
TXN_000007340,ACC_000140,MER_00039,129.49,INR,success,wallet,2026-08-03T21:17:48.760363
TXN_000007341,ACC_000815,MER_00086,351.2,INR,success,net_banking,2026-06-08T10:00:32.760363
TXN_000007342,ACC_000359,MER_00162,1193.41,INR,success,card,2026-06-10T16:34:08.760363
TXN_000007343,ACC_000047,MER_00158,153.15,INR,success,wallet,2026-08-20T06:10:41.760363
TXN_000007344,ACC_000944,MER_00046,540.69,INR,success,wallet,2026-07-07T22:44:57.760363
TXN_000007345,ACC_000956,MER_00128,78.74,INR,success,upi,2026-07-05T01:22:02.760363
TXN_000007346,ACC_000546,MER_00133,583.21,INR,success,wallet,2026-06-16T13:24:26.760363
TXN_000007347,ACC_000666,MER_00036,554.83,INR,success,upi,2026-06-17T11:55:17.760363
TXN_000007348,ACC_000088,MER_00046,153.87,INR,success,net_banking,2026-06-17T06:44:53.760363
TXN_000007349,ACC_000316,MER_00083,1143.88,INR,success,net_banking,2026-06-30T04:41:55.760363
TXN_000007350,ACC_000059,MER_00075,649.54,INR,success,upi,2026-08-22T17:07:30.760363
TXN_000007351,ACC_000064,MER_00170,320.33,INR,success,card,2026-06-23T00:05:38.760363
TXN_000007352,ACC_000620,MER_00004,837.46,INR,success,upi,2026-06-25T22:29:55.760363
TXN_000007353,ACC_000308,MER_00043,122.79,INR,success,wallet,2026-06-27T21:45:21.760363
TXN_000007354,ACC_000952,MER_00035,146.44,INR,success,net_banking,2026-07-24T22:57:20.760363
TXN_000007355,ACC_000985,MER_00178,98.14,INR,success,wallet,2026-07-23T16:57:54.760363
TXN_000007356,ACC_000586,MER_00084,605.78,INR,success,wallet,2026-06-13T08:17:24.760363
TXN_000007357,ACC_000345,MER_00186,351.23,INR,success,card,2026-07-12T21:52:18.760363
TXN_000007358,ACC_000262,MER_00168,577.28,INR,success,net_banking,2026-08-16T01:16:08.760363
TXN_000007359,ACC_000525,MER_00125,823.18,INR,success,wallet,2026-07-08T08:05:55.760363
TXN_000007360,ACC_000606,MER_00179,152.31,INR,success,wallet,2026-08-05T21:28:31.760363
TXN_000007361,ACC_000993,MER_00014,339.29,INR,success,net_banking,2026-07-15T11:20:47.760363
TXN_000007362,ACC_000746,MER_00143,390.67,INR,success,card,2026-05-30T11:13:47.760363
TXN_000007363,ACC_000105,MER_00065,222.72,INR,success,net_banking,2026-08-22T22:00:05.760363
TXN_000007364,ACC_000912,MER_00072,119.48,INR,success,card,2026-07-16T10:07:04.760363
TXN_000007365,ACC_000796,MER_00180,293.89,INR,success,net_banking,2026-07-14T15:40:01.760363
TXN_000007366,ACC_000364,MER_00014,39.54,INR,success,upi,2026-06-29T10:22:08.760363
TXN_000007367,ACC_000604,MER_00005,122.37,INR,success,card,2026-08-16T00:08:45.760363
TXN_000007368,ACC_000130,MER_00098,27.22,INR,success,wallet,2026-07-13T07:28:43.760363
TXN_000007369,ACC_000321,MER_00132,477.12,INR,success,card,2026-08-19T13:58:25.760363
TXN_000007370,ACC_000723,MER_00164,922.08,INR,success,net_banking,2026-06-03T06:57:52.760363
TXN_000007371,ACC_000755,MER_00070,689.4,INR,success,upi,2026-06-06T18:26:55.760363
TXN_000007372,ACC_000743,MER_00005,690.21,INR,success,upi,2026-06-08T16:37:57.760363
TXN_000007373,ACC_000097,MER_00168,471.27,INR,success,upi,2026-07-31T03:52:57.760363
TXN_000007374,ACC_000314,MER_00126,195.74,INR,success,upi,2026-07-29T08:38:35.760363
TXN_000007375,ACC_000438,MER_00101,617.59,INR,success,card,2026-08-18T16:55:00.760363
TXN_000007376,ACC_000424,MER_00062,322.32,INR,success,wallet,2026-08-15T00:41:26.760363
TXN_000007377,ACC_000956,MER_00163,880.61,INR,failed,wallet,2026-06-19T00:55:09.760363
TXN_000007378,ACC_000673,MER_00181,848.5,INR,success,net_banking,2026-08-19T07:02:02.760363
TXN_000007379,ACC_000312,MER_00106,422.38,INR,success,wallet,2026-07-10T06:23:04.760363
TXN_000007380,ACC_000192,MER_00159,239.86,INR,success,upi,2026-06-15T11:46:44.760363
TXN_000007381,ACC_000273,MER_00086,231.97,INR,success,upi,2026-05-27T03:45:11.760363
TXN_000007382,ACC_000647,MER_00062,346.78,INR,success,upi,2026-08-06T01:50:18.760363
TXN_000007383,ACC_000541,MER_00173,918.66,INR,success,wallet,2026-06-17T02:48:15.760363
TXN_000007384,ACC_000282,MER_00156,906.45,INR,success,upi,2026-06-06T10:00:49.760363
TXN_000007385,ACC_000076,MER_00032,284.86,INR,success,wallet,2026-07-09T17:06:52.760363
TXN_000007386,ACC_000886,MER_00119,196.92,INR,success,wallet,2026-07-11T21:31:29.760363
TXN_000007387,ACC_000661,MER_00177,155.8,INR,success,net_banking,2026-05-31T10:38:11.760363
TXN_000007388,ACC_000022,MER_00032,152.42,INR,success,wallet,2026-08-20T11:06:10.760363
TXN_000007389,ACC_000350,MER_00021,345.95,INR,success,wallet,2026-08-21T01:46:40.760363
TXN_000007390,ACC_000714,MER_00068,492.5,INR,success,card,2026-07-06T18:09:11.760363
TXN_000007391,ACC_000336,MER_00068,212.93,INR,success,wallet,2026-07-13T19:13:18.760363
TXN_000007392,ACC_000305,MER_00110,62.8,INR,success,upi,2026-06-08T20:14:44.760363
TXN_000007393,,MER_00017,21.41,INR,success,net_banking,2026-07-09T07:09:27.760363
TXN_000007394,ACC_000991,MER_00035,270.21,INR,success,card,2026-08-22T02:26:05.760363
TXN_000007395,ACC_000027,MER_00027,29.33,INR,success,wallet,2026-08-11T22:46:32.760363
TXN_000007396,ACC_000218,MER_00031,802.95,INR,success,upi,2026-06-15T12:11:08.760363
TXN_000007397,ACC_000225,MER_00149,325.24,INR,success,card,2026-07-23T10:58:18.760363
TXN_000007398,ACC_000665,MER_00087,1052.08,INR,success,wallet,2026-08-21T19:53:29.760363
TXN_000007399,ACC_000691,MER_00172,134.64,INR,success,net_banking,2026-07-03T10:54:54.760363
TXN_000007400,ACC_000091,MER_00026,205.24,INR,success,net_banking,2026-06-14T00:15:40.760363
TXN_000007401,ACC_000754,MER_00170,165.29,INR,success,net_banking,2026-08-22T14:02:40.760363
TXN_000007402,ACC_000375,MER_00178,94.5,INR,success,wallet,2026-05-28T06:00:59.760363
TXN_000007403,ACC_000905,MER_00045,228.89,INR,success,wallet,2026-07-09T23:20:37.760363
TXN_000007404,ACC_000912,MER_00199,73.78,INR,success,wallet,2026-07-08T02:51:28.760363
TXN_000007405,ACC_000927,MER_00079,749.53,INR,success,wallet,2026-08-07T00:54:21.760363
TXN_000007406,ACC_000088,MER_00179,184.36,INR,success,net_banking,2026-08-23T00:19:35.760363
TXN_000007407,ACC_000237,MER_00170,155.51,INR,success,wallet,2026-06-17T03:39:29.760363
TXN_000007408,ACC_000940,MER_00066,928.61,INR,success,wallet,2026-07-25T23:10:06.760363
TXN_000007409,ACC_000807,MER_00164,161.07,INR,success,card,2026-08-05T04:34:11.760363
TXN_000007410,ACC_000959,MER_00164,198.95,INR,success,upi,2026-07-16T10:50:45.760363
TXN_000007411,ACC_000503,MER_00082,328.9,INR,success,wallet,2026-08-10T08:52:23.760363
TXN_000007412,ACC_000437,MER_00153,79.98,INR,success,net_banking,2026-05-29T16:20:44.760363
TXN_000007413,ACC_000451,MER_00155,23.74,INR,success,net_banking,2026-07-15T17:52:19.760363
TXN_000007414,ACC_000609,MER_00042,209.95,INR,success,net_banking,2026-05-31T13:41:46.760363
TXN_000007415,ACC_000031,MER_00179,185.19,INR,success,upi,2026-07-15T02:34:21.760363
TXN_000007416,ACC_000951,MER_00073,789.41,INR,failed,wallet,2026-07-01T07:09:31.760363
TXN_000007417,ACC_000006,MER_00041,1711.28,INR,success,net_banking,2026-08-16T15:29:17.760363
TXN_000007418,ACC_000256,MER_00061,298.91,INR,success,net_banking,2026-08-10T05:17:01.760363
TXN_000007419,ACC_000844,MER_00102,158.47,INR,success,upi,2026-07-18T09:11:25.760363
TXN_000007420,ACC_000815,MER_00084,878.9,INR,success,net_banking,2026-06-03T10:10:03.760363
TXN_000007421,ACC_000372,MER_00188,1067.53,INR,success,card,2026-06-04T13:05:00.760363
TXN_000007422,ACC_000120,MER_00053,25.54,INR,success,upi,2026-07-30T08:00:24.760363
TXN_000007423,ACC_000288,MER_00024,415.74,INR,success,wallet,2026-07-27T06:24:43.760363
TXN_000007424,ACC_000754,MER_00148,25.13,INR,pending,upi,2026-08-14T08:37:51.760363
TXN_000007425,ACC_000154,MER_00101,2568.87,INR,success,card,2026-06-19T09:24:00.760363
TXN_000007426,ACC_000699,MER_00149,59.93,INR,success,card,2026-06-25T06:01:08.760363
TXN_000007427,ACC_000547,MER_00165,332.23,INR,success,card,2026-07-07T14:05:20.760363
TXN_000007428,ACC_000601,MER_00058,1157.58,INR,success,wallet,2026-08-05T06:18:27.760363
TXN_000007429,ACC_000695,MER_00032,1493.22,INR,failed,net_banking,2026-06-21T19:42:40.760363
TXN_000007430,ACC_000887,MER_00153,34.76,INR,success,upi,2026-07-24T11:13:12.760363
TXN_000007431,ACC_000904,MER_00086,123.06,INR,success,upi,2026-06-23T06:58:32.760363
TXN_000007432,ACC_000313,MER_00079,127.12,INR,success,card,2026-06-19T17:29:10.760363
TXN_000007433,ACC_000128,MER_00144,126.61,INR,success,net_banking,2026-06-23T05:18:40.760363
TXN_000007434,ACC_000018,MER_00006,38.08,INR,success,net_banking,2026-07-21T19:10:08.760363
TXN_000007435,ACC_000199,MER_00165,177.86,INR,success,wallet,2026-06-01T14:51:14.760363
TXN_000007436,ACC_000004,MER_00187,51.06,INR,success,upi,2026-07-29T10:01:03.760363
TXN_000007437,ACC_000815,MER_00072,67.31,INR,failed,net_banking,2026-07-22T17:03:31.760363
TXN_000007438,ACC_000889,MER_00087,167.45,INR,success,net_banking,2026-08-18T06:22:57.760363
TXN_000007439,ACC_000213,MER_00073,75.55,INR,success,net_banking,2026-08-02T20:41:51.760363
TXN_000007440,ACC_000352,MER_00190,142.72,INR,failed,wallet,2026-08-12T04:56:37.760363
TXN_000007441,ACC_000147,MER_00061,39.79,INR,success,card,2026-08-20T08:17:28.760363
TXN_000007442,ACC_000121,MER_00136,472.43,INR,success,upi,2026-08-16T14:42:38.760363
TXN_000007443,ACC_000664,MER_00079,505.91,INR,success,wallet,2026-08-10T15:48:46.760363
TXN_000007444,ACC_000750,MER_00183,384.61,INR,success,net_banking,2026-07-18T00:04:50.760363
TXN_000007445,ACC_000308,MER_00072,600.14,INR,success,wallet,2026-08-24T00:01:22.760363
TXN_000007446,ACC_000596,MER_00192,275.59,INR,success,card,2026-06-18T08:31:01.760363
TXN_000007447,ACC_000913,MER_00111,127.82,INR,success,net_banking,2026-06-09T23:01:06.760363
TXN_000007448,ACC_000848,MER_00155,225.01,INR,success,net_banking,2026-08-23T21:33:22.760363
TXN_000007449,ACC_000129,MER_00034,179.56,INR,success,upi,2026-07-16T07:59:33.760363
TXN_000007450,ACC_000272,MER_00016,189.73,INR,success,card,2026-06-11T06:01:58.760363
TXN_000007451,ACC_000667,MER_00159,116.43,INR,success,card,2026-06-27T05:48:58.760363
TXN_000007452,ACC_000592,MER_00064,26.95,INR,success,wallet,2026-08-01T14:51:27.760363
TXN_000007453,ACC_000153,MER_00113,322.31,INR,success,wallet,2026-07-11T15:39:12.760363
TXN_000007454,ACC_000695,MER_00040,36.21,INR,success,wallet,2026-06-23T04:59:04.760363
TXN_000007455,ACC_000514,MER_00077,82.18,INR,success,net_banking,2026-07-16T13:24:49.760363
TXN_000007456,ACC_000588,MER_00110,53.4,INR,success,net_banking,2026-06-09T20:13:34.760363
TXN_000007457,ACC_000522,MER_00160,107.67,INR,success,card,2026-07-06T15:03:05.760363
TXN_000007458,ACC_000847,MER_00175,267.86,INR,success,wallet,2026-06-17T04:43:10.760363
TXN_000007459,ACC_000649,MER_00003,313.31,INR,success,net_banking,2026-08-19T22:03:45.760363
TXN_000007460,ACC_000954,MER_00143,339.13,INR,success,card,2026-06-18T10:37:21.760363
TXN_000007461,ACC_000056,MER_00169,400.0,INR,success,card,2026-08-05T18:35:20.760363
TXN_000007462,ACC_000864,MER_00137,64.95,INR,success,card,2026-07-02T16:01:12.760363
TXN_000007463,ACC_000143,MER_00167,1346.92,INR,failed,upi,2026-08-15T00:00:44.760363
TXN_000007464,ACC_000268,MER_00070,91.28,INR,success,upi,2026-08-03T13:31:41.760363
TXN_000007465,ACC_000737,MER_00049,320.75,INR,success,net_banking,2026-08-16T19:04:03.760363
TXN_000007466,ACC_000893,MER_00082,3364.68,INR,success,wallet,2026-06-23T06:20:28.760363
TXN_000007467,ACC_000773,MER_00182,148.03,INR,success,wallet,2026-07-12T03:43:58.760363
TXN_000007468,ACC_000960,MER_00041,68.72,INR,success,net_banking,2026-08-18T11:28:44.760363
TXN_000007469,ACC_000103,MER_00120,930.28,INR,success,net_banking,2026-07-03T22:37:44.760363
TXN_000007470,ACC_000200,MER_00190,149.35,INR,success,card,2026-07-04T22:00:04.760363
TXN_000007471,ACC_000486,MER_00137,460.22,INR,success,card,2026-06-17T22:31:13.760363
TXN_000007472,ACC_000364,MER_00174,284.14,INR,success,net_banking,2026-08-22T15:02:15.760363
TXN_000007473,ACC_000171,MER_00075,816.63,INR,success,wallet,2026-08-21T08:26:05.760363
TXN_000007474,ACC_000696,MER_00086,283.95,INR,success,card,2026-08-06T20:47:51.760363
TXN_000007475,ACC_000684,MER_00180,786.89,INR,success,upi,2026-08-06T10:07:47.760363
TXN_000007476,ACC_000007,MER_00118,80.45,INR,success,wallet,2026-08-17T13:55:06.760363
TXN_000007477,ACC_000511,MER_00193,507.15,INR,success,wallet,2026-07-11T10:03:54.760363
TXN_000007478,ACC_000253,MER_00047,170.61,INR,success,card,2026-08-04T19:27:26.760363
TXN_000007479,ACC_000706,MER_00151,558.74,INR,success,card,2026-06-09T18:53:02.760363
TXN_000007480,ACC_000291,MER_00174,44.33,INR,success,wallet,2026-05-30T09:41:45.760363
TXN_000007481,ACC_000835,MER_00094,3103.79,INR,success,wallet,2026-07-03T13:11:33.760363
TXN_000007482,ACC_000515,MER_00166,1695.46,INR,success,upi,2026-07-20T00:15:41.760363
TXN_000007483,ACC_000258,MER_00184,392.54,INR,success,wallet,2026-07-29T13:11:48.760363
TXN_000007484,ACC_000832,MER_00172,372.0,INR,success,upi,2026-06-19T16:15:51.760363
TXN_000007485,ACC_000802,MER_00132,772.73,INR,failed,net_banking,2026-08-11T13:18:44.760363
TXN_000007486,ACC_000217,MER_00136,421.64,INR,success,net_banking,2026-07-13T14:05:07.760363
TXN_000007487,ACC_000194,MER_00041,66.61,INR,success,upi,2026-06-03T12:54:30.760363
TXN_000007488,ACC_000922,MER_00171,126.25,INR,success,wallet,2026-08-18T00:01:03.760363
TXN_000007489,ACC_000868,MER_00113,136.47,INR,success,net_banking,2026-06-26T02:14:04.760363
TXN_000007490,ACC_000297,MER_00196,143.22,INR,success,upi,2026-07-09T23:54:39.760363
TXN_000007491,ACC_000039,MER_00025,170.6,INR,success,upi,2026-08-03T20:19:49.760363
TXN_000007492,ACC_000002,MER_00157,863.42,INR,success,card,2026-08-05T09:28:23.760363
TXN_000007493,ACC_000714,MER_00115,301.03,INR,success,upi,2026-08-11T22:59:37.760363
TXN_000007494,ACC_000288,MER_00062,209.6,INR,success,card,2026-06-23T15:42:42.760363
TXN_000007495,ACC_000420,MER_00028,566.64,INR,success,wallet,2026-07-08T10:51:36.760363
TXN_000007496,ACC_000886,MER_00018,45.62,INR,success,wallet,2026-08-13T20:49:20.760363
TXN_000007497,ACC_000055,MER_00014,102.07,INR,success,upi,2026-07-25T17:27:08.760363
TXN_000007498,ACC_000934,MER_00194,113.35,INR,success,net_banking,2026-08-19T11:41:41.760363
TXN_000007499,ACC_000246,MER_00136,1723.46,INR,success,net_banking,2026-07-10T20:37:05.760363
TXN_000007500,ACC_000950,MER_00052,96.44,INR,success,wallet,2026-06-15T23:16:55.760363
TXN_000007501,ACC_000993,MER_00104,225.95,INR,success,card,2026-06-16T23:53:00.760363
TXN_000007502,ACC_000442,MER_00170,64.46,INR,success,wallet,2026-08-02T17:18:39.760363
TXN_000007503,ACC_000418,MER_00196,76.22,INR,success,upi,2026-06-30T00:05:09.760363
TXN_000007504,ACC_000212,MER_00022,910.87,INR,success,upi,2026-06-15T20:52:01.760363
TXN_000007505,ACC_000888,MER_00071,159.6,INR,success,card,2026-07-05T01:54:18.760363
TXN_000007506,ACC_000775,MER_00147,539.65,INR,failed,upi,2026-07-26T16:58:50.760363
TXN_000007507,ACC_000499,MER_00174,119.83,INR,success,net_banking,2026-06-11T11:28:06.760363
TXN_000007508,ACC_000264,MER_00161,413.01,INR,success,card,2026-07-25T17:04:19.760363
TXN_000007509,ACC_000560,MER_00111,67.0,INR,success,net_banking,2026-07-06T19:57:52.760363
TXN_000007510,ACC_000595,MER_00008,493.66,INR,success,net_banking,2026-08-11T02:34:56.760363
TXN_000007511,ACC_000309,MER_00181,203.07,INR,success,upi,2026-06-22T16:51:13.760363
TXN_000007512,ACC_000034,MER_00171,476.11,INR,success,card,2026-07-25T05:26:02.760363
TXN_000007513,ACC_000815,MER_00037,724.21,INR,failed,card,2026-06-20T06:13:05.760363
TXN_000007514,ACC_000521,MER_00020,351.21,INR,success,net_banking,2026-08-18T08:15:13.760363
TXN_000007515,ACC_000406,MER_00134,62.38,INR,success,net_banking,2026-07-17T04:58:52.760363
TXN_000007516,ACC_000056,MER_00021,116.67,INR,success,upi,2026-07-14T06:16:53.760363
TXN_000007517,ACC_000080,MER_00095,382.81,INR,success,net_banking,2026-08-20T06:58:22.760363
TXN_000007518,ACC_000475,MER_00107,42.36,INR,success,upi,2026-08-23T10:32:08.760363
TXN_000007519,ACC_000411,MER_00128,209.75,INR,success,wallet,2026-07-09T15:34:35.760363
TXN_000007520,ACC_000899,MER_00098,1097.85,INR,success,card,2026-08-18T01:50:50.760363
TXN_000007521,ACC_000735,MER_00146,319.64,INR,success,net_banking,2026-07-28T12:53:30.760363
TXN_000007522,ACC_000093,MER_00188,473.29,INR,success,net_banking,2026-07-28T11:04:23.760363
TXN_000007523,ACC_000093,MER_00100,187.22,INR,success,upi,2026-06-08T22:10:50.760363
TXN_000007524,ACC_000685,MER_00148,82.44,INR,success,card,2026-06-10T16:49:06.760363
TXN_000007525,ACC_000410,MER_00096,436.8,INR,success,card,2026-06-14T17:23:47.760363
TXN_000007526,ACC_000042,MER_00092,272.23,INR,success,net_banking,2026-05-30T07:44:19.760363
TXN_000007527,ACC_000736,MER_00044,436.91,INR,success,wallet,2026-06-21T19:13:23.760363
TXN_000007528,ACC_000142,MER_00076,89.68,INR,success,wallet,2026-08-22T17:43:39.760363
TXN_000007529,ACC_000061,MER_00155,518.99,INR,success,card,2026-08-08T13:49:37.760363
TXN_000007530,ACC_000357,MER_00156,142.42,INR,success,wallet,2026-06-18T14:46:23.760363
TXN_000007531,ACC_000099,MER_00116,276.42,INR,success,wallet,2026-06-06T01:37:29.760363
TXN_000007532,ACC_000952,MER_00192,1892.86,INR,success,card,2026-07-05T15:46:55.760363
TXN_000007533,ACC_000047,MER_00007,258.83,INR,success,upi,2026-07-30T13:38:07.760363
TXN_000007534,ACC_000927,MER_00069,213.22,INR,success,card,2026-06-06T14:52:25.760363
TXN_000007535,ACC_000574,MER_00065,56.12,INR,failed,card,2026-07-28T19:13:59.760363
TXN_000007536,ACC_000935,MER_00068,305.89,INR,success,card,2026-06-06T04:05:23.760363
TXN_000007537,ACC_000113,MER_00143,220.44,INR,success,upi,2026-07-22T13:25:35.760363
TXN_000007538,ACC_000488,MER_00029,727.97,INR,success,upi,2026-06-01T19:29:56.760363
TXN_000007539,ACC_000570,MER_00142,1851.48,INR,success,wallet,2026-06-07T16:58:32.760363
TXN_000007540,ACC_000901,MER_00077,145.15,INR,failed,card,2026-07-10T04:33:39.760363
TXN_000007541,ACC_000270,MER_00022,170.85,INR,success,net_banking,2026-06-23T18:43:18.760363
TXN_000007542,ACC_000352,MER_00150,743.39,INR,success,wallet,2026-07-17T07:56:26.760363
TXN_000007543,ACC_000730,MER_00082,1105.96,INR,success,card,2026-06-10T16:11:16.760363
TXN_000007544,ACC_000060,MER_00005,649.02,INR,success,net_banking,2026-06-14T08:43:52.760363
TXN_000007545,ACC_000305,MER_00103,174.44,INR,success,wallet,2026-08-16T03:04:04.760363
TXN_000007546,ACC_000714,MER_00115,425.63,INR,success,net_banking,2026-08-11T02:46:17.760363
TXN_000007547,ACC_000390,MER_00090,19.64,INR,success,wallet,2026-05-30T04:49:32.760363
TXN_000007548,ACC_000655,MER_00133,222.31,INR,success,card,2026-06-27T04:37:34.760363
TXN_000007549,ACC_000685,MER_00057,246.05,INR,success,net_banking,2026-06-08T11:20:16.760363
TXN_000007550,ACC_000376,MER_00187,247.32,INR,success,wallet,2026-06-21T11:01:46.760363
TXN_000007551,ACC_000554,MER_00031,46.44,INR,success,net_banking,2026-08-13T11:39:41.760363
TXN_000007552,ACC_000696,MER_00177,153.22,INR,success,card,2026-06-30T18:33:08.760363
TXN_000007553,ACC_000860,MER_00151,1078.31,INR,success,wallet,2026-05-31T14:41:35.760363
TXN_000007554,ACC_000129,MER_00143,394.41,INR,success,wallet,2026-06-26T12:37:51.760363
TXN_000007555,ACC_000324,MER_00102,99.79,INR,success,net_banking,2026-07-20T11:50:40.760363
TXN_000007556,ACC_000078,MER_00193,696.27,INR,success,wallet,2026-07-09T06:10:20.760363
TXN_000007557,ACC_000308,MER_00020,1927.51,INR,success,card,2026-07-21T01:35:43.760363
TXN_000007558,ACC_000359,MER_00053,45.34,INR,success,card,2026-07-31T15:44:42.760363
TXN_000007559,ACC_000878,MER_00019,141.25,INR,success,upi,2026-07-05T13:19:13.760363
TXN_000007560,ACC_000083,MER_00167,166.89,INR,success,net_banking,2026-06-13T12:23:02.760363
TXN_000007561,ACC_000424,MER_00014,56.49,INR,success,net_banking,2026-07-03T16:00:00.760363
TXN_000007562,ACC_000005,MER_00094,195.41,INR,success,card,2026-08-21T14:46:33.760363
TXN_000007563,ACC_000118,MER_00160,592.38,INR,success,card,2026-08-19T20:58:51.760363
TXN_000007564,ACC_000495,MER_00117,206.23,INR,success,wallet,2026-07-05T11:47:42.760363
TXN_000007565,ACC_000247,MER_00150,54.06,INR,success,net_banking,2026-06-28T05:44:25.760363
TXN_000007566,ACC_000121,MER_00171,493.29,INR,success,net_banking,2026-05-27T23:09:50.760363
TXN_000007567,ACC_000131,MER_00192,418.66,INR,success,wallet,2026-05-29T14:15:48.760363
TXN_000007568,ACC_000616,MER_00062,74.62,INR,success,card,2026-06-01T03:18:13.760363
TXN_000007569,ACC_000602,MER_00180,656.02,INR,success,net_banking,2026-07-27T05:00:06.760363
TXN_000007570,ACC_000795,MER_00090,130.6,INR,success,upi,2026-06-19T23:30:39.760363
TXN_000007571,ACC_000237,MER_00099,301.92,INR,success,card,2026-07-09T06:00:49.760363
TXN_000007572,ACC_000643,MER_00168,629.4,INR,success,net_banking,2026-07-07T14:48:37.760363
TXN_000007573,ACC_000509,MER_00070,170.11,INR,success,card,2026-06-18T12:08:37.760363
TXN_000007574,ACC_000414,MER_00186,144.94,INR,success,net_banking,2026-08-16T05:21:34.760363
TXN_000007575,ACC_000295,MER_00037,82.48,INR,success,net_banking,2026-08-03T07:09:32.760363
TXN_000007576,ACC_000039,MER_00036,58.24,INR,success,wallet,2026-06-05T15:37:56.760363
TXN_000007577,ACC_000952,MER_00012,90.28,INR,success,card,2026-07-06T10:56:59.760363
TXN_000007578,ACC_000609,MER_00018,193.51,INR,success,net_banking,2026-05-30T19:07:21.760363
TXN_000007579,ACC_000732,MER_00008,523.64,INR,success,upi,2026-07-24T00:46:07.760363
TXN_000007580,ACC_000415,MER_00117,396.01,INR,success,wallet,2026-07-05T18:48:33.760363
TXN_000007581,ACC_000694,MER_00051,418.71,INR,success,net_banking,2026-07-10T13:54:39.760363
TXN_000007582,ACC_000573,MER_00030,89.01,INR,success,upi,2026-07-17T19:53:56.760363
TXN_000007583,ACC_000467,MER_00071,292.5,INR,success,card,2026-06-17T09:03:17.760363
TXN_000007584,ACC_000288,MER_00177,165.98,INR,success,net_banking,2026-07-13T02:48:32.760363
TXN_000007585,ACC_000457,MER_00070,618.02,INR,success,wallet,2026-05-27T05:28:12.760363
TXN_000007586,ACC_000695,MER_00176,96.49,INR,success,net_banking,2026-08-20T09:27:06.760363
TXN_000007587,ACC_000602,MER_00022,22.81,INR,success,wallet,2026-08-18T07:52:50.760363
TXN_000007588,ACC_000987,MER_00141,61.04,INR,success,upi,2026-06-04T04:28:22.760363
TXN_000007589,ACC_000211,MER_00113,384.61,INR,success,net_banking,2026-08-08T10:12:23.760363
TXN_000007590,ACC_000145,MER_00132,105.53,INR,success,card,2026-07-25T10:38:16.760363
TXN_000007591,ACC_000403,MER_00184,267.18,INR,success,wallet,2026-08-10T06:03:43.760363
TXN_000007592,ACC_000382,MER_00054,356.37,INR,success,card,2026-07-16T07:56:20.760363
TXN_000007593,ACC_000458,MER_00079,552.58,INR,success,upi,2026-06-15T09:02:17.760363
TXN_000007594,ACC_000983,MER_00051,102.89,INR,success,card,2026-06-17T14:24:23.760363
TXN_000007595,ACC_000847,MER_00005,125.04,INR,success,card,2026-05-27T05:18:21.760363
TXN_000007596,ACC_000365,MER_00109,1563.42,INR,success,net_banking,2026-07-02T22:55:31.760363
TXN_000007597,ACC_000678,MER_00023,145.16,INR,success,card,2026-07-28T10:37:04.760363
TXN_000007598,ACC_000546,MER_00090,147.7,INR,pending,wallet,2026-06-01T02:40:52.760363
TXN_000007599,ACC_000304,MER_00108,900.04,INR,success,card,2026-07-06T19:26:55.760363
TXN_000007600,ACC_000978,MER_00018,122.17,INR,success,upi,2026-08-16T15:43:00.760363
TXN_000007601,ACC_000336,MER_00143,410.44,INR,success,net_banking,2026-05-28T13:59:28.760363
TXN_000007602,ACC_000722,MER_00054,151.13,INR,success,upi,2026-06-30T22:34:20.760363
TXN_000007603,ACC_000791,MER_00175,424.62,INR,success,upi,2026-08-17T19:55:05.760363
TXN_000007604,ACC_000170,MER_00154,84.11,INR,success,upi,2026-07-17T22:58:49.760363
TXN_000007605,ACC_000663,MER_00139,202.29,INR,success,net_banking,2026-07-01T13:38:38.760363
TXN_000007606,ACC_000382,MER_00017,120.93,INR,success,upi,2026-08-07T21:24:32.760363
TXN_000007607,ACC_000837,MER_00038,581.0,INR,success,wallet,2026-08-24T16:09:29.760363
TXN_000007608,ACC_000877,MER_00081,869.28,INR,success,card,2026-07-03T02:35:04.760363
TXN_000007609,ACC_000652,MER_00110,197.63,INR,success,net_banking,2026-07-10T10:38:46.760363
TXN_000007610,ACC_000670,MER_00191,1010.17,INR,failed,upi,2026-08-24T01:05:40.760363
TXN_000007611,ACC_000326,MER_00152,241.39,INR,success,net_banking,2026-07-17T00:07:45.760363
TXN_000007612,ACC_000373,MER_00129,467.21,INR,failed,wallet,2026-06-16T06:59:30.760363
TXN_000007613,ACC_000789,MER_00134,267.94,INR,success,upi,2026-06-08T04:56:55.760363
TXN_000007614,ACC_000359,MER_00198,183.53,INR,success,upi,2026-08-14T21:23:30.760363
TXN_000007615,ACC_000653,MER_00115,342.97,INR,success,upi,2026-06-25T05:40:01.760363
TXN_000007616,ACC_000972,MER_00164,810.19,INR,success,wallet,2026-05-31T17:10:40.760363
TXN_000007617,ACC_000434,MER_00042,37.05,INR,success,net_banking,2026-06-20T23:01:35.760363
TXN_000007618,ACC_000611,MER_00054,918.96,INR,success,upi,2026-06-07T20:47:52.760363
TXN_000007619,ACC_000814,MER_00146,156.07,INR,success,upi,2026-06-26T21:06:55.760363
TXN_000007620,ACC_000128,MER_00165,162.97,INR,success,card,2026-07-26T23:31:49.760363
TXN_000007621,ACC_000111,MER_00127,329.82,INR,success,card,2026-08-04T01:47:57.760363
TXN_000007622,ACC_000754,MER_00084,127.16,INR,success,net_banking,2026-07-03T07:17:26.760363
TXN_000007623,ACC_000423,MER_00125,1185.76,INR,success,upi,2026-08-12T09:28:40.760363
TXN_000007624,ACC_000785,MER_00167,283.01,INR,success,upi,2026-07-22T23:27:03.760363
TXN_000007625,ACC_000577,MER_00099,346.83,INR,success,net_banking,2026-07-13T07:37:12.760363
TXN_000007626,ACC_000630,MER_00067,471.51,INR,success,net_banking,2026-08-22T10:15:20.760363
TXN_000007627,ACC_000355,MER_00133,85.36,INR,failed,card,2026-07-15T12:43:53.760363
TXN_000007628,ACC_000562,MER_00020,365.56,INR,success,net_banking,2026-07-26T20:33:02.760363
TXN_000007629,ACC_000949,MER_00037,344.93,INR,success,card,2026-08-16T18:35:46.760363
TXN_000007630,ACC_000154,MER_00040,784.57,INR,success,upi,2026-07-29T12:42:16.760363
TXN_000007631,ACC_000091,MER_00017,246.38,INR,failed,card,2026-08-20T06:05:52.760363
TXN_000007632,ACC_000853,MER_00099,118.44,INR,success,upi,2026-06-12T17:16:53.760363
TXN_000007633,ACC_000007,MER_00162,352.17,INR,success,upi,2026-07-07T03:28:19.760363
TXN_000007634,ACC_000848,MER_00047,167.17,INR,success,wallet,2026-06-25T08:14:27.760363
TXN_000007635,ACC_000555,MER_00197,366.66,INR,success,wallet,2026-07-02T04:08:42.760363
TXN_000007636,ACC_000161,MER_00079,337.08,INR,success,card,2026-08-06T01:34:18.760363
TXN_000007637,ACC_000533,MER_00064,78.17,INR,success,card,2026-06-02T13:10:07.760363
TXN_000007638,ACC_000053,MER_00012,840.98,INR,success,net_banking,2026-07-04T20:51:22.760363
TXN_000007639,ACC_000939,MER_00106,230.86,INR,success,wallet,2026-06-11T15:15:56.760363
TXN_000007640,ACC_000768,MER_00115,213.05,INR,success,wallet,2026-07-13T15:35:53.760363
TXN_000007641,ACC_000716,MER_00122,149.69,INR,pending,upi,2026-07-05T08:47:06.760363
TXN_000007642,ACC_000873,MER_00158,172.47,INR,success,card,2026-05-29T12:54:17.760363
TXN_000007643,ACC_000808,MER_00072,191.01,INR,success,net_banking,2026-06-04T01:38:56.760363
TXN_000007644,ACC_000400,MER_00185,38.7,INR,success,wallet,2026-07-20T11:27:55.760363
TXN_000007645,ACC_000596,MER_00158,215.7,INR,success,card,2026-08-05T02:15:16.760363
TXN_000007646,ACC_000102,MER_00086,605.7,INR,failed,upi,2026-07-21T14:51:15.760363
TXN_000007647,ACC_000236,MER_00129,84.29,INR,success,wallet,2026-06-10T07:56:42.760363
TXN_000007648,ACC_000256,MER_00200,121.32,INR,success,upi,2026-07-16T00:09:23.760363
TXN_000007649,ACC_000290,MER_00106,93.46,INR,success,card,2026-08-07T23:00:56.760363
TXN_000007650,ACC_000923,MER_00174,100.88,INR,success,upi,2026-07-23T04:56:31.760363
TXN_000007651,ACC_000760,MER_00068,142.75,INR,success,upi,2026-08-09T05:55:50.760363
TXN_000007652,,MER_00114,149.42,INR,success,net_banking,2026-07-20T21:58:31.760363
TXN_000007653,ACC_000024,MER_00089,61.34,INR,success,card,2026-08-05T04:11:03.760363
TXN_000007654,ACC_000053,MER_00142,394.7,INR,success,wallet,2026-07-21T01:39:07.760363
TXN_000007655,ACC_000674,MER_00070,246.52,INR,success,net_banking,2026-07-11T11:38:49.760363
TXN_000007656,ACC_000602,MER_00168,219.91,INR,success,upi,2026-08-08T08:16:17.760363
TXN_000007657,ACC_000485,MER_00199,130.31,INR,success,net_banking,2026-07-11T23:22:43.760363
TXN_000007658,ACC_000654,MER_00049,144.96,INR,success,card,2026-07-13T00:16:41.760363
TXN_000007659,ACC_000444,MER_00063,135.53,INR,success,net_banking,2026-06-28T20:48:47.760363
TXN_000007660,ACC_000762,MER_00068,1167.62,INR,success,upi,2026-07-25T11:42:12.760363
TXN_000007661,ACC_000357,MER_00089,478.14,INR,success,upi,2026-06-19T20:59:41.760363
TXN_000007662,ACC_000281,MER_00199,116.43,INR,success,upi,2026-07-04T16:09:33.760363
TXN_000007663,ACC_000289,MER_00091,-500.00,INR,success,card,2026-07-03T23:27:23.760363
TXN_000007664,ACC_000660,MER_00151,454.42,INR,success,card,2026-07-23T01:25:37.760363
TXN_000007665,ACC_000311,MER_00026,125.53,INR,failed,net_banking,2026-06-04T14:56:48.760363
TXN_000007666,ACC_000699,MER_00167,201.99,INR,success,card,2026-08-18T22:49:34.760363
TXN_000007667,ACC_000795,MER_00014,125.15,INR,success,card,2026-08-14T05:12:59.760363
TXN_000007668,ACC_000427,MER_00182,1369.3,INR,success,wallet,2026-07-27T06:05:26.760363
TXN_000007669,ACC_000353,MER_00134,137.73,INR,success,card,2026-06-24T14:45:58.760363
TXN_000007670,ACC_000683,MER_00057,103.54,INR,success,upi,2026-08-17T11:42:17.760363
TXN_000007671,ACC_000161,MER_00029,117.71,INR,success,upi,2026-08-10T01:49:37.760363
TXN_000007672,ACC_000695,MER_00043,103.6,INR,success,net_banking,2026-08-06T02:09:39.760363
TXN_000007673,ACC_000018,MER_00111,91.82,INR,success,wallet,2026-06-19T12:52:12.760363
TXN_000007674,ACC_000409,MER_00029,976.36,INR,success,card,2026-07-07T05:45:27.760363
TXN_000007675,ACC_000095,MER_00146,856.88,INR,success,upi,2026-07-21T07:20:49.760363
TXN_000007676,ACC_000823,MER_00080,117.62,INR,success,upi,2026-07-24T07:17:02.760363
TXN_000007677,ACC_000821,MER_00157,134.19,INR,success,upi,2026-08-16T15:45:09.760363
TXN_000007678,ACC_000387,MER_00025,57.89,INR,success,net_banking,2026-07-23T16:08:33.760363
TXN_000007679,ACC_000906,MER_00158,119.69,INR,success,wallet,2026-06-21T19:16:20.760363
TXN_000007680,ACC_000097,MER_00152,352.34,INR,success,net_banking,2026-06-05T22:44:37.760363
TXN_000007681,ACC_000059,MER_00188,378.5,INR,success,upi,2026-07-09T00:05:41.760363
TXN_000007682,ACC_000954,MER_00107,90.64,INR,success,card,2026-07-24T03:30:13.760363
TXN_000007683,ACC_000590,MER_00142,935.04,INR,success,upi,2026-06-27T20:59:28.760363
TXN_000007684,ACC_000416,MER_00083,167.41,INR,success,card,2026-05-30T18:59:08.760363
TXN_000007685,ACC_000937,MER_00032,727.84,INR,failed,net_banking,2026-08-16T16:50:29.760363
TXN_000007686,ACC_000163,MER_00160,524.55,INR,success,wallet,2026-08-05T08:13:44.760363
TXN_000007687,ACC_000150,MER_00100,52.65,INR,success,upi,2026-07-31T16:23:50.760363
TXN_000007688,ACC_000365,MER_00046,340.86,INR,success,wallet,2026-05-29T13:46:26.760363
TXN_000007689,ACC_000165,MER_00161,84.73,INR,success,net_banking,2026-08-12T19:12:18.760363
TXN_000007690,ACC_000691,MER_00028,63.64,INR,success,net_banking,2026-07-19T23:34:09.760363
TXN_000007691,ACC_000727,MER_00036,472.33,INR,success,upi,2026-07-13T14:33:12.760363
TXN_000007692,ACC_000090,MER_00134,656.25,INR,success,wallet,2026-07-05T14:36:43.760363
TXN_000007693,ACC_000792,MER_00136,877.68,INR,success,wallet,2026-06-03T09:12:30.760363
TXN_000007694,ACC_000296,MER_00152,118.09,INR,success,wallet,2026-06-10T03:01:54.760363
TXN_000007695,ACC_000264,MER_00062,227.4,INR,success,card,2026-07-12T06:23:25.760363
TXN_000007696,ACC_000029,MER_00199,115.62,INR,success,wallet,2026-08-22T14:19:06.760363
TXN_000007697,ACC_000633,MER_00106,70.84,INR,success,wallet,2026-08-16T06:37:23.760363
TXN_000007698,ACC_000265,MER_00079,265.28,INR,success,upi,2026-08-04T00:40:04.760363
TXN_000007699,ACC_000462,MER_00085,607.88,INR,success,wallet,2026-07-04T22:55:29.760363
TXN_000007700,ACC_000817,MER_00090,99.76,INR,success,wallet,2026-07-31T18:51:03.760363
TXN_000007701,ACC_000342,MER_00030,287.62,INR,success,card,2026-07-17T17:31:20.760363
TXN_000007702,ACC_000064,MER_00093,8.11,INR,success,wallet,2026-06-11T07:13:05.760363
TXN_000007703,ACC_000400,MER_00040,189.91,INR,success,card,2026-06-08T18:58:07.760363
TXN_000007704,ACC_000895,MER_00170,383.31,INR,success,card,2026-07-14T12:23:30.760363
TXN_000007705,ACC_000121,MER_00189,100.11,INR,success,card,2026-08-03T07:18:22.760363
TXN_000007706,ACC_000761,MER_00168,290.2,INR,success,upi,2026-06-23T23:32:46.760363
TXN_000007707,ACC_000465,MER_00137,175.46,INR,success,upi,2026-06-20T05:48:22.760363
TXN_000007708,ACC_000263,MER_00024,330.78,INR,success,wallet,2026-08-10T01:14:13.760363
TXN_000007709,ACC_000126,MER_00153,1456.98,INR,success,card,2026-06-07T06:59:11.760363
TXN_000007710,ACC_000399,MER_00149,354.83,INR,success,net_banking,2026-08-14T21:40:00.760363
TXN_000007711,ACC_000242,MER_00015,184.45,INR,success,wallet,2026-08-02T13:47:12.760363
TXN_000007712,ACC_000475,MER_00143,341.22,INR,success,wallet,2026-08-09T08:49:09.760363
TXN_000007713,ACC_000493,MER_00136,767.04,INR,success,wallet,2026-07-15T17:27:43.760363
TXN_000007714,ACC_000289,MER_00112,541.71,INR,success,wallet,2026-07-12T17:12:07.760363
TXN_000007715,ACC_000353,MER_00015,482.03,INR,success,upi,2026-08-01T13:01:21.760363
TXN_000007716,ACC_000463,MER_00078,276.1,INR,success,card,2026-06-29T00:35:57.760363
TXN_000007717,ACC_000682,MER_00075,132.5,INR,success,card,2026-08-22T12:33:04.760363
TXN_000007718,ACC_000207,MER_00025,196.48,INR,success,net_banking,2026-07-01T01:29:16.760363
TXN_000007719,ACC_000678,MER_00152,639.68,INR,success,card,2026-07-19T21:17:50.760363
TXN_000007720,ACC_000985,MER_00095,348.01,INR,success,wallet,2026-06-19T13:09:58.760363
TXN_000007721,ACC_000103,MER_00111,129.55,INR,success,net_banking,2026-07-14T18:45:35.760363
TXN_000007722,ACC_000096,MER_00115,353.9,INR,success,upi,2026-07-22T17:30:21.760363
TXN_000007723,ACC_000829,MER_00054,387.31,INR,failed,upi,2026-06-29T15:14:35.760363
TXN_000007724,ACC_000531,MER_00032,2146.42,INR,success,upi,2026-08-23T23:54:17.760363
TXN_000007725,ACC_000138,MER_00014,1330.42,INR,success,card,2026-08-08T23:32:45.760363
TXN_000007726,ACC_000567,MER_00071,215.7,INR,success,wallet,2026-08-10T02:40:44.760363
TXN_000007727,ACC_000115,MER_00078,112.51,INR,success,upi,2026-08-04T22:33:47.760363
TXN_000007728,ACC_000258,MER_00147,2813.65,INR,success,card,2026-06-28T23:35:59.760363
TXN_000007729,ACC_000503,MER_00021,144.12,INR,success,net_banking,2026-06-21T03:49:23.760363
TXN_000007730,ACC_000844,MER_00015,19.55,INR,success,wallet,2026-07-18T08:05:35.760363
TXN_000007731,ACC_000740,MER_00172,228.55,INR,success,card,2026-08-18T07:43:43.760363
TXN_000007732,ACC_000716,MER_00151,186.14,INR,success,card,2026-06-29T03:18:15.760363
TXN_000007733,ACC_000332,MER_00017,401.89,INR,success,upi,2026-07-03T23:51:02.760363
TXN_000007734,ACC_000094,MER_00072,738.72,INR,success,upi,2026-06-29T22:11:04.760363
TXN_000007735,ACC_000584,MER_00164,288.8,INR,success,wallet,2026-07-16T06:12:23.760363
TXN_000007736,ACC_000499,MER_00099,175.29,INR,success,card,2026-06-07T23:49:09.760363
TXN_000007737,ACC_000519,MER_00138,559.15,INR,success,net_banking,2026-08-08T16:46:02.760363
TXN_000007738,ACC_000178,MER_00115,54.03,INR,success,upi,2026-07-04T05:22:09.760363
TXN_000007739,ACC_000308,MER_00102,29.8,INR,failed,wallet,2026-06-14T19:02:07.760363
TXN_000007740,ACC_000064,MER_00009,113.56,INR,success,wallet,2026-07-17T16:08:50.760363
TXN_000007741,ACC_000474,MER_00092,100.43,INR,success,card,2026-06-02T04:08:24.760363
TXN_000007742,ACC_000767,MER_00039,383.97,INR,success,card,2026-08-03T02:20:03.760363
TXN_000007743,ACC_000532,MER_00140,1027.98,INR,success,card,2026-07-17T03:59:31.760363
TXN_000007744,ACC_000191,MER_00147,40.02,INR,success,net_banking,2026-07-04T03:13:22.760363
TXN_000007745,ACC_000686,MER_00152,388.7,INR,success,net_banking,2026-06-30T10:19:56.760363
TXN_000007746,ACC_000641,MER_00019,284.06,INR,success,upi,2026-08-08T06:00:34.760363
TXN_000007747,ACC_000972,MER_00108,973.15,INR,success,wallet,2026-08-14T10:12:43.760363
TXN_000007748,ACC_000657,MER_00120,1840.27,INR,success,card,2026-07-13T22:28:26.760363
TXN_000007749,ACC_000305,MER_00030,588.17,INR,success,card,2026-07-23T09:52:23.760363
TXN_000007750,ACC_000160,MER_00124,281.28,INR,success,upi,2026-06-29T16:50:21.760363
TXN_000007751,ACC_000998,MER_00157,48.21,INR,success,card,2026-08-10T18:25:20.760363
TXN_000007752,ACC_000169,MER_00193,236.32,INR,pending,net_banking,2026-07-24T18:54:06.760363
TXN_000007753,ACC_000051,MER_00143,133.03,INR,success,wallet,2026-05-29T18:32:24.760363
TXN_000007754,ACC_000881,MER_00192,536.12,INR,success,net_banking,2026-07-24T23:50:23.760363
TXN_000007755,ACC_000282,MER_00077,133.0,INR,success,wallet,2026-08-08T18:30:46.760363
TXN_000007756,ACC_000001,MER_00126,75.38,INR,success,upi,2026-06-12T20:46:43.760363
TXN_000007757,ACC_000248,MER_00128,561.97,INR,success,upi,2026-06-18T03:23:09.760363
TXN_000007758,ACC_000401,MER_00063,767.87,INR,success,net_banking,2026-07-31T13:15:50.760363
TXN_000007759,ACC_000398,MER_00165,625.83,INR,success,card,2026-06-29T09:30:20.760363
TXN_000007760,ACC_000558,MER_00156,141.81,INR,success,wallet,2026-06-03T00:40:53.760363
TXN_000007761,ACC_000578,MER_00112,171.04,INR,success,wallet,2026-07-17T05:53:12.760363
TXN_000007762,ACC_000926,MER_00102,764.06,INR,pending,net_banking,2026-06-04T04:31:55.760363
TXN_000007763,ACC_000121,MER_00012,3103.69,INR,success,wallet,2026-07-15T01:15:58.760363
TXN_000007764,ACC_000198,MER_00200,254.04,INR,success,upi,2026-08-10T05:08:53.760363
TXN_000007765,ACC_000662,MER_00010,756.7,INR,success,wallet,2026-07-13T06:12:07.760363
TXN_000007766,ACC_000785,MER_00198,84.35,INR,success,wallet,2026-08-23T03:11:46.760363
TXN_000007767,ACC_000991,MER_00077,121.41,INR,success,wallet,2026-06-04T18:06:28.760363
TXN_000007768,ACC_000263,MER_00162,183.91,INR,success,upi,2026-06-02T14:33:04.760363
TXN_000007769,ACC_000875,MER_00112,80.49,INR,success,net_banking,2026-06-26T01:18:30.760363
TXN_000007770,ACC_000657,MER_00043,577.53,INR,success,card,2026-06-06T17:33:20.760363
TXN_000007771,ACC_000692,MER_00080,447.44,INR,success,card,2026-08-02T22:47:38.760363
TXN_000007772,ACC_000568,MER_00018,55.72,INR,success,net_banking,2026-06-19T01:51:51.760363
TXN_000007773,ACC_000667,MER_00049,2062.68,INR,pending,net_banking,2026-08-17T15:36:23.760363
TXN_000007774,ACC_000428,MER_00025,413.92,INR,success,wallet,2026-08-02T11:02:19.760363
TXN_000007775,ACC_000589,MER_00138,103.36,INR,success,card,2026-07-09T05:54:23.760363
TXN_000007776,ACC_000730,MER_00144,378.22,INR,success,upi,2026-08-24T05:27:24.760363
TXN_000007777,ACC_000477,MER_00193,485.79,INR,success,card,2026-07-30T04:50:31.760363
TXN_000007778,ACC_000834,MER_00016,137.25,INR,success,card,2026-07-15T00:18:24.760363
TXN_000007779,ACC_000074,MER_00163,212.25,INR,success,wallet,2026-07-05T16:15:36.760363
TXN_000007780,ACC_000374,MER_00051,112.84,INR,success,upi,2026-07-15T09:56:24.760363
TXN_000007781,ACC_000308,MER_00071,131.34,INR,success,wallet,2026-07-04T03:15:37.760363
TXN_000007782,ACC_000989,MER_00028,393.43,INR,success,card,2026-06-09T09:02:04.760363
TXN_000007783,ACC_000737,MER_00102,154.31,INR,success,upi,2026-05-31T19:53:04.760363
TXN_000007784,ACC_000154,MER_00168,326.87,INR,success,card,2026-06-04T07:06:40.760363
TXN_000007785,ACC_000536,MER_00077,95.2,INR,success,wallet,2026-06-20T13:26:25.760363
TXN_000007786,ACC_000526,MER_00018,772.74,INR,success,wallet,2026-08-18T13:51:39.760363
TXN_000007787,ACC_000677,MER_00035,488.68,INR,success,net_banking,2026-08-01T22:26:19.760363
TXN_000007788,ACC_000113,MER_00091,331.67,INR,success,upi,2026-07-16T00:56:03.760363
TXN_000007789,ACC_000706,MER_00042,1198.86,INR,success,card,2026-06-15T02:55:25.760363
TXN_000007790,ACC_000172,MER_00186,1553.09,INR,success,upi,2026-07-18T10:44:14.760363
TXN_000007791,ACC_000594,MER_00055,595.58,INR,success,upi,2026-06-09T16:45:56.760363
TXN_000007792,ACC_000876,MER_00131,396.61,INR,success,upi,2026-07-07T10:58:12.760363
TXN_000007793,ACC_000469,MER_00035,17.16,INR,success,net_banking,2026-07-02T12:12:25.760363
TXN_000007794,ACC_000616,MER_00147,-500.00,INR,success,net_banking,2026-07-02T09:24:16.760363
TXN_000007795,ACC_000510,MER_00030,197.39,INR,success,upi,2026-08-17T19:46:52.760363
TXN_000007796,ACC_000398,MER_00062,214.53,INR,success,card,2026-07-19T10:46:23.760363
TXN_000007797,ACC_000659,MER_00171,1616.63,INR,failed,upi,2026-05-30T06:40:26.760363
TXN_000007798,ACC_000107,MER_00099,66.32,INR,success,net_banking,2026-06-01T14:04:28.760363
TXN_000007799,ACC_000102,MER_00022,63.25,INR,success,wallet,2026-08-19T14:23:38.760363
TXN_000007800,ACC_000588,MER_00179,143.51,INR,success,upi,2026-07-10T03:14:56.760363
TXN_000007801,ACC_000469,MER_00119,421.96,INR,success,net_banking,2026-07-13T22:29:34.760363
TXN_000007802,ACC_000913,MER_00005,144.1,INR,success,upi,2026-06-20T20:17:21.760363
TXN_000007803,ACC_000130,MER_00103,654.03,INR,success,wallet,2026-07-31T14:01:55.760363
TXN_000007804,ACC_000508,MER_00085,106.66,INR,success,net_banking,2026-07-30T16:27:37.760363
TXN_000007805,ACC_000232,MER_00053,295.03,INR,success,net_banking,2026-06-26T23:25:41.760363
TXN_000007806,ACC_000163,MER_00061,37.73,INR,success,net_banking,2026-06-11T16:57:21.760363
TXN_000007807,ACC_000496,MER_00105,309.79,INR,success,card,2026-08-10T02:32:43.760363
TXN_000007808,ACC_000589,MER_00007,617.44,INR,success,wallet,2026-07-17T09:08:33.760363
TXN_000007809,ACC_000750,MER_00013,756.2,INR,success,card,2026-08-17T06:47:00.760363
TXN_000007810,ACC_000015,MER_00073,217.7,INR,success,card,2026-06-20T03:45:19.760363
TXN_000007811,ACC_000646,MER_00188,183.33,INR,success,upi,2026-07-08T19:27:39.760363
TXN_000007812,ACC_000918,MER_00052,7867.98,INR,success,net_banking,2026-08-06T23:50:28.760363
TXN_000007813,ACC_000508,MER_00087,93.48,INR,success,wallet,2026-07-30T00:37:08.760363
TXN_000007814,ACC_000988,MER_00124,359.64,INR,success,upi,2026-07-05T17:15:15.760363
TXN_000007815,ACC_000590,MER_00127,873.89,INR,success,wallet,2026-08-22T23:58:12.760363
TXN_000007816,ACC_000863,MER_00085,184.41,INR,success,wallet,2026-06-09T23:07:44.760363
TXN_000007817,ACC_000524,MER_00181,1175.48,INR,success,upi,2026-08-21T08:36:52.760363
TXN_000007818,ACC_000422,MER_00058,388.82,INR,success,wallet,2026-06-23T14:45:40.760363
TXN_000007819,ACC_000585,MER_00080,78.68,INR,success,upi,2026-07-13T01:16:21.760363
TXN_000007820,ACC_000149,MER_00021,211.6,INR,success,net_banking,2026-07-17T18:54:30.760363
TXN_000007821,ACC_000919,MER_00159,162.18,INR,success,card,2026-07-06T17:21:59.760363
TXN_000007822,ACC_000474,MER_00088,91.39,INR,success,wallet,2026-06-10T16:46:37.760363
TXN_000007823,ACC_000462,MER_00139,68.7,INR,success,upi,2026-07-30T20:45:23.760363
TXN_000007824,ACC_000022,MER_00066,249.67,INR,success,card,2026-08-04T20:44:06.760363
TXN_000007825,ACC_000328,MER_00108,317.86,INR,success,wallet,2026-06-03T20:03:33.760363
TXN_000007826,ACC_000010,MER_00050,227.08,INR,success,net_banking,2026-06-22T05:28:30.760363
TXN_000007827,ACC_000355,MER_00111,31.15,INR,success,upi,2026-07-18T20:49:21.760363
TXN_000007828,ACC_000376,MER_00155,918.05,INR,success,upi,2026-07-08T03:34:25.760363
TXN_000007829,ACC_000210,MER_00185,363.3,INR,success,wallet,2026-07-06T11:22:12.760363
TXN_000007830,ACC_000505,MER_00038,463.31,INR,success,card,2026-07-03T14:31:05.760363
TXN_000007831,ACC_000277,MER_00162,242.15,INR,success,wallet,2026-06-30T11:55:59.760363
TXN_000007832,ACC_000714,MER_00138,82.0,INR,failed,wallet,2026-07-17T22:40:26.760363
TXN_000007833,ACC_000060,MER_00076,430.4,INR,success,wallet,2026-07-26T01:20:47.760363
TXN_000007834,ACC_000242,MER_00013,109.81,INR,success,card,2026-08-23T02:22:50.760363
TXN_000007835,ACC_000018,MER_00054,58.1,INR,success,net_banking,2026-07-07T14:06:12.760363
TXN_000007836,ACC_000395,MER_00018,247.91,INR,success,net_banking,2026-08-19T18:54:49.760363
TXN_000007837,ACC_000911,MER_00121,1043.66,INR,success,card,2026-06-14T05:00:09.760363
TXN_000007838,ACC_000141,MER_00116,254.96,INR,success,net_banking,2026-06-23T09:48:06.760363
TXN_000007839,ACC_000426,MER_00061,731.73,INR,success,wallet,2026-06-03T12:00:03.760363
TXN_000007840,ACC_000251,MER_00126,587.75,INR,success,upi,2026-08-10T05:43:56.760363
TXN_000007841,ACC_000939,MER_00048,369.95,INR,success,card,2026-06-20T23:20:11.760363
TXN_000007842,ACC_000052,MER_00046,335.57,INR,failed,card,2026-07-12T17:01:30.760363
TXN_000007843,ACC_000690,MER_00190,538.97,INR,success,card,2026-06-14T01:59:53.760363
TXN_000007844,ACC_000183,MER_00131,1625.84,INR,success,net_banking,2026-08-16T05:48:51.760363
TXN_000007845,ACC_000341,MER_00050,2421.54,INR,success,net_banking,2026-07-17T14:55:05.760363
TXN_000007846,ACC_000328,MER_00153,774.87,INR,success,upi,2026-08-01T19:13:13.760363
TXN_000007847,ACC_000745,MER_00091,217.2,INR,success,card,2026-07-27T07:17:22.760363
TXN_000007848,ACC_000320,MER_00190,201.82,INR,pending,card,2026-06-02T06:16:35.760363
TXN_000007849,ACC_000415,MER_00027,117.31,INR,pending,wallet,2026-06-03T01:07:34.760363
TXN_000007850,ACC_000731,MER_00080,248.77,INR,success,wallet,2026-08-17T22:52:52.760363
TXN_000007851,ACC_000437,MER_00096,81.58,INR,success,wallet,2026-06-16T23:20:15.760363
TXN_000007852,ACC_000882,MER_00061,476.35,INR,success,upi,2026-07-07T05:59:17.760363
TXN_000007853,ACC_000300,MER_00170,684.51,INR,success,upi,2026-06-26T18:47:31.760363
TXN_000007854,ACC_000127,MER_00100,346.05,INR,success,net_banking,2026-08-01T07:00:01.760363
TXN_000007855,ACC_000852,MER_00161,195.34,INR,success,card,2026-07-07T21:01:52.760363
TXN_000007856,ACC_000871,MER_00159,63.19,INR,success,wallet,2026-08-04T00:17:57.760363
TXN_000007857,ACC_000034,MER_00087,201.26,INR,success,card,2026-07-01T16:28:36.760363
TXN_000007858,ACC_000561,MER_00161,54.96,INR,success,net_banking,2026-06-14T23:51:26.760363
TXN_000007859,ACC_000091,MER_00032,623.22,INR,success,net_banking,2026-06-14T05:20:16.760363
TXN_000007860,ACC_000605,MER_00131,119.77,INR,success,net_banking,2026-08-11T14:30:47.760363
TXN_000007861,ACC_000489,MER_00199,3670.94,INR,success,card,2026-07-12T23:05:06.760363
TXN_000007862,ACC_000924,MER_00188,89.75,INR,success,upi,2026-06-17T08:50:58.760363
TXN_000007863,ACC_000548,MER_00093,2507.09,INR,success,upi,2026-06-20T19:49:30.760363
TXN_000007864,ACC_000531,MER_00056,525.31,INR,success,card,2026-07-21T22:23:49.760363
TXN_000007865,ACC_000452,MER_00023,643.34,INR,success,wallet,2026-07-02T21:50:06.760363
TXN_000007866,ACC_000890,MER_00132,574.01,INR,success,net_banking,2026-08-15T11:34:07.760363
TXN_000007867,ACC_000803,MER_00088,160.09,INR,success,net_banking,2026-06-06T23:19:20.760363
TXN_000007868,ACC_000205,MER_00156,579.93,INR,success,net_banking,2026-07-08T02:31:08.760363
TXN_000007869,ACC_000438,MER_00134,242.78,INR,success,upi,2026-08-22T02:35:05.760363
TXN_000007870,ACC_000429,MER_00042,248.49,INR,failed,wallet,2026-08-06T05:34:58.760363
TXN_000007871,ACC_000216,MER_00117,176.82,INR,success,net_banking,2026-06-24T09:45:14.760363
TXN_000007872,ACC_000397,MER_00028,204.29,INR,success,upi,2026-08-07T16:27:15.760363
TXN_000007873,ACC_000666,MER_00033,314.81,INR,success,upi,2026-06-02T02:10:29.760363
TXN_000007874,ACC_000556,MER_00177,150.79,INR,success,card,2026-06-05T07:52:54.760363
TXN_000007875,ACC_000911,MER_00047,11.15,INR,success,card,2026-07-20T01:33:48.760363
TXN_000007876,ACC_000363,MER_00177,36.6,INR,success,upi,2026-08-04T00:32:41.760363
TXN_000007877,ACC_000980,MER_00191,244.27,INR,success,wallet,2026-08-19T08:08:15.760363
TXN_000007878,ACC_000360,MER_00042,279.6,INR,success,card,2026-07-03T09:18:26.760363
TXN_000007879,ACC_000398,MER_00148,182.82,INR,success,card,2026-06-30T10:44:10.760363
TXN_000007880,ACC_000027,MER_00020,640.26,INR,success,net_banking,2026-06-19T09:38:13.760363
TXN_000007881,ACC_000968,MER_00198,777.71,INR,success,upi,2026-08-16T04:29:19.760363
TXN_000007882,ACC_000625,MER_00093,674.97,INR,success,card,2026-07-13T12:32:18.760363
TXN_000007883,ACC_000965,MER_00099,262.52,INR,success,upi,2026-07-05T03:53:41.760363
TXN_000007884,ACC_000195,MER_00070,779.6,INR,success,wallet,2026-07-22T12:53:39.760363
TXN_000007885,ACC_000874,MER_00087,365.68,INR,success,net_banking,2026-07-14T06:30:18.760363
TXN_000007886,ACC_000482,MER_00003,80.45,INR,success,upi,2026-07-11T19:15:12.760363
TXN_000007887,ACC_000517,MER_00061,325.07,INR,success,card,2026-07-26T13:54:21.760363
TXN_000007888,ACC_000317,MER_00079,89.17,INR,success,net_banking,2026-07-23T17:15:37.760363
TXN_000007889,ACC_000838,MER_00130,914.23,INR,success,net_banking,2026-08-22T04:48:44.760363
TXN_000007890,ACC_000312,MER_00113,1304.06,INR,success,card,2026-08-16T10:14:02.760363
TXN_000007891,ACC_000553,MER_00121,1768.72,INR,success,wallet,2026-05-30T09:59:47.760363
TXN_000007892,ACC_000972,MER_00044,719.84,INR,success,upi,2026-08-01T00:03:08.760363
TXN_000007893,ACC_000483,MER_00142,172.08,INR,success,wallet,2026-07-26T04:08:51.760363
TXN_000007894,ACC_000001,MER_00188,435.89,INR,success,net_banking,2026-07-31T10:39:47.760363
TXN_000007895,ACC_000089,MER_00167,378.05,INR,success,wallet,2026-05-31T09:11:34.760363
TXN_000007896,ACC_000112,MER_00089,401.01,INR,success,wallet,2026-07-23T05:44:55.760363
TXN_000007897,ACC_000262,MER_00127,41.33,INR,success,net_banking,2026-07-07T22:05:37.760363
TXN_000007898,ACC_000126,MER_00107,81.6,INR,success,net_banking,2026-07-20T22:38:56.760363
TXN_000007899,ACC_000331,MER_00049,573.8,INR,success,net_banking,2026-07-04T08:52:54.760363
TXN_000007900,ACC_000321,MER_00095,550.33,INR,pending,upi,2026-06-16T03:21:13.760363
TXN_000007901,ACC_000785,MER_00080,672.5,INR,success,net_banking,2026-08-22T07:42:06.760363
TXN_000007902,ACC_000973,MER_00007,186.77,INR,success,upi,2026-07-16T12:29:36.760363
TXN_000007903,ACC_000521,MER_00193,142.56,INR,success,card,2026-07-28T18:53:06.760363
TXN_000007904,ACC_000504,MER_00043,165.26,INR,success,wallet,2026-05-26T23:55:01.760363
TXN_000007905,ACC_000066,MER_00045,847.31,INR,success,net_banking,2026-07-03T08:42:59.760363
TXN_000007906,ACC_000250,MER_00061,155.63,INR,failed,net_banking,2026-08-12T07:49:34.760363
TXN_000007907,ACC_000812,MER_00036,96.67,INR,success,net_banking,2026-06-06T09:21:55.760363
TXN_000007908,ACC_000474,MER_00066,97.15,INR,success,upi,2026-07-08T15:49:37.760363
TXN_000007909,ACC_000302,MER_00186,55.54,INR,success,upi,2026-08-10T07:08:59.760363
TXN_000007910,ACC_000371,MER_00023,351.72,INR,success,net_banking,2026-08-07T03:35:14.760363
TXN_000007911,ACC_000021,MER_00054,53.18,INR,success,upi,2026-07-05T05:40:31.760363
TXN_000007912,ACC_000703,MER_00177,291.73,INR,success,upi,2026-06-23T16:06:03.760363
TXN_000007913,ACC_000321,MER_00036,124.29,INR,success,card,2026-06-15T13:02:06.760363
TXN_000007914,ACC_000449,MER_00183,797.39,INR,success,upi,2026-06-24T16:52:09.760363
TXN_000007915,ACC_000776,MER_00042,120.69,INR,success,card,2026-06-20T17:32:06.760363
TXN_000007916,ACC_000040,MER_00014,138.02,INR,success,upi,2026-06-26T03:55:49.760363
TXN_000007917,ACC_000884,MER_00071,124.63,INR,success,wallet,2026-07-06T11:59:12.760363
TXN_000007918,ACC_000476,MER_00124,2498.74,INR,success,card,2026-06-09T13:26:04.760363
TXN_000007919,ACC_000970,MER_00168,191.82,INR,success,net_banking,2026-07-29T18:17:28.760363
TXN_000007920,ACC_000035,MER_00088,268.51,INR,success,wallet,2026-08-11T01:52:17.760363
TXN_000007921,ACC_000460,MER_00134,59.53,INR,success,wallet,2026-07-04T16:53:24.760363
TXN_000007922,ACC_000627,MER_00059,151.28,INR,pending,card,2026-05-31T08:17:19.760363
TXN_000007923,ACC_000095,MER_00158,358.32,INR,success,net_banking,2026-07-17T10:34:31.760363
TXN_000007924,ACC_000463,MER_00052,165.68,INR,success,card,2026-08-14T14:48:10.760363
TXN_000007925,ACC_000036,MER_00154,1042.56,INR,success,net_banking,2026-06-15T09:32:25.760363
TXN_000007926,ACC_000612,MER_00005,385.93,INR,success,net_banking,2026-07-22T00:07:21.760363
TXN_000007927,ACC_000763,MER_00028,516.07,INR,success,upi,2026-08-09T23:46:19.760363
TXN_000007928,ACC_000434,MER_00194,414.82,INR,success,card,2026-07-10T14:26:01.760363
TXN_000007929,ACC_000695,MER_00100,268.57,INR,success,net_banking,2026-06-04T21:03:46.760363
TXN_000007930,ACC_000474,MER_00190,221.74,INR,success,upi,2026-06-09T00:53:26.760363
TXN_000007931,ACC_000714,MER_00067,111.12,INR,success,net_banking,2026-08-05T18:47:11.760363
TXN_000007932,ACC_000093,MER_00106,1535.67,INR,success,card,2026-07-05T15:48:43.760363
TXN_000007933,ACC_000584,MER_00192,77.23,INR,success,upi,2026-06-26T16:14:17.760363
TXN_000007934,ACC_000605,MER_00053,114.87,INR,success,card,2026-07-06T23:55:36.760363
TXN_000007935,ACC_000396,MER_00121,50.45,INR,success,net_banking,2026-08-01T08:46:31.760363
TXN_000007936,ACC_000884,MER_00032,76.25,INR,success,wallet,2026-07-22T11:38:15.760363
TXN_000007937,ACC_000693,MER_00092,49.31,INR,pending,wallet,2026-07-30T00:40:44.760363
TXN_000007938,ACC_000851,MER_00141,610.83,INR,success,card,2026-07-01T03:35:30.760363
TXN_000007939,ACC_000821,MER_00011,1058.56,INR,success,card,2026-07-02T22:48:07.760363
TXN_000007940,ACC_000348,MER_00199,396.17,INR,success,card,2026-07-07T12:59:44.760363
TXN_000007941,ACC_000263,MER_00071,596.59,INR,success,net_banking,2026-08-02T13:46:10.760363
TXN_000007942,ACC_000932,MER_00039,270.45,INR,success,upi,2026-06-15T17:51:05.760363
TXN_000007943,ACC_000187,MER_00043,679.03,INR,success,net_banking,2026-06-09T11:45:09.760363
TXN_000007944,ACC_000374,MER_00143,183.89,INR,success,card,2026-07-31T23:30:17.760363
TXN_000007945,ACC_000901,MER_00012,659.01,INR,success,upi,2026-07-07T20:00:37.760363
TXN_000007946,ACC_000556,MER_00135,693.9,INR,success,card,2026-08-14T13:59:31.760363
TXN_000007947,ACC_000401,MER_00066,230.85,INR,success,wallet,2026-07-01T13:52:01.760363
TXN_000007948,ACC_000741,MER_00132,604.07,INR,success,net_banking,2026-06-12T13:20:37.760363
TXN_000007949,ACC_000080,MER_00017,268.13,INR,success,upi,2026-08-19T12:02:08.760363
TXN_000007950,ACC_000414,MER_00126,353.37,INR,success,card,2026-08-10T13:50:28.760363
TXN_000007951,ACC_000635,MER_00160,104.58,INR,success,upi,2026-07-25T07:42:16.760363
TXN_000007952,ACC_000823,MER_00061,799.1,INR,success,wallet,2026-06-25T08:52:53.760363
TXN_000007953,ACC_000835,MER_00162,158.37,INR,success,upi,2026-08-07T12:23:33.760363
TXN_000007954,ACC_000406,MER_00026,1261.77,INR,success,card,2026-07-02T05:27:22.760363
TXN_000007955,ACC_000228,MER_00141,155.58,INR,success,net_banking,2026-08-12T00:25:55.760363
TXN_000007956,ACC_000350,MER_00125,494.73,INR,success,net_banking,2026-06-03T08:45:03.760363
TXN_000007957,ACC_000195,MER_00094,683.5,INR,success,card,2026-08-23T14:11:44.760363
TXN_000007958,ACC_000374,MER_00153,40.56,INR,failed,card,2026-06-08T00:29:31.760363
TXN_000007959,ACC_000303,MER_00199,321.67,INR,success,card,2026-06-20T22:20:40.760363
TXN_000007960,ACC_000329,MER_00051,108.49,INR,success,upi,2026-06-17T14:40:58.760363
TXN_000007961,ACC_000018,MER_00064,61.88,INR,success,card,2026-08-22T14:31:31.760363
TXN_000007962,ACC_000218,MER_00031,73.96,INR,success,net_banking,2026-06-16T08:50:51.760363
TXN_000007963,ACC_000289,MER_00123,89.51,INR,success,upi,2026-06-22T10:08:42.760363
TXN_000007964,ACC_000473,MER_00136,141.42,INR,success,upi,2026-08-17T15:17:21.760363
TXN_000007965,ACC_000342,MER_00103,85.94,INR,success,upi,2026-07-10T23:44:59.760363
TXN_000007966,ACC_000084,MER_00179,130.88,INR,success,net_banking,2026-08-16T00:24:08.760363
TXN_000007967,ACC_000998,MER_00156,437.32,INR,success,net_banking,2026-07-09T07:55:29.760363
TXN_000007968,ACC_000368,MER_00073,275.37,INR,success,net_banking,2026-06-14T21:18:33.760363
TXN_000007969,ACC_000408,MER_00155,310.41,INR,success,card,2026-06-09T21:09:02.760363
TXN_000007970,ACC_000768,MER_00089,102.08,INR,success,net_banking,2026-06-16T08:48:35.760363
TXN_000007971,ACC_000226,MER_00170,22.41,INR,success,wallet,2026-06-20T11:26:43.760363
TXN_000007972,ACC_000584,MER_00143,114.35,INR,success,net_banking,2026-08-16T09:49:58.760363
TXN_000007973,ACC_000560,MER_00026,248.63,INR,success,wallet,2026-06-21T04:02:31.760363
TXN_000007974,ACC_000486,MER_00055,246.79,INR,success,card,2026-07-01T10:22:30.760363
TXN_000007975,ACC_000573,MER_00172,875.8,INR,success,net_banking,2026-08-14T18:57:30.760363
TXN_000007976,ACC_INVALID,MER_00159,935.83,INR,success,wallet,2026-08-20T02:19:06.760363
TXN_000007977,ACC_000607,MER_00192,232.53,INR,success,upi,2026-06-17T08:14:24.760363
TXN_000007978,ACC_000378,MER_00075,396.02,INR,success,upi,2026-06-22T21:36:51.760363
TXN_000007979,ACC_000265,MER_00019,191.82,INR,success,net_banking,2026-06-28T19:30:51.760363
TXN_000007980,ACC_000988,MER_00095,636.61,INR,success,card,2026-08-07T00:10:55.760363
TXN_000007981,ACC_000486,MER_00070,672.27,INR,success,upi,2026-06-30T06:57:27.760363
TXN_000007982,ACC_000226,MER_00074,1372.71,INR,success,net_banking,2026-06-07T14:15:22.760363
TXN_000007983,ACC_000786,MER_00118,300.24,INR,success,net_banking,2026-06-22T08:25:50.760363
TXN_000007984,ACC_000126,MER_00082,314.5,INR,success,wallet,2026-08-18T16:10:52.760363
TXN_000007985,ACC_000542,MER_00135,1213.88,INR,success,net_banking,2026-08-12T00:01:23.760363
TXN_000007986,ACC_000812,MER_00148,316.19,INR,success,upi,2026-06-21T19:24:50.760363
TXN_000007987,ACC_000888,MER_00195,38.12,INR,success,wallet,2026-06-13T08:17:14.760363
TXN_000007988,ACC_000864,MER_00038,152.77,INR,success,card,2026-07-30T00:50:11.760363
TXN_000007989,ACC_000944,MER_00022,210.8,INR,success,card,2026-08-08T11:38:52.760363
TXN_000007990,ACC_000277,MER_00182,101.83,INR,success,card,2026-07-20T16:53:56.760363
TXN_000007991,ACC_000613,MER_00114,182.46,INR,success,upi,2026-08-15T03:27:58.760363
TXN_000007992,ACC_000524,MER_00147,79.52,INR,success,upi,2026-06-12T05:06:20.760363
TXN_000007993,ACC_000455,MER_00070,584.87,INR,success,net_banking,2026-07-22T02:16:29.760363
TXN_000007994,ACC_000318,MER_00028,74.18,INR,success,upi,2026-07-05T19:22:04.760363
TXN_000007995,ACC_000323,MER_00057,81.15,INR,success,upi,2026-06-17T13:55:28.760363
TXN_000007996,ACC_000190,MER_00042,296.41,INR,failed,upi,2026-06-03T04:34:38.760363
TXN_000007997,ACC_000857,MER_00200,423.09,INR,success,card,2026-05-29T10:51:04.760363
TXN_000007998,ACC_000885,MER_00188,269.12,INR,success,upi,2026-08-01T04:45:23.760363
TXN_000007999,ACC_000860,MER_00133,218.47,INR,success,card,2026-06-18T03:15:40.760363
TXN_000008000,ACC_000168,MER_00047,71.45,INR,success,net_banking,2026-07-22T08:13:04.760363
TXN_000008001,ACC_000967,MER_00105,415.23,INR,success,card,2026-08-10T21:35:15.760363
TXN_000008002,ACC_000326,MER_00054,1175.36,INR,success,net_banking,2026-05-29T09:37:16.760363
TXN_000008003,ACC_000916,MER_00178,99.55,INR,success,wallet,2026-07-14T02:04:58.760363
TXN_000008004,ACC_000905,MER_00104,121.42,INR,success,net_banking,2026-06-02T12:36:13.760363
TXN_000008005,ACC_000769,MER_00105,41.84,INR,success,wallet,2026-06-05T10:51:37.760363
TXN_000008006,ACC_000505,MER_00118,248.03,INR,success,net_banking,2026-07-08T18:35:04.760363
TXN_000008007,ACC_000734,MER_00162,567.01,INR,success,upi,2026-06-30T19:32:11.760363
TXN_000008008,ACC_000752,MER_00174,446.1,INR,success,wallet,2026-07-21T22:57:34.760363
TXN_000008009,ACC_000375,MER_00014,1322.29,INR,success,card,2026-08-01T06:46:02.760363
TXN_000008010,ACC_000943,MER_00075,530.2,INR,success,card,2026-08-13T01:18:05.760363
TXN_000008011,ACC_000281,,802.39,INR,pending,card,2026-06-23T22:05:46.760363
TXN_000008012,ACC_000713,MER_00111,1103.67,INR,success,upi,2026-08-20T16:11:14.760363
TXN_000008013,ACC_000847,MER_00125,111.57,INR,success,card,2026-08-07T08:49:54.760363
TXN_000008014,ACC_000269,MER_00139,185.9,INR,success,net_banking,2026-08-01T08:07:58.760363
TXN_000008015,ACC_000254,MER_00061,353.37,INR,success,upi,2026-07-11T22:21:05.760363
TXN_000008016,ACC_000703,MER_00031,246.33,INR,failed,wallet,2026-07-14T00:24:08.760363
TXN_000008017,ACC_000984,MER_00066,230.16,INR,pending,net_banking,2026-06-11T18:08:39.760363
TXN_000008018,ACC_000043,MER_00102,261.67,INR,success,card,2026-06-09T12:42:20.760363
TXN_000008019,ACC_000971,MER_00139,202.61,INR,success,upi,2026-06-26T13:53:52.760363
TXN_000008020,ACC_000749,MER_00186,747.79,INR,success,net_banking,2026-08-20T00:26:25.760363
TXN_000008021,ACC_000370,MER_00198,734.27,INR,success,card,2026-06-18T17:05:23.760363
TXN_000008022,ACC_000684,MER_00126,570.9,INR,failed,wallet,2026-06-27T20:41:11.760363
TXN_000008023,ACC_000892,MER_00081,203.19,INR,success,upi,2026-08-14T10:54:37.760363
TXN_000008024,ACC_000448,MER_00172,516.51,INR,success,wallet,2026-06-25T04:49:01.760363
TXN_000008025,ACC_000241,MER_00082,70.84,INR,failed,wallet,2026-07-09T17:24:46.760363
TXN_000008026,ACC_000657,MER_00077,201.16,INR,success,upi,2026-06-01T21:33:03.760363
TXN_000008027,ACC_000643,MER_00090,171.87,INR,success,net_banking,2026-06-18T11:21:30.760363
TXN_000008028,ACC_000806,MER_00039,558.01,INR,success,card,2026-06-19T19:44:18.760363
TXN_000008029,ACC_000266,MER_00050,307.8,INR,failed,net_banking,2026-07-18T07:56:23.760363
TXN_000008030,ACC_000256,,170.71,INR,success,card,2026-07-19T05:58:53.760363
TXN_000008031,ACC_000985,MER_00015,84.54,INR,success,upi,2026-06-21T11:51:18.760363
TXN_000008032,ACC_000949,MER_00164,59.4,INR,success,net_banking,2026-08-14T20:39:05.760363
TXN_000008033,ACC_000328,MER_00063,1060.45,INR,success,card,2026-06-22T03:40:16.760363
TXN_000008034,ACC_000971,MER_00139,286.27,INR,success,wallet,2026-07-20T17:30:18.760363
TXN_000008035,ACC_000100,MER_00015,483.24,INR,success,card,2026-06-23T10:34:20.760363
TXN_000008036,ACC_000021,MER_00093,702.89,INR,success,upi,2026-07-03T20:15:21.760363
TXN_000008037,ACC_000182,MER_00167,698.66,INR,success,upi,2026-08-04T00:09:33.760363
TXN_000008038,ACC_000805,MER_00037,119.6,INR,success,upi,2026-07-30T18:46:21.760363
TXN_000008039,ACC_000918,MER_00147,194.85,INR,success,upi,2026-07-30T06:46:39.760363
TXN_000008040,ACC_000455,MER_00082,871.08,INR,success,net_banking,2026-06-16T00:21:04.760363
TXN_000008041,ACC_000116,MER_00180,117.76,INR,success,upi,2026-06-09T05:16:46.760363
TXN_000008042,ACC_000050,MER_00129,275.72,INR,success,wallet,2026-07-13T22:33:50.760363
TXN_000008043,ACC_000864,MER_00107,415.61,INR,success,upi,2026-05-29T07:17:32.760363
TXN_000008044,ACC_000299,MER_00124,121.44,INR,success,wallet,2026-07-12T05:42:39.760363
TXN_000008045,ACC_000042,MER_00066,100.23,INR,success,net_banking,2026-07-22T12:58:01.760363
TXN_000008046,ACC_000846,MER_00197,133.69,INR,success,upi,2026-06-05T18:15:40.760363
TXN_000008047,ACC_000855,MER_00128,379.81,INR,success,card,2026-07-31T14:40:39.760363
TXN_000008048,ACC_000040,MER_00058,191.91,INR,success,upi,2026-07-30T22:46:55.760363
TXN_000008049,ACC_000247,MER_00049,678.25,INR,success,upi,2026-08-16T20:34:46.760363
TXN_000008050,ACC_000926,MER_00034,510.5,INR,success,card,2026-06-24T09:34:13.760363
TXN_000008051,ACC_000145,MER_00033,159.76,INR,success,upi,2026-08-10T03:35:54.760363
TXN_000008052,ACC_000143,MER_00125,596.96,INR,success,card,2026-06-14T16:38:30.760363
TXN_000008053,ACC_000144,MER_00028,238.62,INR,success,upi,2026-07-07T05:53:21.760363
TXN_000008054,ACC_000622,MER_00056,371.28,INR,success,card,2026-08-20T15:43:00.760363
TXN_000008055,ACC_000309,MER_00138,246.48,INR,success,upi,2026-08-21T23:07:50.760363
TXN_000008056,ACC_000011,MER_00176,47.9,INR,success,card,2026-08-19T23:40:38.760363
TXN_000008057,ACC_000295,MER_00089,80.77,INR,success,upi,2026-06-04T08:53:12.760363
TXN_000008058,ACC_000111,MER_00078,250.76,INR,success,net_banking,2026-06-17T02:10:20.760363
TXN_000008059,ACC_000841,MER_00041,113.12,INR,success,upi,2026-07-07T11:58:22.760363
TXN_000008060,ACC_000581,MER_00021,250.02,INR,success,upi,2026-07-31T02:53:38.760363
TXN_000008061,ACC_000786,MER_00143,209.02,INR,success,card,2026-06-15T06:05:36.760363
TXN_000008062,ACC_000010,MER_00088,289.03,INR,success,upi,2026-06-14T06:49:18.760363
TXN_000008063,ACC_000530,MER_00169,61.41,INR,success,card,2026-06-30T08:21:27.760363
TXN_000008064,ACC_000352,MER_00051,96.05,INR,success,upi,2026-07-10T22:55:14.760363
TXN_000008065,ACC_000956,MER_00165,364.28,INR,success,upi,2026-05-27T04:25:33.760363
TXN_000008066,ACC_000268,MER_00177,292.29,INR,success,wallet,2026-07-13T07:12:28.760363
TXN_000008067,ACC_000549,MER_00156,26.37,INR,success,net_banking,2026-07-12T20:31:43.760363
TXN_000008068,ACC_000519,MER_00115,542.82,INR,success,upi,2026-07-30T08:04:06.760363
TXN_000008069,ACC_000012,MER_00057,259.65,INR,success,upi,2026-07-30T03:34:40.760363
TXN_000008070,ACC_000362,MER_00101,59.46,INR,success,upi,2026-06-13T08:52:11.760363
TXN_000008071,ACC_000343,MER_00193,608.79,INR,success,upi,2026-06-15T17:16:59.760363
TXN_000008072,ACC_000756,MER_00028,199.85,INR,success,card,2026-07-04T13:54:38.760363
TXN_000008073,ACC_000997,MER_00173,825.26,INR,success,wallet,2026-07-30T09:08:54.760363
TXN_000008074,ACC_000329,MER_00145,216.29,INR,success,wallet,2026-07-12T09:45:27.760363
TXN_000008075,ACC_000070,MER_00195,98.3,INR,success,net_banking,2026-08-24T03:12:52.760363
TXN_000008076,ACC_000382,MER_00129,2021.36,INR,success,wallet,2026-06-08T12:17:18.760363
TXN_000008077,ACC_000785,MER_00140,629.4,INR,success,net_banking,2026-07-07T17:56:27.760363
TXN_000008078,ACC_000852,MER_00179,116.95,INR,success,card,2026-08-04T22:25:20.760363
TXN_000008079,ACC_000561,MER_00017,151.86,INR,success,card,2026-06-15T22:28:09.760363
TXN_000008080,ACC_000399,MER_00150,47.27,INR,success,net_banking,2026-07-24T11:48:07.760363
TXN_000008081,ACC_000158,MER_00156,244.69,INR,success,wallet,2026-08-14T19:33:42.760363
TXN_000008082,ACC_000963,MER_00149,196.86,INR,success,card,2026-05-26T23:15:50.760363
TXN_000008083,ACC_000175,MER_00164,65.05,INR,success,upi,2026-06-16T07:46:46.760363
TXN_000008084,ACC_000128,MER_00007,58.63,INR,success,wallet,2026-08-23T20:19:48.760363
TXN_000008085,ACC_000346,MER_00047,198.93,INR,success,net_banking,2026-07-26T00:33:23.760363
TXN_000008086,ACC_000757,MER_00118,139.86,INR,success,net_banking,2026-05-29T16:25:10.760363
TXN_000008087,ACC_000940,MER_00086,147.77,INR,success,wallet,2026-08-12T20:31:36.760363
TXN_000008088,ACC_000905,MER_00101,982.95,INR,success,net_banking,2026-06-28T18:37:20.760363
TXN_000008089,ACC_000276,MER_00064,196.5,INR,success,wallet,2026-08-12T12:42:20.760363
TXN_000008090,ACC_000852,MER_00059,62.37,INR,success,net_banking,2026-07-12T19:37:45.760363
TXN_000008091,ACC_000597,MER_00173,101.07,INR,success,upi,2026-08-12T19:45:43.760363
TXN_000008092,ACC_000669,MER_00020,691.87,INR,success,net_banking,2026-06-04T08:41:38.760363
TXN_000008093,ACC_000164,MER_00095,651.68,INR,success,net_banking,2026-06-10T19:53:48.760363
TXN_000008094,ACC_000260,MER_00190,513.78,INR,success,upi,2026-06-21T16:04:10.760363
TXN_000008095,ACC_000286,MER_00103,229.15,INR,pending,net_banking,2026-07-24T23:51:35.760363
TXN_000008096,ACC_000298,MER_00030,306.02,INR,success,upi,2026-06-03T17:24:41.760363
TXN_000008097,ACC_000496,MER_00024,209.38,INR,success,net_banking,2026-07-05T09:06:58.760363
TXN_000008098,ACC_000229,MER_00029,342.47,INR,success,upi,2026-06-27T01:12:24.760363
TXN_000008099,ACC_000449,MER_00037,34.7,INR,success,wallet,2026-06-28T11:06:08.760363
TXN_000008100,ACC_000396,MER_00055,261.91,INR,success,wallet,2026-07-15T04:22:22.760363
TXN_000008101,ACC_000518,MER_00025,126.09,INR,success,upi,2026-06-28T12:55:44.760363
TXN_000008102,ACC_000304,MER_00018,223.83,INR,success,upi,2026-08-11T15:42:49.760363
TXN_000008103,ACC_000462,MER_00047,2755.73,INR,success,card,2026-06-14T18:40:41.760363
TXN_000008104,ACC_000081,MER_00018,123.07,INR,success,upi,2026-08-02T02:56:01.760363
TXN_000008105,ACC_000373,MER_00134,74.69,INR,success,card,2026-08-02T07:15:15.760363
TXN_000008106,ACC_000598,MER_00148,56.39,INR,success,wallet,2026-07-13T02:32:17.760363
TXN_000008107,ACC_000677,MER_00076,115.72,INR,success,net_banking,2026-07-18T20:09:15.760363
TXN_000008108,ACC_000186,MER_00088,2690.5,INR,success,card,2026-08-17T01:42:58.760363
TXN_000008109,ACC_000177,MER_00146,790.92,INR,success,card,2026-06-16T08:20:28.760363
TXN_000008110,ACC_000846,MER_00020,280.75,INR,success,upi,2026-07-02T17:41:49.760363
TXN_000008111,ACC_000810,MER_00173,234.02,INR,success,upi,2026-07-13T03:44:48.760363
TXN_000008112,ACC_000527,MER_00186,46.88,INR,failed,wallet,2026-07-22T22:01:39.760363
TXN_000008113,ACC_000798,MER_00071,195.23,INR,success,card,2026-07-11T06:19:34.760363
TXN_000008114,ACC_000348,MER_00134,165.78,INR,success,net_banking,2026-06-17T05:45:31.760363
TXN_000008115,ACC_000422,MER_00162,1124.98,INR,success,wallet,2026-07-15T00:51:48.760363
TXN_000008116,ACC_000653,MER_00089,287.42,INR,success,net_banking,2026-07-26T23:16:35.760363
TXN_000008117,ACC_000780,MER_00198,197.48,INR,success,upi,2026-06-22T11:12:21.760363
TXN_000008118,ACC_000676,MER_00010,1173.42,INR,success,net_banking,2026-08-18T03:07:02.760363
TXN_000008119,ACC_000607,MER_00124,132.24,INR,success,wallet,2026-08-01T13:56:02.760363
TXN_000008120,ACC_000166,MER_00075,247.45,INR,success,wallet,2026-07-20T18:47:29.760363
TXN_000008121,ACC_000139,MER_00064,136.02,INR,success,wallet,2026-05-28T08:57:35.760363
TXN_000008122,ACC_000455,MER_00158,153.42,INR,success,net_banking,2026-08-08T11:01:33.760363
TXN_000008123,ACC_000507,MER_00077,135.59,INR,success,wallet,2026-08-20T16:56:43.760363
TXN_000008124,ACC_000015,MER_00034,65.93,INR,success,wallet,2026-08-13T18:28:49.760363
TXN_000008125,ACC_000056,MER_00114,196.24,INR,success,net_banking,2026-07-05T17:44:41.760363
TXN_000008126,ACC_000467,MER_00020,98.02,INR,success,wallet,2026-07-24T01:17:09.760363
TXN_000008127,ACC_000405,MER_00047,542.03,INR,success,card,2026-05-28T09:55:59.760363
TXN_000008128,ACC_000774,MER_00187,539.94,INR,success,upi,2026-08-22T19:24:33.760363
TXN_000008129,ACC_000887,MER_00168,476.7,INR,success,upi,2026-07-21T07:24:15.760363
TXN_000008130,ACC_000744,MER_00178,125.76,INR,success,net_banking,2026-07-25T16:16:18.760363
TXN_000008131,ACC_000545,MER_00063,512.09,INR,success,upi,2026-05-31T17:31:00.760363
TXN_000008132,ACC_000298,MER_00028,65.59,INR,success,upi,2026-06-04T23:12:16.760363
TXN_000008133,ACC_000495,MER_00084,292.79,INR,success,net_banking,2026-07-24T19:00:32.760363
TXN_000008134,ACC_000803,MER_00090,134.61,INR,failed,net_banking,2026-06-21T16:06:44.760363
TXN_000008135,ACC_000341,MER_00051,101.86,INR,success,card,2026-06-12T02:13:32.760363
TXN_000008136,ACC_000461,MER_00078,410.16,INR,success,net_banking,2026-07-11T19:16:54.760363
TXN_000008137,ACC_000661,MER_00119,207.48,INR,success,wallet,2026-06-14T03:12:49.760363
TXN_000008138,ACC_000670,MER_00045,69.44,INR,success,net_banking,2026-07-12T12:14:03.760363
TXN_000008139,ACC_000385,MER_00021,118.1,INR,success,upi,2026-06-11T20:21:23.760363
TXN_000008140,ACC_000917,MER_00190,458.26,INR,success,upi,2026-06-29T00:28:13.760363
TXN_000008141,ACC_000460,MER_00149,99.03,INR,success,net_banking,2026-05-31T09:13:52.760363
TXN_000008142,ACC_000262,MER_00144,846.4,INR,success,upi,2026-07-19T15:45:36.760363
TXN_000008143,ACC_000957,MER_00054,117.89,INR,success,net_banking,2026-07-23T09:53:38.760363
TXN_000008144,ACC_000358,MER_00039,220.13,INR,success,wallet,2026-08-04T05:07:26.760363
TXN_000008145,ACC_000785,MER_00005,460.84,INR,success,card,2026-07-06T15:26:17.760363
TXN_000008146,ACC_000899,MER_00158,517.5,INR,success,upi,2026-06-10T03:43:00.760363
TXN_000008147,ACC_000992,MER_00178,-500.00,INR,success,wallet,2026-08-08T10:51:35.760363
TXN_000008148,ACC_000447,MER_00049,1128.76,INR,pending,net_banking,2026-05-26T18:38:17.760363
TXN_000008149,ACC_000186,MER_00035,219.01,INR,success,card,2026-06-28T17:29:31.760363
TXN_000008150,ACC_000458,MER_00119,168.02,INR,pending,upi,2026-07-30T01:41:12.760363
TXN_000008151,ACC_000392,MER_00147,92.91,INR,success,wallet,2026-05-28T07:59:18.760363
TXN_000008152,ACC_000644,MER_00148,758.27,INR,success,card,2026-06-01T13:45:29.760363
TXN_000008153,ACC_000351,MER_00064,81.66,INR,success,upi,2026-05-28T02:45:49.760363
TXN_000008154,ACC_000039,MER_00197,25.29,INR,success,upi,2026-07-14T21:10:15.760363
TXN_000008155,ACC_000312,MER_00146,586.9,INR,success,upi,2026-06-16T17:39:26.760363
TXN_000008156,ACC_000764,MER_00185,379.62,INR,success,upi,2026-07-22T18:23:57.760363
TXN_000008157,ACC_000120,MER_00117,1100.72,INR,success,upi,2026-07-30T13:19:49.760363
TXN_000008158,ACC_000497,MER_00160,110.59,INR,success,card,2026-08-06T17:54:17.760363
TXN_000008159,ACC_000142,MER_00094,430.74,INR,success,wallet,2026-07-04T13:48:11.760363
TXN_000008160,ACC_000258,MER_00168,131.84,INR,success,wallet,2026-06-22T17:01:37.760363
TXN_000008161,ACC_000694,MER_00016,249.24,INR,failed,upi,2026-06-25T14:49:17.760363
TXN_000008162,ACC_000247,MER_00090,95.7,INR,success,card,2026-05-29T15:44:11.760363
TXN_000008163,ACC_000633,MER_00023,2424.94,INR,success,upi,2026-06-27T05:30:16.760363
TXN_000008164,ACC_000071,MER_00091,136.65,INR,success,net_banking,2026-07-09T01:50:49.760363
TXN_000008165,ACC_000632,MER_00064,388.69,INR,success,upi,2026-07-12T21:31:04.760363
TXN_000008166,ACC_000246,MER_00181,116.2,INR,success,net_banking,2026-06-08T11:22:06.760363
TXN_000008167,ACC_000817,MER_00022,201.04,INR,success,upi,2026-08-18T09:05:39.760363
TXN_000008168,ACC_000870,MER_00175,44.2,INR,success,net_banking,2026-08-06T13:14:47.760363
TXN_000008169,ACC_000729,MER_00023,70.9,INR,success,net_banking,2026-07-03T14:07:51.760363
TXN_000008170,ACC_000897,MER_00195,456.79,INR,success,wallet,2026-07-16T10:16:09.760363
TXN_000008171,ACC_000081,MER_00147,253.85,INR,success,net_banking,2026-06-24T16:01:47.760363
TXN_000008172,ACC_000001,MER_00020,235.61,INR,success,net_banking,2026-06-20T06:26:06.760363
TXN_000008173,ACC_000549,MER_00168,73.0,INR,success,wallet,2026-07-01T20:12:25.760363
TXN_000008174,ACC_000643,MER_00124,69.41,INR,success,net_banking,2026-06-07T07:24:44.760363
TXN_000008175,ACC_000162,MER_00105,67.31,INR,success,wallet,2026-06-15T21:02:10.760363
TXN_000008176,ACC_000799,MER_00022,272.77,INR,success,card,2026-07-24T06:36:06.760363
TXN_000008177,ACC_000609,MER_00185,1232.85,INR,success,net_banking,2026-07-12T14:49:52.760363
TXN_000008178,ACC_000113,MER_00004,35.58,INR,success,card,2026-07-29T14:16:38.760363
TXN_000008179,ACC_000058,MER_00143,229.83,INR,success,upi,2026-06-26T01:10:27.760363
TXN_000008180,ACC_000721,MER_00098,62.41,INR,success,wallet,2026-08-17T02:06:27.760363
TXN_000008181,ACC_000027,MER_00116,769.01,INR,success,card,2026-07-26T16:58:01.760363
TXN_000008182,ACC_000141,MER_00024,129.02,INR,success,net_banking,2026-06-01T03:52:42.760363
TXN_000008183,ACC_000220,MER_00191,940.35,INR,success,card,2026-07-30T00:33:45.760363
TXN_000008184,ACC_000521,MER_00168,181.04,INR,success,wallet,2026-06-07T06:08:39.760363
TXN_000008185,ACC_000084,MER_00127,889.68,INR,success,card,2026-07-28T19:11:33.760363
TXN_000008186,ACC_000212,MER_00076,172.03,INR,success,card,2026-06-23T08:08:03.760363
TXN_000008187,ACC_000188,MER_00051,316.51,INR,success,card,2026-05-31T20:02:39.760363
TXN_000008188,ACC_000573,MER_00012,233.56,INR,success,upi,2026-07-23T05:25:30.760363
TXN_000008189,ACC_000449,MER_00043,367.93,INR,success,upi,2026-07-05T04:13:16.760363
TXN_000008190,ACC_000693,MER_00055,248.92,INR,success,upi,2026-07-11T11:42:29.760363
TXN_000008191,ACC_001000,MER_00078,1374.42,INR,success,card,2026-06-20T03:50:09.760363
TXN_000008192,ACC_000679,MER_00060,85.6,INR,success,card,2026-08-07T15:23:08.760363
TXN_000008193,ACC_000008,MER_00005,117.74,INR,success,wallet,2026-08-03T16:00:14.760363
TXN_000008194,ACC_000809,MER_00120,189.47,INR,success,wallet,2026-07-02T14:03:05.760363
TXN_000008195,ACC_000632,MER_00181,318.33,INR,success,upi,2026-07-19T15:33:46.760363
TXN_000008196,ACC_000109,MER_00125,597.33,INR,success,net_banking,2026-06-12T13:57:28.760363
TXN_000008197,ACC_000390,MER_00153,710.49,INR,success,upi,2026-07-19T23:26:22.760363
TXN_000008198,ACC_000558,MER_00143,937.96,INR,success,wallet,2026-05-31T03:22:46.760363
TXN_000008199,ACC_000767,MER_00128,215.54,INR,success,wallet,2026-06-15T15:01:08.760363
TXN_000008200,ACC_000986,MER_00050,170.49,INR,success,net_banking,2026-07-03T01:47:42.760363
TXN_000008201,ACC_000946,MER_00045,987.88,INR,success,upi,2026-08-10T05:49:26.760363
TXN_000008202,ACC_000384,MER_00082,975.41,INR,success,card,2026-06-09T16:54:50.760363
TXN_000008203,ACC_000339,MER_00139,2828.06,INR,success,upi,2026-05-28T16:30:58.760363
TXN_000008204,ACC_000033,MER_00169,300.29,INR,failed,upi,2026-07-23T15:46:05.760363
TXN_000008205,ACC_000640,MER_00090,83.99,INR,success,wallet,2026-07-16T20:59:12.760363
TXN_000008206,ACC_000359,MER_00096,180.21,INR,success,net_banking,2026-07-17T12:29:55.760363
TXN_000008207,ACC_000225,MER_00063,120.46,INR,success,card,2026-06-03T01:32:04.760363
TXN_000008208,ACC_000006,MER_00162,216.9,INR,success,wallet,2026-06-24T05:22:41.760363
TXN_000008209,ACC_000996,MER_00141,276.04,INR,success,net_banking,2026-07-17T13:04:34.760363
TXN_000008210,ACC_000143,MER_00174,510.74,INR,success,wallet,2026-07-08T11:57:14.760363
TXN_000008211,ACC_000376,MER_00098,180.39,INR,success,upi,2026-06-07T08:57:53.760363
TXN_000008212,ACC_000769,MER_00182,98.91,INR,success,card,2026-06-16T06:20:31.760363
TXN_000008213,ACC_000277,MER_00167,562.57,INR,success,card,2026-08-08T02:40:38.760363
TXN_000008214,ACC_000187,MER_00017,2225.24,INR,success,upi,2026-06-19T09:26:11.760363
TXN_000008215,ACC_000558,MER_00039,2112.73,INR,success,net_banking,2026-07-08T23:59:21.760363
TXN_000008216,ACC_000326,MER_00089,77.71,INR,success,upi,2026-06-23T18:06:05.760363
TXN_000008217,ACC_000407,MER_00192,395.43,INR,success,upi,2026-06-12T02:48:01.760363
TXN_000008218,ACC_000158,MER_00067,691.53,INR,success,wallet,2026-08-05T18:06:08.760363
TXN_000008219,ACC_000245,MER_00195,199.08,INR,success,card,2026-06-04T20:28:29.760363
TXN_000008220,ACC_000788,MER_00170,154.19,INR,success,net_banking,2026-07-14T08:52:36.760363
TXN_000008221,ACC_000346,MER_00125,235.9,INR,success,net_banking,2026-07-15T15:12:01.760363
TXN_000008222,ACC_000812,MER_00147,266.9,INR,success,upi,2026-07-04T12:56:31.760363
TXN_000008223,ACC_000632,MER_00051,146.39,INR,success,upi,2026-05-30T14:58:13.760363
TXN_000008224,ACC_000501,MER_00002,344.6,INR,success,wallet,2026-06-27T17:49:48.760363
TXN_000008225,ACC_000829,MER_00066,178.16,INR,failed,upi,2026-05-26T20:32:14.760363
TXN_000008226,ACC_000874,MER_00021,437.7,INR,success,net_banking,2026-07-17T08:19:45.760363
TXN_000008227,ACC_000955,MER_00181,46.43,INR,success,wallet,2026-06-07T20:02:41.760363
TXN_000008228,ACC_000955,MER_00057,1418.14,INR,success,card,2026-08-23T06:37:44.760363
TXN_000008229,ACC_000021,MER_00117,167.34,INR,success,wallet,2026-06-09T03:43:09.760363
TXN_000008230,ACC_000841,MER_00165,1343.72,INR,success,upi,2026-07-11T23:07:24.760363
TXN_000008231,ACC_000396,MER_00040,1571.65,INR,success,net_banking,2026-07-13T08:54:43.760363
TXN_000008232,ACC_000310,MER_00146,218.6,INR,success,wallet,2026-07-25T22:36:46.760363
TXN_000008233,ACC_000921,MER_00048,39.22,INR,success,wallet,2026-06-12T02:19:38.760363
TXN_000008234,ACC_000032,MER_00045,142.02,INR,success,wallet,2026-07-26T08:13:41.760363
TXN_000008235,ACC_000843,MER_00117,335.63,INR,success,wallet,2026-05-30T10:08:38.760363
TXN_000008236,ACC_000680,MER_00190,529.7,INR,success,wallet,2026-05-31T06:49:15.760363
TXN_000008237,ACC_000805,MER_00200,351.22,INR,success,wallet,2026-08-20T05:26:49.760363
TXN_000008238,ACC_000818,MER_00068,642.74,INR,success,card,2026-07-30T11:07:10.760363
TXN_000008239,ACC_000349,MER_00081,50.1,INR,success,net_banking,2026-05-27T05:58:58.760363
TXN_000008240,ACC_000624,MER_00078,88.43,INR,success,upi,2026-07-21T05:21:51.760363
TXN_000008241,ACC_000792,MER_00007,826.01,INR,success,card,2026-05-30T02:58:10.760363
TXN_000008242,ACC_000817,MER_00163,316.06,INR,success,upi,2026-07-11T10:45:12.760363
TXN_000008243,ACC_000191,MER_00017,185.28,INR,success,wallet,2026-08-17T00:16:36.760363
TXN_000008244,ACC_000783,MER_00123,79.95,INR,success,card,2026-08-11T13:31:42.760363
TXN_000008245,ACC_000458,MER_00031,655.15,INR,success,upi,2026-06-23T12:01:54.760363
TXN_000008246,ACC_000351,MER_00127,19.63,INR,success,card,2026-07-13T00:57:48.760363
TXN_000008247,ACC_000334,MER_00177,146.67,INR,success,upi,2026-06-18T15:18:54.760363
TXN_000008248,ACC_000712,MER_00184,152.02,INR,success,wallet,2026-08-08T01:11:13.760363
TXN_000008249,ACC_000879,MER_00189,324.13,INR,success,wallet,2026-07-05T11:22:46.760363
TXN_000008250,ACC_000325,MER_00053,-500.00,INR,success,card,2026-08-05T19:41:05.760363
TXN_000008251,ACC_000140,MER_00191,52.24,INR,pending,net_banking,2026-06-05T20:19:13.760363
TXN_000008252,ACC_000744,MER_00114,539.09,INR,failed,net_banking,2026-05-29T04:45:17.760363
TXN_000008253,ACC_000396,MER_00035,139.92,INR,success,card,2026-08-21T10:41:05.760363
TXN_000008254,ACC_000663,MER_00185,799.55,INR,success,wallet,2026-06-08T01:21:52.760363
TXN_000008255,ACC_000531,MER_00115,295.9,INR,success,card,2026-08-16T02:11:26.760363
TXN_000008256,ACC_000566,MER_00132,90.48,INR,success,wallet,2026-07-14T12:35:04.760363
TXN_000008257,ACC_000068,MER_00125,654.99,INR,success,card,2026-06-13T20:28:44.760363
TXN_000008258,ACC_000480,MER_00114,445.81,INR,success,wallet,2026-06-30T23:52:56.760363
TXN_000008259,ACC_000402,MER_00069,108.85,INR,success,net_banking,2026-07-19T15:50:48.760363
TXN_000008260,ACC_000924,MER_00053,581.77,INR,success,wallet,2026-07-16T14:13:16.760363
TXN_000008261,ACC_000154,MER_00096,324.45,INR,success,upi,2026-08-17T15:06:15.760363
TXN_000008262,ACC_000346,MER_00018,300.87,INR,success,upi,2026-07-11T00:56:32.760363
TXN_000008263,ACC_000817,MER_00149,208.44,INR,success,net_banking,2026-06-01T15:51:28.760363
TXN_000008264,ACC_000775,MER_00199,93.54,INR,success,net_banking,2026-07-05T00:49:21.760363
TXN_000008265,ACC_000835,MER_00151,77.62,INR,success,upi,2026-06-28T12:43:06.760363
TXN_000008266,ACC_000720,MER_00094,401.24,INR,pending,wallet,2026-07-05T07:46:04.760363
TXN_000008267,ACC_000540,MER_00119,405.23,INR,success,card,2026-06-24T06:15:28.760363
TXN_000008268,ACC_000474,MER_00114,485.35,INR,success,wallet,2026-07-06T09:59:42.760363
TXN_000008269,ACC_000521,MER_00200,114.2,INR,success,wallet,2026-08-20T17:43:15.760363
TXN_000008270,ACC_000621,MER_00029,511.89,INR,success,card,2026-08-07T08:45:25.760363
TXN_000008271,ACC_000999,MER_00113,-500.00,INR,success,card,2026-06-20T10:32:33.760363
TXN_000008272,ACC_000451,MER_00059,32.89,INR,success,wallet,2026-08-23T05:00:56.760363
TXN_000008273,ACC_000132,MER_00101,299.98,INR,success,net_banking,2026-08-11T11:45:06.760363
TXN_000008274,ACC_000634,MER_00119,111.25,INR,success,upi,2026-07-17T16:47:39.760363
TXN_000008275,ACC_000895,MER_00151,29.14,INR,success,net_banking,2026-06-08T06:48:08.760363
TXN_000008276,ACC_000422,MER_00050,730.15,INR,success,net_banking,2026-08-04T00:46:38.760363
TXN_000008277,ACC_000476,MER_00157,267.93,INR,pending,net_banking,2026-08-22T18:51:09.760363
TXN_000008278,ACC_000044,MER_00096,111.76,INR,success,card,2026-06-09T14:30:28.760363
TXN_000008279,ACC_000003,MER_00120,104.28,INR,success,wallet,2026-06-30T02:23:56.760363
TXN_000008280,ACC_000479,MER_00158,592.19,INR,success,net_banking,2026-08-04T04:36:38.760363
TXN_000008281,ACC_000579,MER_00182,159.54,INR,failed,wallet,2026-05-30T15:08:21.760363
TXN_000008282,ACC_000706,MER_00150,169.48,INR,success,upi,2026-07-01T22:48:12.760363
TXN_000008283,ACC_000592,MER_00168,493.66,INR,success,upi,2026-07-12T23:54:41.760363
TXN_000008284,ACC_000665,MER_00047,43.85,INR,success,card,2026-07-06T09:02:01.760363
TXN_000008285,ACC_000256,MER_00092,193.77,INR,success,wallet,2026-08-17T21:11:20.760363
TXN_000008286,ACC_000916,MER_00146,455.04,INR,success,net_banking,2026-07-15T10:51:05.760363
TXN_000008287,ACC_000515,MER_00129,349.51,INR,success,card,2026-06-25T06:55:46.760363
TXN_000008288,ACC_000657,MER_00009,139.69,INR,success,card,2026-06-25T18:05:49.760363
TXN_000008289,ACC_000683,MER_00054,303.64,INR,success,net_banking,2026-08-19T10:33:38.760363
TXN_000008290,ACC_000068,MER_00027,33.06,INR,success,wallet,2026-07-17T02:14:20.760363
TXN_000008291,ACC_000187,MER_00024,1479.88,INR,success,card,2026-07-13T17:51:50.760363
TXN_000008292,ACC_000649,MER_00087,1049.01,INR,success,upi,2026-06-21T19:11:11.760363
TXN_000008293,ACC_000577,MER_00090,74.87,INR,success,upi,2026-07-30T04:33:35.760363
TXN_000008294,ACC_000100,MER_00127,353.44,INR,success,wallet,2026-08-18T22:22:29.760363
TXN_000008295,ACC_000271,MER_00092,253.96,INR,success,wallet,2026-08-19T00:16:48.760363
TXN_000008296,ACC_INVALID,MER_00133,398.03,INR,success,net_banking,2026-06-12T06:16:45.760363
TXN_000008297,ACC_000068,MER_00119,857.83,INR,success,net_banking,2026-07-24T03:20:45.760363
TXN_000008298,ACC_000443,MER_00193,245.19,INR,success,net_banking,2026-06-30T14:14:24.760363
TXN_000008299,ACC_000697,MER_00191,290.04,INR,success,upi,2026-07-15T08:34:50.760363
TXN_000008300,ACC_000794,MER_00080,334.8,INR,success,net_banking,2026-07-20T01:41:09.760363
TXN_000008301,ACC_000244,MER_00081,433.93,INR,success,upi,2026-06-20T15:31:07.760363
TXN_000008302,ACC_000859,MER_00133,14.89,INR,success,card,2026-08-02T04:45:48.760363
TXN_000008303,ACC_000360,MER_00075,120.79,INR,success,upi,2026-07-25T00:54:56.760363
TXN_000008304,ACC_000869,MER_00055,111.41,INR,success,net_banking,2026-07-12T13:38:37.760363
TXN_000008305,ACC_000468,MER_00071,425.46,INR,success,wallet,2026-07-13T18:14:00.760363
TXN_000008306,ACC_000206,MER_00160,71.76,INR,failed,card,2026-08-14T20:24:11.760363
TXN_000008307,ACC_000825,MER_00108,108.02,INR,success,card,2026-07-20T14:14:31.760363
TXN_000008308,ACC_000190,MER_00094,273.8,INR,success,card,2026-06-11T02:14:07.760363
TXN_000008309,ACC_000798,MER_00088,911.84,INR,success,card,2026-06-05T02:33:31.760363
TXN_000008310,ACC_000758,MER_00072,98.11,INR,success,wallet,2026-07-21T04:13:00.760363
TXN_000008311,ACC_000578,MER_00171,85.19,INR,success,card,2026-05-30T05:30:08.760363
TXN_000008312,ACC_000105,MER_00025,230.9,INR,success,upi,2026-08-21T04:27:27.760363
TXN_000008313,ACC_000355,MER_00076,56.0,INR,success,net_banking,2026-07-15T21:21:57.760363
TXN_000008314,ACC_000137,MER_00001,110.31,INR,success,card,2026-06-30T15:29:03.760363
TXN_000008315,ACC_000691,MER_00146,139.91,INR,success,card,2026-07-09T11:40:52.760363
TXN_000008316,ACC_000947,MER_00050,42.55,INR,success,upi,2026-06-12T04:28:43.760363
TXN_000008317,ACC_000744,MER_00009,393.03,INR,success,net_banking,2026-06-29T21:33:48.760363
TXN_000008318,ACC_000418,MER_00139,65.84,INR,success,wallet,2026-08-18T07:53:22.760363
TXN_000008319,ACC_000125,MER_00196,39.32,INR,success,card,2026-07-15T07:54:02.760363
TXN_000008320,ACC_000332,MER_00080,112.21,INR,success,net_banking,2026-06-13T12:49:14.760363
TXN_000008321,ACC_000813,MER_00058,164.56,INR,success,net_banking,2026-08-20T03:39:42.760363
TXN_000008322,ACC_000321,MER_00063,106.26,INR,success,wallet,2026-06-01T20:02:41.760363
TXN_000008323,ACC_000010,MER_00050,15.3,INR,success,upi,2026-06-15T10:13:34.760363
TXN_000008324,ACC_000084,MER_00084,262.02,INR,success,wallet,2026-06-05T11:30:35.760363
TXN_000008325,ACC_000174,MER_00037,862.36,INR,success,card,2026-08-23T21:22:52.760363
TXN_000008326,ACC_000066,MER_00169,227.79,INR,success,upi,2026-08-19T07:11:53.760363
TXN_000008327,ACC_000211,MER_00053,500.62,INR,success,card,2026-08-08T05:01:46.760363
TXN_000008328,ACC_000354,MER_00002,792.96,INR,success,card,2026-08-04T17:04:57.760363
TXN_000008329,ACC_000262,MER_00131,259.2,INR,success,card,2026-08-09T14:13:37.760363
TXN_000008330,ACC_000156,MER_00014,60.6,INR,success,upi,2026-07-03T11:24:18.760363
TXN_000008331,ACC_000322,MER_00116,298.47,INR,success,upi,2026-05-28T09:34:50.760363
TXN_000008332,ACC_000642,MER_00141,885.33,INR,failed,net_banking,2026-07-11T03:25:22.760363
TXN_000008333,ACC_000966,MER_00154,486.22,INR,success,wallet,2026-07-10T10:08:46.760363
TXN_000008334,ACC_000706,MER_00137,1810.66,INR,success,net_banking,2026-07-24T19:04:06.760363
TXN_000008335,ACC_000825,MER_00182,453.18,INR,success,card,2026-07-25T12:00:07.760363
TXN_000008336,ACC_000484,MER_00155,58.47,INR,success,card,2026-07-08T10:52:16.760363
TXN_000008337,ACC_000506,MER_00027,380.74,INR,success,card,2026-06-25T03:53:30.760363
TXN_000008338,ACC_000127,MER_00094,176.45,INR,success,card,2026-07-21T18:04:00.760363
TXN_000008339,ACC_000834,MER_00014,15.87,INR,success,wallet,2026-05-31T21:12:10.760363
TXN_000008340,ACC_000218,MER_00064,636.19,INR,success,card,2026-06-08T12:19:01.760363
TXN_000008341,ACC_000960,MER_00072,346.88,INR,pending,card,2026-08-23T18:01:15.760363
TXN_000008342,ACC_000718,MER_00093,204.81,INR,success,upi,2026-06-17T11:55:20.760363
TXN_000008343,ACC_000738,MER_00166,66.88,INR,success,wallet,2026-08-17T22:36:09.760363
TXN_000008344,ACC_000784,MER_00039,446.58,INR,success,net_banking,2026-07-19T01:00:35.760363
TXN_000008345,ACC_000067,MER_00134,245.97,INR,success,upi,2026-06-19T21:25:33.760363
TXN_000008346,ACC_000370,MER_00026,133.86,INR,success,upi,2026-08-08T09:22:13.760363
TXN_000008347,ACC_000838,MER_00088,217.84,INR,success,card,2026-08-11T21:03:15.760363
TXN_000008348,ACC_000508,MER_00008,197.2,INR,success,upi,2026-07-16T11:45:26.760363
TXN_000008349,ACC_000550,MER_00138,551.02,INR,success,net_banking,2026-05-31T16:48:06.760363
TXN_000008350,ACC_000840,MER_00118,473.98,INR,success,net_banking,2026-07-17T20:33:36.760363
TXN_000008351,ACC_000384,MER_00043,899.42,INR,success,net_banking,2026-06-27T01:30:58.760363
TXN_000008352,ACC_000633,MER_00151,253.99,INR,success,card,2026-08-20T11:27:36.760363
TXN_000008353,ACC_000257,MER_00190,376.82,INR,success,upi,2026-06-12T08:45:33.760363
TXN_000008354,ACC_000549,MER_00155,829.02,INR,success,wallet,2026-08-10T06:36:22.760363
TXN_000008355,ACC_000804,MER_00081,385.56,INR,success,card,2026-08-22T04:01:12.760363
TXN_000008356,ACC_000098,MER_00030,122.98,INR,success,wallet,2026-07-24T15:03:53.760363
TXN_000008357,ACC_000713,MER_00010,533.46,INR,success,net_banking,2026-06-29T17:04:38.760363
TXN_000008358,ACC_000279,MER_00038,157.98,INR,success,wallet,2026-07-17T01:26:30.760363
TXN_000008359,ACC_000352,MER_00168,86.35,INR,success,wallet,2026-06-26T04:06:51.760363
TXN_000008360,ACC_000791,MER_00113,172.71,INR,success,wallet,2026-05-27T05:41:53.760363
TXN_000008361,ACC_000216,MER_00029,383.94,INR,success,wallet,2026-07-23T11:36:45.760363
TXN_000008362,ACC_000458,MER_00111,349.92,INR,success,card,2026-06-26T16:52:37.760363
TXN_000008363,ACC_000355,MER_00161,331.88,INR,success,upi,2026-08-16T09:53:39.760363
TXN_000008364,ACC_000980,MER_00118,103.35,INR,success,upi,2026-06-01T13:56:08.760363
TXN_000008365,ACC_000849,MER_00101,148.89,INR,success,wallet,2026-07-09T18:42:26.760363
TXN_000008366,ACC_000244,MER_00025,316.04,INR,success,card,2026-07-15T13:09:36.760363
TXN_000008367,ACC_000670,MER_00142,170.48,INR,success,net_banking,2026-06-06T03:20:34.760363
TXN_000008368,ACC_000848,MER_00073,755.76,INR,success,wallet,2026-06-28T13:37:39.760363
TXN_000008369,ACC_000904,MER_00062,929.54,INR,success,upi,2026-07-10T00:13:27.760363
TXN_000008370,ACC_000441,MER_00131,187.51,INR,success,upi,2026-07-30T19:29:41.760363
TXN_000008371,ACC_000394,MER_00115,120.51,INR,success,card,2026-07-15T13:43:46.760363
TXN_000008372,ACC_000599,MER_00113,82.42,INR,success,wallet,2026-07-17T19:30:32.760363
TXN_000008373,ACC_000328,MER_00005,414.49,INR,success,upi,2026-07-25T15:26:20.760363
TXN_000008374,ACC_000276,MER_00033,114.3,INR,success,wallet,2026-05-31T00:25:10.760363
TXN_000008375,ACC_000544,MER_00140,251.9,INR,success,wallet,2026-06-14T16:31:59.760363
TXN_000008376,ACC_000230,MER_00170,188.38,INR,success,upi,2026-08-12T12:32:08.760363
TXN_000008377,ACC_000802,MER_00053,286.36,INR,success,card,2026-07-28T06:50:55.760363
TXN_000008378,ACC_000121,MER_00008,109.44,INR,success,wallet,2026-07-08T01:07:57.760363
TXN_000008379,ACC_000106,MER_00144,907.73,INR,success,wallet,2026-08-09T00:40:04.760363
TXN_000008380,ACC_000538,MER_00043,222.5,INR,success,upi,2026-07-30T03:14:06.760363
TXN_000008381,ACC_000457,MER_00106,1283.33,INR,success,wallet,2026-07-25T03:32:18.760363
TXN_000008382,ACC_000640,MER_00136,508.45,INR,success,upi,2026-07-26T16:27:45.760363
TXN_000008383,ACC_000763,MER_00069,881.77,INR,success,upi,2026-07-30T00:01:02.760363
TXN_000008384,ACC_000345,MER_00045,166.42,INR,success,upi,2026-07-21T04:12:19.760363
TXN_000008385,ACC_000809,MER_00151,505.78,INR,success,wallet,2026-06-07T12:47:21.760363
TXN_000008386,ACC_000616,MER_00049,280.61,INR,success,net_banking,2026-08-10T04:16:40.760363
TXN_000008387,ACC_000717,MER_00141,91.44,INR,success,card,2026-07-17T17:04:23.760363
TXN_000008388,ACC_000966,MER_00016,44.21,INR,success,card,2026-07-24T15:16:20.760363
TXN_000008389,ACC_000847,MER_00191,204.26,INR,success,wallet,2026-08-07T17:42:41.760363
TXN_000008390,ACC_000571,MER_00097,462.97,INR,success,upi,2026-08-16T00:46:04.760363
TXN_000008391,ACC_000017,MER_00199,484.41,INR,failed,wallet,2026-05-28T11:06:19.760363
TXN_000008392,ACC_000009,MER_00190,182.36,INR,success,upi,2026-08-07T16:58:41.760363
TXN_000008393,ACC_000904,MER_00199,114.04,INR,success,card,2026-06-20T22:50:01.760363
TXN_000008394,ACC_000075,MER_00099,209.79,INR,success,card,2026-08-10T15:39:04.760363
TXN_000008395,ACC_000410,MER_00001,475.29,INR,success,card,2026-07-08T20:04:55.760363
TXN_000008396,ACC_000503,MER_00133,580.53,INR,success,wallet,2026-06-19T00:13:35.760363
TXN_000008397,ACC_000369,MER_00133,95.03,INR,failed,wallet,2026-08-02T09:31:10.760363
TXN_000008398,ACC_000947,MER_00036,162.38,INR,success,net_banking,2026-05-30T14:48:02.760363
TXN_000008399,ACC_000023,MER_00137,630.71,INR,success,wallet,2026-05-30T21:49:17.760363
TXN_000008400,ACC_000635,MER_00140,54.79,INR,success,card,2026-08-23T19:45:41.760363
TXN_000008401,ACC_000227,MER_00110,154.07,INR,pending,card,2026-08-09T14:45:21.760363
TXN_000008402,ACC_000767,MER_00012,1652.22,INR,success,card,2026-07-06T22:27:43.760363
TXN_000008403,ACC_000903,MER_00069,194.43,INR,success,card,2026-06-19T11:29:47.760363
TXN_000008404,ACC_000372,MER_00149,312.19,INR,success,card,2026-06-25T01:45:58.760363
TXN_000008405,ACC_000170,MER_00025,299.99,INR,success,net_banking,2026-06-22T19:09:06.760363
TXN_000008406,ACC_000268,MER_00017,53.81,INR,success,upi,2026-06-25T19:12:48.760363
TXN_000008407,ACC_000870,MER_00077,431.63,INR,success,net_banking,2026-08-15T20:29:30.760363
TXN_000008408,ACC_000433,MER_00151,128.01,INR,success,net_banking,2026-05-28T20:25:16.760363
TXN_000008409,ACC_000542,MER_00050,290.36,INR,success,upi,2026-08-20T05:31:43.760363
TXN_000008410,ACC_000747,MER_00037,255.98,INR,success,upi,2026-07-07T13:20:24.760363
TXN_000008411,ACC_000579,MER_00037,202.14,INR,success,card,2026-06-10T12:58:27.760363
TXN_000008412,ACC_000267,MER_00146,151.54,INR,success,card,2026-06-26T11:33:46.760363
TXN_000008413,ACC_000503,MER_00130,286.74,INR,success,wallet,2026-06-06T21:28:35.760363
TXN_000008414,ACC_000211,MER_00052,898.72,INR,success,wallet,2026-06-02T18:58:42.760363
TXN_000008415,ACC_000359,MER_00036,1956.1,INR,success,upi,2026-06-07T01:03:14.760363
TXN_000008416,ACC_000918,MER_00155,244.4,INR,success,card,2026-07-30T19:17:47.760363
TXN_000008417,ACC_000550,MER_00085,40.75,INR,success,wallet,2026-07-29T17:56:38.760363
TXN_000008418,ACC_000269,MER_00134,181.85,INR,success,net_banking,2026-06-23T08:21:24.760363
TXN_000008419,ACC_000379,MER_00154,189.66,INR,success,net_banking,2026-06-23T13:02:09.760363
TXN_000008420,ACC_000022,MER_00098,477.71,INR,success,wallet,2026-07-20T00:32:50.760363
TXN_000008421,ACC_000402,MER_00068,332.79,INR,success,card,2026-07-19T15:04:33.760363
TXN_000008422,ACC_000548,MER_00103,243.47,INR,success,upi,2026-07-17T20:57:17.760363
TXN_000008423,ACC_000284,MER_00158,1075.83,INR,success,wallet,2026-06-11T07:42:27.760363
TXN_000008424,ACC_000662,MER_00009,458.19,INR,success,wallet,2026-06-28T18:11:38.760363
TXN_000008425,ACC_000653,MER_00096,189.36,INR,success,upi,2026-05-29T11:20:55.760363
TXN_000008426,ACC_000726,MER_00035,608.3,INR,success,card,2026-07-17T18:26:03.760363
TXN_000008427,ACC_000215,MER_00116,322.17,INR,success,wallet,2026-07-27T21:05:10.760363
TXN_000008428,ACC_000343,MER_00190,336.23,INR,success,upi,2026-06-25T06:20:27.760363
TXN_000008429,ACC_000163,MER_00177,317.0,INR,success,card,2026-06-10T17:20:49.760363
TXN_000008430,ACC_000108,MER_00087,1518.0,INR,success,card,2026-06-19T07:41:03.760363
TXN_000008431,ACC_000502,MER_00079,68.11,INR,success,net_banking,2026-08-02T11:10:20.760363
TXN_000008432,ACC_000241,MER_00096,598.05,INR,success,wallet,2026-07-08T21:26:04.760363
TXN_000008433,ACC_000496,MER_00084,304.47,INR,success,card,2026-06-28T23:05:25.760363
TXN_000008434,ACC_000614,MER_00117,193.49,INR,success,wallet,2026-06-16T21:02:33.760363
TXN_000008435,ACC_000636,MER_00077,38.36,INR,success,net_banking,2026-06-29T15:20:39.760363
TXN_000008436,ACC_000463,MER_00153,181.94,INR,success,net_banking,2026-06-03T08:22:48.760363
TXN_000008437,ACC_000221,MER_00082,263.95,INR,success,upi,2026-07-02T08:29:03.760363
TXN_000008438,ACC_000199,MER_00183,2035.16,INR,success,card,2026-08-09T22:23:38.760363
TXN_000008439,ACC_000539,MER_00094,189.13,INR,success,net_banking,2026-06-11T06:57:09.760363
TXN_000008440,ACC_000229,MER_00093,820.7,INR,success,upi,2026-08-04T05:12:21.760363
TXN_000008441,ACC_000252,MER_00027,799.22,INR,success,upi,2026-05-30T07:32:53.760363
TXN_000008442,ACC_000776,MER_00015,202.14,INR,success,upi,2026-05-28T05:48:12.760363
TXN_000008443,ACC_000828,MER_00005,107.07,INR,success,wallet,2026-07-06T00:59:07.760363
TXN_000008444,ACC_000160,MER_00058,248.01,INR,success,wallet,2026-08-24T08:52:38.760363
TXN_000008445,ACC_000659,MER_00030,93.28,INR,success,net_banking,2026-08-14T05:34:53.760363
TXN_000008446,ACC_000715,MER_00128,763.66,INR,success,net_banking,2026-06-18T05:41:30.760363
TXN_000008447,ACC_000862,MER_00056,612.56,INR,success,net_banking,2026-06-28T16:43:56.760363
TXN_000008448,ACC_000848,MER_00053,196.73,INR,pending,card,2026-07-02T09:17:42.760363
TXN_000008449,ACC_000423,MER_00156,121.34,INR,success,card,2026-07-13T18:06:19.760363
TXN_000008450,ACC_000272,MER_00040,2229.63,INR,success,upi,2026-06-15T22:36:17.760363
TXN_000008451,ACC_000331,MER_00113,169.09,INR,success,wallet,2026-07-15T11:16:33.760363
TXN_000008452,ACC_000067,MER_00081,75.16,INR,success,wallet,2026-06-15T09:40:12.760363
TXN_000008453,ACC_000303,MER_00188,43.44,INR,success,upi,2026-08-13T10:42:33.760363
TXN_000008454,ACC_000350,MER_00041,932.34,INR,success,upi,2026-08-12T02:51:47.760363
TXN_000008455,ACC_000069,MER_00067,540.97,INR,success,card,2026-08-09T05:25:55.760363
TXN_000008456,ACC_000207,MER_00077,94.94,INR,success,net_banking,2026-06-06T15:17:05.760363
TXN_000008457,ACC_000954,MER_00108,570.72,INR,success,wallet,2026-06-14T06:35:36.760363
TXN_000008458,ACC_000434,MER_00027,86.43,INR,success,wallet,2026-06-08T11:31:30.760363
TXN_000008459,ACC_000258,MER_00100,274.83,INR,success,card,2026-05-28T12:29:13.760363
TXN_000008460,ACC_000944,MER_00183,410.52,INR,success,net_banking,2026-06-17T07:18:10.760363
TXN_000008461,ACC_000732,MER_00058,59.71,INR,success,wallet,2026-06-13T02:30:10.760363
TXN_000008462,ACC_000672,MER_00085,163.72,INR,failed,net_banking,2026-08-09T09:02:07.760363
TXN_000008463,ACC_000471,MER_00075,215.93,INR,success,wallet,2026-07-20T09:31:13.760363
TXN_000008464,ACC_000481,MER_00038,273.07,INR,success,upi,2026-06-07T09:37:58.760363
TXN_000008465,ACC_000535,MER_00181,397.3,INR,success,upi,2026-08-09T20:23:49.760363
TXN_000008466,ACC_000968,MER_00070,290.25,INR,success,card,2026-06-19T07:51:31.760363
TXN_000008467,ACC_000579,MER_00059,1092.42,INR,success,card,2026-07-27T02:38:56.760363
TXN_000008468,ACC_000811,MER_00139,78.51,INR,success,wallet,2026-06-02T03:39:10.760363
TXN_000008469,ACC_000126,MER_00080,347.89,INR,success,net_banking,2026-08-12T18:02:54.760363
TXN_000008470,ACC_000836,MER_00161,278.24,INR,success,upi,2026-06-25T12:22:32.760363
TXN_000008471,ACC_000575,MER_00158,447.27,INR,success,net_banking,2026-07-27T08:17:55.760363
TXN_000008472,ACC_000903,MER_00032,234.44,INR,success,net_banking,2026-06-03T19:09:01.760363
TXN_000008473,ACC_000009,MER_00170,411.83,INR,success,net_banking,2026-07-02T02:36:42.760363
TXN_000008474,ACC_000586,MER_00032,1471.35,INR,success,upi,2026-08-04T21:43:23.760363
TXN_000008475,ACC_000490,MER_00144,783.3,INR,success,net_banking,2026-08-03T18:10:53.760363
TXN_000008476,ACC_000522,MER_00088,513.25,INR,success,card,2026-08-01T11:47:39.760363
TXN_000008477,ACC_000018,MER_00115,52.38,INR,success,net_banking,2026-08-12T09:50:06.760363
TXN_000008478,ACC_000697,MER_00151,841.99,INR,success,upi,2026-07-31T23:47:13.760363
TXN_000008479,ACC_000830,MER_00178,222.39,INR,success,card,2026-08-22T03:00:06.760363
TXN_000008480,ACC_000926,MER_00181,964.72,INR,success,wallet,2026-06-15T20:26:10.760363
TXN_000008481,ACC_000327,MER_00107,60.39,INR,success,upi,2026-07-06T07:36:52.760363
TXN_000008482,ACC_000840,MER_00004,915.82,INR,success,wallet,2026-06-19T05:34:12.760363
TXN_000008483,ACC_000524,MER_00128,72.23,INR,success,wallet,2026-06-09T19:27:39.760363
TXN_000008484,ACC_000914,MER_00131,222.23,INR,success,wallet,2026-06-12T15:15:16.760363
TXN_000008485,ACC_000778,MER_00007,124.97,INR,success,card,2026-06-22T04:12:10.760363
TXN_000008486,ACC_000693,MER_00113,540.37,INR,success,card,2026-07-04T20:49:24.760363
TXN_000008487,ACC_000438,MER_00138,125.14,INR,failed,net_banking,2026-08-12T19:14:29.760363
TXN_000008488,ACC_000198,MER_00091,49.42,INR,success,card,2026-07-15T21:40:48.760363
TXN_000008489,,MER_00056,108.83,INR,success,wallet,2026-07-07T23:39:23.760363
TXN_000008490,ACC_000742,MER_00009,307.31,INR,success,card,2026-06-26T11:16:33.760363
TXN_000008491,ACC_000256,MER_00021,345.98,INR,success,card,2026-08-12T12:03:57.760363
TXN_000008492,ACC_000604,MER_00008,861.25,INR,success,wallet,2026-07-09T14:28:51.760363
TXN_000008493,ACC_000870,MER_00066,575.1,INR,success,net_banking,2026-08-03T14:09:36.760363
TXN_000008494,ACC_000679,MER_00149,148.13,INR,success,upi,2026-06-30T17:13:10.760363
TXN_000008495,ACC_000306,MER_00172,115.39,INR,success,upi,2026-07-18T18:57:58.760363
TXN_000008496,ACC_000677,MER_00160,427.17,INR,success,upi,2026-08-24T08:58:38.760363
TXN_000008497,ACC_000558,MER_00068,276.78,INR,success,net_banking,2026-06-01T20:12:53.760363
TXN_000008498,ACC_000589,MER_00199,1191.86,INR,success,net_banking,2026-07-09T11:35:41.760363
TXN_000008499,ACC_000888,MER_00030,505.79,INR,success,net_banking,2026-06-16T20:21:04.760363
TXN_000008500,ACC_000987,MER_00090,-500.00,INR,success,net_banking,2026-06-16T14:34:06.760363
TXN_000008501,ACC_000739,MER_00106,199.06,INR,success,card,2026-07-10T10:33:09.760363
TXN_000008502,ACC_000569,MER_00140,1430.43,INR,success,wallet,2026-08-04T08:12:56.760363
TXN_000008503,ACC_000627,MER_00084,148.73,INR,success,upi,2026-07-03T04:38:56.760363
TXN_000008504,ACC_000351,MER_00025,111.92,INR,success,upi,2026-06-08T21:00:15.760363
TXN_000008505,ACC_000315,MER_00164,186.91,INR,success,wallet,2026-08-01T05:09:55.760363
TXN_000008506,ACC_000770,MER_00036,225.17,INR,success,card,2026-06-29T13:08:32.760363
TXN_000008507,ACC_000878,MER_00130,45.31,INR,success,net_banking,2026-08-02T03:26:24.760363
TXN_000008508,ACC_000261,MER_00193,63.72,INR,success,wallet,2026-06-30T07:42:14.760363
TXN_000008509,ACC_000031,MER_00003,330.71,INR,success,wallet,2026-07-08T12:01:03.760363
TXN_000008510,ACC_000528,MER_00043,881.6,INR,success,upi,2026-08-07T01:12:21.760363
TXN_000008511,ACC_000130,MER_00097,310.74,INR,success,wallet,2026-07-23T21:53:16.760363
TXN_000008512,ACC_000503,MER_00157,821.03,INR,success,wallet,2026-07-20T07:43:36.760363
TXN_000008513,ACC_000586,MER_00065,207.05,INR,success,card,2026-07-09T17:37:24.760363
TXN_000008514,ACC_000305,MER_00092,250.81,INR,success,net_banking,2026-07-12T08:33:10.760363
TXN_000008515,ACC_000477,MER_00137,824.43,INR,success,wallet,2026-07-17T20:09:55.760363
TXN_000008516,ACC_000392,MER_00075,517.9,INR,success,wallet,2026-06-09T23:22:40.760363
TXN_000008517,ACC_000025,MER_00200,295.78,INR,success,wallet,2026-07-30T01:04:00.760363
TXN_000008518,ACC_000841,MER_00063,313.74,INR,success,wallet,2026-06-18T09:40:22.760363
TXN_000008519,ACC_000782,MER_00127,1128.54,INR,success,upi,2026-06-24T05:52:54.760363
TXN_000008520,ACC_000940,MER_00062,19.21,INR,success,wallet,2026-06-30T10:02:32.760363
TXN_000008521,ACC_000615,MER_00194,613.32,INR,success,card,2026-07-09T03:36:11.760363
TXN_000008522,ACC_000528,MER_00092,211.24,INR,success,wallet,2026-08-02T00:30:11.760363
TXN_000008523,ACC_000687,MER_00011,287.79,INR,success,net_banking,2026-06-11T22:59:34.760363
TXN_000008524,ACC_000971,MER_00192,184.54,INR,success,net_banking,2026-07-02T10:56:16.760363
TXN_000008525,ACC_000571,MER_00072,324.3,INR,success,net_banking,2026-06-18T00:53:41.760363
TXN_000008526,ACC_000477,MER_00106,539.98,INR,success,wallet,2026-06-01T22:36:52.760363
TXN_000008527,ACC_000253,MER_00009,1214.9,INR,success,net_banking,2026-08-14T04:30:25.760363
TXN_000008528,ACC_000839,MER_00103,126.16,INR,success,card,2026-08-12T16:48:48.760363
TXN_000008529,ACC_000969,MER_00145,3.13,INR,success,card,2026-08-21T21:43:54.760363
TXN_000008530,ACC_000117,MER_00026,766.35,INR,success,card,2026-06-21T11:29:10.760363
TXN_000008531,ACC_000702,MER_00032,228.23,INR,failed,net_banking,2026-07-27T07:32:52.760363
TXN_000008532,ACC_000973,MER_00098,332.07,INR,success,net_banking,2026-06-26T16:15:49.760363
TXN_000008533,ACC_000792,MER_00090,387.75,INR,success,upi,2026-08-02T02:47:38.760363
TXN_000008534,ACC_000551,,176.41,INR,success,wallet,2026-08-02T11:23:33.760363
TXN_000008535,ACC_000620,MER_00156,298.64,INR,success,upi,2026-07-14T15:07:48.760363
TXN_000008536,ACC_000273,MER_00033,425.32,INR,success,net_banking,2026-07-19T11:20:50.760363
TXN_000008537,ACC_000561,MER_00062,188.07,INR,success,net_banking,2026-06-24T19:21:56.760363
TXN_000008538,ACC_000511,MER_00028,835.84,INR,success,card,2026-07-20T12:01:46.760363
TXN_000008539,ACC_000228,MER_00134,86.03,INR,success,wallet,2026-08-18T20:49:17.760363
TXN_000008540,ACC_000571,MER_00003,77.45,INR,success,net_banking,2026-07-28T20:00:13.760363
TXN_000008541,ACC_000016,MER_00147,222.69,INR,success,card,2026-08-10T17:38:46.760363
TXN_000008542,ACC_000049,MER_00103,649.43,INR,success,upi,2026-08-14T03:15:25.760363
TXN_000008543,ACC_000599,MER_00131,1310.84,INR,success,upi,2026-08-22T02:54:35.760363
TXN_000008544,ACC_000215,MER_00146,66.73,INR,success,card,2026-07-16T19:23:33.760363
TXN_000008545,ACC_000397,MER_00074,29.18,INR,success,wallet,2026-08-03T06:28:32.760363
TXN_000008546,ACC_000127,MER_00059,370.36,INR,success,card,2026-07-09T13:29:36.760363
TXN_000008547,ACC_000380,MER_00001,163.68,INR,success,card,2026-07-05T10:09:57.760363
TXN_000008548,ACC_000813,MER_00176,461.96,INR,success,wallet,2026-07-18T02:16:08.760363
TXN_000008549,ACC_000651,MER_00035,680.87,INR,success,card,2026-08-15T10:23:27.760363
TXN_000008550,ACC_000204,,304.13,INR,success,net_banking,2026-08-19T10:01:08.760363
TXN_000008551,ACC_000337,MER_00072,73.13,INR,success,card,2026-06-30T09:06:49.760363
TXN_000008552,ACC_000408,MER_00008,310.14,INR,success,net_banking,2026-05-28T17:12:09.760363
TXN_000008553,ACC_000612,MER_00056,146.5,INR,success,card,2026-07-18T00:13:14.760363
TXN_000008554,ACC_000685,MER_00156,135.54,INR,success,wallet,2026-07-16T22:09:54.760363
TXN_000008555,ACC_000634,MER_00017,554.22,INR,failed,net_banking,2026-06-13T04:58:11.760363
TXN_000008556,ACC_000440,MER_00190,123.89,INR,success,upi,2026-08-14T15:31:42.760363
TXN_000008557,ACC_000150,MER_00078,174.05,INR,success,wallet,2026-08-17T07:24:35.760363
TXN_000008558,ACC_000932,MER_00011,112.1,INR,success,card,2026-06-07T23:05:49.760363
TXN_000008559,ACC_000719,MER_00013,1093.01,INR,success,net_banking,2026-08-19T12:59:52.760363
TXN_000008560,ACC_000331,MER_00119,71.12,INR,success,card,2026-07-01T19:10:08.760363
TXN_000008561,ACC_000893,MER_00177,1614.92,INR,success,net_banking,2026-06-04T12:18:36.760363
TXN_000008562,ACC_000676,MER_00035,123.09,INR,success,net_banking,2026-06-09T23:39:07.760363
TXN_000008563,ACC_000195,MER_00171,369.09,INR,success,card,2026-08-15T00:57:56.760363
TXN_000008564,ACC_000371,MER_00060,295.17,INR,success,net_banking,2026-07-25T12:20:17.760363
TXN_000008565,ACC_000822,MER_00040,530.06,INR,success,net_banking,2026-07-11T07:04:03.760363
TXN_000008566,ACC_000931,MER_00146,86.23,INR,success,card,2026-07-10T11:55:41.760363
TXN_000008567,ACC_000358,MER_00166,117.25,INR,success,upi,2026-08-22T16:57:35.760363
TXN_000008568,ACC_000706,MER_00058,286.71,INR,success,net_banking,2026-08-07T06:38:53.760363
TXN_000008569,ACC_000896,MER_00117,152.05,INR,success,wallet,2026-06-22T13:05:22.760363
TXN_000008570,ACC_000891,MER_00068,1562.54,INR,success,card,2026-07-11T21:51:52.760363
TXN_000008571,ACC_000908,MER_00039,338.21,INR,success,card,2026-05-27T12:33:44.760363
TXN_000008572,ACC_000033,MER_00185,184.18,INR,success,wallet,2026-08-16T22:24:37.760363
TXN_000008573,ACC_000146,MER_00065,125.23,INR,success,upi,2026-06-13T20:23:14.760363
TXN_000008574,ACC_000365,MER_00158,413.63,INR,success,net_banking,2026-08-15T23:17:19.760363
TXN_000008575,ACC_000223,MER_00200,1068.05,INR,success,card,2026-08-15T03:18:56.760363
TXN_000008576,ACC_000216,MER_00033,660.23,INR,success,wallet,2026-08-12T13:22:58.760363
TXN_000008577,ACC_000799,MER_00149,441.77,INR,success,wallet,2026-08-15T23:49:23.760363
TXN_000008578,ACC_000035,MER_00035,78.7,INR,success,upi,2026-08-01T05:39:31.760363
TXN_000008579,ACC_000695,MER_00027,199.42,INR,success,card,2026-07-17T17:20:05.760363
TXN_000008580,ACC_000802,MER_00008,101.27,INR,success,net_banking,2026-08-12T22:30:23.760363
TXN_000008581,ACC_000860,MER_00043,312.53,INR,success,net_banking,2026-06-07T05:14:28.760363
TXN_000008582,ACC_000294,MER_00084,628.48,INR,success,wallet,2026-07-27T05:21:59.760363
TXN_000008583,ACC_000281,MER_00180,115.01,INR,success,card,2026-07-26T17:53:21.760363
TXN_000008584,ACC_000500,MER_00008,323.67,INR,success,wallet,2026-08-08T12:08:59.760363
TXN_000008585,ACC_000888,MER_00169,121.01,INR,success,upi,2026-06-13T17:08:11.760363
TXN_000008586,ACC_000541,MER_00024,145.74,INR,success,wallet,2026-06-01T05:57:54.760363
TXN_000008587,ACC_000707,MER_00177,64.67,INR,success,upi,2026-07-29T15:50:29.760363
TXN_000008588,ACC_000582,MER_00170,461.05,INR,success,upi,2026-07-25T15:27:20.760363
TXN_000008589,ACC_000908,MER_00154,557.17,INR,success,net_banking,2026-06-26T23:25:57.760363
TXN_000008590,ACC_000384,MER_00082,512.77,INR,success,net_banking,2026-07-16T23:07:05.760363
TXN_000008591,ACC_000149,MER_00101,292.08,INR,success,net_banking,2026-08-04T16:48:01.760363
TXN_000008592,ACC_000374,MER_00105,86.06,INR,success,net_banking,2026-08-19T09:20:33.760363
TXN_000008593,ACC_000641,MER_00082,191.88,INR,success,wallet,2026-07-12T11:03:30.760363
TXN_000008594,ACC_000280,MER_00178,258.03,INR,success,upi,2026-06-29T21:05:04.760363
TXN_000008595,ACC_000351,MER_00055,198.48,INR,success,card,2026-06-01T19:30:38.760363
TXN_000008596,ACC_000935,MER_00124,131.44,INR,success,upi,2026-08-21T19:25:57.760363
TXN_000008597,ACC_000845,MER_00105,251.57,INR,success,card,2026-07-09T03:13:57.760363
TXN_000008598,ACC_000291,MER_00074,684.18,INR,success,wallet,2026-06-06T02:43:00.760363
TXN_000008599,ACC_000883,MER_00113,90.15,INR,success,upi,2026-07-09T09:52:27.760363
TXN_000008600,ACC_000639,MER_00097,230.43,INR,success,upi,2026-07-13T21:22:54.760363
TXN_000008601,ACC_000036,MER_00043,83.02,INR,success,net_banking,2026-06-12T06:30:59.760363
TXN_000008602,ACC_000211,MER_00049,117.96,INR,success,wallet,2026-07-28T08:02:23.760363
TXN_000008603,ACC_000331,MER_00193,303.37,INR,success,wallet,2026-07-23T08:29:37.760363
TXN_000008604,ACC_000940,MER_00045,87.09,INR,success,card,2026-08-22T04:57:36.760363
TXN_000008605,ACC_001000,MER_00010,147.93,INR,success,net_banking,2026-07-01T23:04:54.760363
TXN_000008606,ACC_000028,MER_00127,447.61,INR,success,card,2026-07-12T03:48:48.760363
TXN_000008607,ACC_000013,MER_00016,762.46,INR,success,upi,2026-08-22T15:58:40.760363
TXN_000008608,ACC_000530,MER_00137,517.02,INR,success,net_banking,2026-07-31T15:05:50.760363
TXN_000008609,ACC_000981,MER_00156,529.4,INR,success,upi,2026-07-03T03:52:13.760363
TXN_000008610,ACC_000138,MER_00093,85.65,INR,success,upi,2026-07-21T10:18:08.760363
TXN_000008611,ACC_000101,MER_00027,260.66,INR,success,upi,2026-06-12T09:19:17.760363
TXN_000008612,ACC_000848,MER_00007,268.36,INR,success,net_banking,2026-07-14T01:41:17.760363
TXN_000008613,ACC_000944,MER_00055,25.86,INR,failed,net_banking,2026-08-17T03:06:24.760363
TXN_000008614,ACC_000230,MER_00173,865.17,INR,success,upi,2026-07-18T01:49:22.760363
TXN_000008615,ACC_000688,MER_00192,620.08,INR,success,wallet,2026-06-22T14:08:45.760363
TXN_000008616,ACC_000971,MER_00009,33.6,INR,success,card,2026-06-10T11:32:54.760363
TXN_000008617,ACC_000439,MER_00065,103.19,INR,success,card,2026-06-27T00:27:58.760363
TXN_000008618,ACC_000296,MER_00034,219.68,INR,success,net_banking,2026-08-07T03:12:29.760363
TXN_000008619,ACC_000698,MER_00055,164.66,INR,success,wallet,2026-07-06T04:13:02.760363
TXN_000008620,ACC_000976,MER_00134,121.01,INR,failed,upi,2026-07-20T01:12:57.760363
TXN_000008621,ACC_000852,MER_00061,294.16,INR,success,upi,2026-07-20T11:54:00.760363
TXN_000008622,ACC_000206,MER_00099,401.31,INR,success,wallet,2026-07-03T12:54:43.760363
TXN_000008623,ACC_000348,MER_00046,750.44,INR,success,card,2026-08-01T20:55:56.760363
TXN_000008624,ACC_000876,MER_00128,139.08,INR,success,upi,2026-07-19T12:58:04.760363
TXN_000008625,ACC_000652,MER_00151,112.94,INR,success,upi,2026-08-09T03:28:47.760363
TXN_000008626,ACC_000703,MER_00012,131.79,INR,success,upi,2026-07-06T23:59:30.760363
TXN_000008627,ACC_000002,MER_00001,58.33,INR,success,card,2026-07-21T14:28:07.760363
TXN_000008628,ACC_000614,MER_00067,317.39,INR,success,net_banking,2026-06-29T07:37:41.760363
TXN_000008629,ACC_000431,MER_00198,224.41,INR,success,card,2026-08-07T17:51:57.760363
TXN_000008630,ACC_000427,MER_00131,210.43,INR,success,upi,2026-08-05T00:03:49.760363
TXN_000008631,ACC_000270,MER_00134,1502.71,INR,success,card,2026-07-26T15:39:17.760363
TXN_000008632,ACC_000513,MER_00042,3035.9,INR,success,net_banking,2026-08-02T04:23:48.760363
TXN_000008633,ACC_000246,MER_00128,155.23,INR,success,net_banking,2026-07-09T05:57:02.760363
TXN_000008634,ACC_000713,MER_00044,264.6,INR,success,net_banking,2026-07-03T03:15:51.760363
TXN_000008635,ACC_000590,MER_00145,399.24,INR,success,card,2026-07-31T15:39:16.760363
TXN_000008636,ACC_000748,MER_00194,192.2,INR,success,card,2026-06-11T22:10:17.760363
TXN_000008637,ACC_000341,MER_00101,25.13,INR,success,upi,2026-07-03T09:22:03.760363
TXN_000008638,ACC_000067,MER_00078,376.97,INR,success,upi,2026-05-27T13:43:07.760363
TXN_000008639,ACC_000915,MER_00079,403.01,INR,success,upi,2026-06-21T00:38:57.760363
TXN_000008640,ACC_000779,MER_00180,257.91,INR,success,wallet,2026-06-20T04:45:16.760363
TXN_000008641,ACC_000057,MER_00092,114.96,INR,success,card,2026-06-18T17:48:32.760363
TXN_000008642,,MER_00110,64.63,INR,pending,net_banking,2026-06-21T01:28:43.760363
TXN_000008643,ACC_000707,MER_00076,137.72,INR,success,net_banking,2026-06-16T11:13:09.760363
TXN_000008644,ACC_000018,MER_00048,956.19,INR,success,card,2026-08-14T08:29:57.760363
TXN_000008645,ACC_000019,MER_00146,150.15,INR,success,net_banking,2026-07-05T20:32:48.760363
TXN_000008646,ACC_000255,MER_00030,302.37,INR,success,wallet,2026-08-08T14:06:27.760363
TXN_000008647,ACC_000564,MER_00007,22.31,INR,success,upi,2026-07-07T22:08:06.760363
TXN_000008648,ACC_000891,MER_00051,327.01,INR,success,wallet,2026-05-27T10:44:38.760363
TXN_000008649,ACC_000983,MER_00095,108.58,INR,success,net_banking,2026-07-02T02:47:44.760363
TXN_000008650,ACC_000630,MER_00197,104.86,INR,success,net_banking,2026-07-06T13:08:44.760363
TXN_000008651,ACC_000313,MER_00158,255.51,INR,success,wallet,2026-07-22T21:09:13.760363
TXN_000008652,ACC_000584,MER_00093,103.42,INR,success,wallet,2026-07-25T23:27:58.760363
TXN_000008653,ACC_000410,MER_00176,245.87,INR,success,net_banking,2026-08-23T15:55:58.760363
TXN_000008654,ACC_000912,MER_00055,255.41,INR,success,card,2026-07-16T10:19:38.760363
TXN_000008655,ACC_000275,MER_00109,200.96,INR,success,upi,2026-06-08T18:07:34.760363
TXN_000008656,ACC_000164,MER_00048,499.32,INR,success,upi,2026-08-21T17:30:35.760363
TXN_000008657,ACC_000399,MER_00153,577.96,INR,success,wallet,2026-08-06T12:19:54.760363
TXN_000008658,ACC_000277,MER_00163,102.31,INR,pending,card,2026-06-25T00:00:31.760363
TXN_000008659,ACC_000877,MER_00024,140.89,INR,success,upi,2026-08-13T22:29:57.760363
TXN_000008660,ACC_000476,MER_00035,151.52,INR,success,upi,2026-06-14T13:57:21.760363
TXN_000008661,ACC_000468,MER_00033,230.67,INR,success,wallet,2026-07-11T01:45:07.760363
TXN_000008662,ACC_000556,MER_00058,182.08,INR,success,wallet,2026-07-01T02:51:00.760363
TXN_000008663,ACC_000813,MER_00174,288.57,INR,success,card,2026-07-27T16:06:38.760363
TXN_000008664,ACC_000263,MER_00189,110.2,INR,success,net_banking,2026-06-16T05:29:30.760363
TXN_000008665,ACC_000140,MER_00177,1349.91,INR,success,upi,2026-08-19T21:08:28.760363
TXN_000008666,ACC_000248,MER_00152,192.64,INR,success,card,2026-07-05T15:17:51.760363
TXN_000008667,ACC_000334,MER_00145,145.22,INR,success,wallet,2026-06-01T10:44:38.760363
TXN_000008668,ACC_000838,MER_00014,1017.64,INR,pending,upi,2026-08-02T05:42:46.760363
TXN_000008669,ACC_000174,MER_00030,301.53,INR,pending,upi,2026-07-26T10:26:44.760363
TXN_000008670,ACC_000633,MER_00074,169.3,INR,success,upi,2026-07-19T17:05:35.760363
TXN_000008671,ACC_000690,MER_00137,223.16,INR,success,net_banking,2026-08-13T19:30:14.760363
TXN_000008672,ACC_000036,MER_00166,32.46,INR,success,card,2026-07-29T04:40:49.760363
TXN_000008673,ACC_000757,MER_00102,532.34,INR,pending,wallet,2026-07-31T17:58:24.760363
TXN_000008674,ACC_000740,MER_00064,864.31,INR,success,wallet,2026-07-11T00:48:42.760363
TXN_000008675,ACC_000060,MER_00020,47.08,INR,success,card,2026-08-18T13:13:42.760363
TXN_000008676,ACC_000039,MER_00145,414.27,INR,success,card,2026-06-06T13:45:12.760363
TXN_000008677,ACC_000763,MER_00196,284.12,INR,success,net_banking,2026-08-16T09:06:39.760363
TXN_000008678,ACC_000907,MER_00096,130.9,INR,success,net_banking,2026-07-09T05:09:49.760363
TXN_000008679,ACC_000234,MER_00085,289.12,INR,success,card,2026-07-18T06:56:39.760363
TXN_000008680,ACC_000381,MER_00169,907.85,INR,success,net_banking,2026-07-20T00:32:43.760363
TXN_000008681,ACC_000212,MER_00121,140.19,INR,success,card,2026-07-27T07:02:55.760363
TXN_000008682,ACC_000012,MER_00012,1884.78,INR,success,upi,2026-06-17T18:13:10.760363
TXN_000008683,ACC_000108,MER_00006,588.45,INR,success,upi,2026-08-12T03:13:31.760363
TXN_000008684,ACC_000093,MER_00165,2860.7,INR,success,wallet,2026-06-09T07:48:35.760363
TXN_000008685,ACC_000479,MER_00049,861.67,INR,success,upi,2026-07-02T08:36:49.760363
TXN_000008686,ACC_000463,MER_00159,164.94,INR,success,net_banking,2026-07-05T11:19:14.760363
TXN_000008687,ACC_000800,MER_00031,53.51,INR,success,card,2026-06-19T15:23:07.760363
TXN_000008688,ACC_000269,MER_00151,3026.73,INR,success,upi,2026-06-13T10:09:19.760363
TXN_000008689,ACC_000250,MER_00048,126.35,INR,success,net_banking,2026-08-14T15:06:22.760363
TXN_000008690,ACC_000055,MER_00059,292.86,INR,success,upi,2026-06-05T05:29:27.760363
TXN_000008691,ACC_000265,MER_00011,414.41,INR,success,card,2026-07-26T09:31:27.760363
TXN_000008692,ACC_000534,MER_00100,380.2,INR,success,upi,2026-07-04T10:54:51.760363
TXN_000008693,ACC_000748,MER_00137,109.71,INR,success,net_banking,2026-07-12T21:15:33.760363
TXN_000008694,ACC_000261,MER_00195,66.94,INR,success,net_banking,2026-06-22T08:56:42.760363
TXN_000008695,ACC_000139,MER_00051,197.66,INR,success,upi,2026-08-18T00:11:01.760363
TXN_000008696,ACC_000233,MER_00101,19.39,INR,success,net_banking,2026-06-16T23:00:54.760363
TXN_000008697,ACC_000336,MER_00092,491.09,INR,success,card,2026-07-09T19:15:49.760363
TXN_000008698,ACC_000120,MER_00100,364.31,INR,success,wallet,2026-07-31T11:00:16.760363
TXN_000008699,ACC_000457,MER_00103,305.96,INR,success,wallet,2026-08-03T17:56:19.760363
TXN_000008700,ACC_000369,MER_00189,134.08,INR,success,upi,2026-07-18T09:21:23.760363
TXN_000008701,ACC_000756,MER_00067,623.78,INR,success,card,2026-08-17T17:49:46.760363
TXN_000008702,ACC_000946,MER_00073,286.68,INR,pending,upi,2026-07-20T15:34:52.760363
TXN_000008703,ACC_000281,MER_00053,354.56,INR,success,wallet,2026-07-27T13:55:28.760363
TXN_000008704,ACC_000014,MER_00173,134.47,INR,success,upi,2026-07-26T01:27:20.760363
TXN_000008705,ACC_000887,MER_00064,390.9,INR,success,net_banking,2026-08-20T18:51:55.760363
TXN_000008706,ACC_000108,MER_00175,448.62,INR,success,wallet,2026-06-14T06:53:19.760363
TXN_000008707,ACC_000514,MER_00152,261.65,INR,success,net_banking,2026-05-28T00:44:07.760363
TXN_000008708,ACC_000050,MER_00060,408.33,INR,success,upi,2026-07-17T17:47:52.760363
TXN_000008709,ACC_000709,MER_00082,894.13,INR,success,card,2026-08-03T12:30:37.760363
TXN_000008710,ACC_000520,MER_00038,60.93,INR,success,wallet,2026-08-08T17:52:45.760363
TXN_000008711,ACC_000777,MER_00124,155.97,INR,success,wallet,2026-06-10T15:56:25.760363
TXN_000008712,ACC_000370,MER_00153,157.24,INR,success,net_banking,2026-07-18T15:25:58.760363
TXN_000008713,ACC_000149,MER_00194,529.54,INR,success,net_banking,2026-08-13T10:42:47.760363
TXN_000008714,ACC_000729,MER_00125,640.31,INR,success,card,2026-08-16T05:20:02.760363
TXN_000008715,ACC_000914,MER_00120,-500.00,INR,success,net_banking,2026-06-05T14:10:45.760363
TXN_000008716,ACC_000545,MER_00137,118.24,INR,success,net_banking,2026-07-04T04:42:55.760363
TXN_000008717,ACC_000297,MER_00099,444.84,INR,success,net_banking,2026-08-23T13:32:41.760363
TXN_000008718,ACC_000458,MER_00045,386.05,INR,success,wallet,2026-08-21T21:08:48.760363
TXN_000008719,ACC_000597,MER_00132,235.27,INR,success,wallet,2026-06-01T04:21:19.760363
TXN_000008720,ACC_000441,MER_00115,124.41,INR,success,wallet,2026-07-18T20:54:36.760363
TXN_000008721,ACC_000355,MER_00028,148.4,INR,failed,wallet,2026-06-04T15:22:23.760363
TXN_000008722,ACC_000399,MER_00167,414.73,INR,failed,net_banking,2026-07-22T01:02:46.760363
TXN_000008723,ACC_000781,MER_00146,263.47,INR,success,wallet,2026-07-23T01:09:57.760363
TXN_000008724,ACC_000099,MER_00127,713.91,INR,success,card,2026-08-14T04:53:38.760363
TXN_000008725,ACC_000616,MER_00151,66.33,INR,success,wallet,2026-06-15T21:51:57.760363
TXN_000008726,ACC_000992,MER_00089,988.82,INR,success,net_banking,2026-08-10T22:23:40.760363
TXN_000008727,ACC_000289,MER_00061,653.29,INR,success,net_banking,2026-06-14T15:12:51.760363
TXN_000008728,ACC_000765,MER_00140,3135.75,INR,success,card,2026-08-22T17:06:57.760363
TXN_000008729,ACC_000824,MER_00088,84.19,INR,success,net_banking,2026-07-30T21:20:29.760363
TXN_000008730,ACC_000897,MER_00154,1688.08,INR,success,card,2026-06-25T14:11:48.760363
TXN_000008731,ACC_000337,MER_00097,531.05,INR,success,wallet,2026-08-16T04:02:54.760363
TXN_000008732,ACC_000990,MER_00172,379.06,INR,success,card,2026-07-02T19:12:48.760363
TXN_000008733,ACC_000661,MER_00016,297.39,INR,success,upi,2026-06-06T12:34:09.760363
TXN_000008734,ACC_000732,MER_00032,125.77,INR,success,upi,2026-08-01T08:37:51.760363
TXN_000008735,ACC_000257,MER_00085,410.84,INR,success,wallet,2026-08-13T05:42:54.760363
TXN_000008736,ACC_000592,MER_00032,181.8,INR,success,net_banking,2026-08-01T11:14:51.760363
TXN_000008737,ACC_000119,MER_00153,69.49,INR,success,wallet,2026-08-17T17:47:58.760363
TXN_000008738,ACC_000017,MER_00054,464.99,INR,success,upi,2026-06-05T05:15:01.760363
TXN_000008739,ACC_000133,MER_00151,133.81,INR,success,card,2026-06-19T00:14:16.760363
TXN_000008740,ACC_000956,MER_00053,154.77,INR,success,upi,2026-06-14T15:40:00.760363
TXN_000008741,ACC_000090,MER_00078,1936.87,INR,success,upi,2026-07-28T04:29:18.760363
TXN_000008742,ACC_000695,MER_00184,162.36,INR,success,upi,2026-07-28T08:31:24.760363
TXN_000008743,ACC_000814,MER_00046,366.02,INR,success,wallet,2026-08-10T14:17:45.760363
TXN_000008744,ACC_000934,MER_00160,566.24,INR,success,wallet,2026-06-04T19:34:10.760363
TXN_000008745,ACC_000021,MER_00014,187.41,INR,success,wallet,2026-06-03T12:54:20.760363
TXN_000008746,ACC_000089,MER_00042,887.46,INR,success,card,2026-08-03T13:09:13.760363
TXN_000008747,ACC_000403,MER_00038,2230.38,INR,success,wallet,2026-06-29T16:53:15.760363
TXN_000008748,ACC_000884,MER_00090,145.98,INR,success,upi,2026-06-30T18:07:09.760363
TXN_000008749,ACC_000619,MER_00183,90.69,INR,success,net_banking,2026-07-12T09:07:46.760363
TXN_000008750,ACC_000976,MER_00122,353.7,INR,success,upi,2026-07-30T00:42:33.760363
TXN_000008751,ACC_000094,MER_00071,258.26,INR,success,upi,2026-06-28T21:08:14.760363
TXN_000008752,ACC_000485,MER_00130,1073.56,INR,success,net_banking,2026-08-08T00:50:35.760363
TXN_000008753,ACC_000813,MER_00025,145.46,INR,success,wallet,2026-08-19T03:29:48.760363
TXN_000008754,ACC_000219,MER_00194,138.45,INR,success,net_banking,2026-08-20T21:44:13.760363
TXN_000008755,ACC_000313,MER_00190,268.5,INR,success,net_banking,2026-08-22T20:10:12.760363
TXN_000008756,ACC_000714,MER_00178,60.6,INR,success,net_banking,2026-06-05T06:58:53.760363
TXN_000008757,ACC_000651,MER_00015,140.21,INR,success,net_banking,2026-06-27T13:40:18.760363
TXN_000008758,ACC_000652,MER_00015,474.42,INR,success,wallet,2026-06-01T03:15:43.760363
TXN_000008759,ACC_000491,MER_00129,421.68,INR,success,upi,2026-08-18T11:22:02.760363
TXN_000008760,ACC_000923,MER_00171,87.88,INR,success,upi,2026-08-19T14:42:49.760363
TXN_000008761,ACC_000510,MER_00111,209.02,INR,success,card,2026-08-12T04:29:24.760363
TXN_000008762,ACC_000934,MER_00116,22.78,INR,success,upi,2026-07-10T06:59:04.760363
TXN_000008763,ACC_000556,MER_00021,203.11,INR,success,card,2026-07-21T16:04:49.760363
TXN_000008764,ACC_000101,MER_00075,872.9,INR,success,upi,2026-08-14T05:51:50.760363
TXN_000008765,ACC_000888,MER_00013,394.83,INR,success,wallet,2026-08-01T11:52:38.760363
TXN_000008766,ACC_000573,MER_00164,265.26,INR,success,net_banking,2026-07-19T17:09:54.760363
TXN_000008767,ACC_000255,MER_00007,201.27,INR,success,upi,2026-08-04T12:35:20.760363
TXN_000008768,ACC_000878,MER_00173,3332.38,INR,success,upi,2026-08-09T21:05:26.760363
TXN_000008769,ACC_000567,MER_00186,265.2,INR,success,wallet,2026-07-15T12:23:33.760363
TXN_000008770,ACC_000229,MER_00050,351.1,INR,success,net_banking,2026-06-28T08:31:03.760363
TXN_000008771,ACC_000672,MER_00178,312.15,INR,success,wallet,2026-07-18T14:08:48.760363
TXN_000008772,ACC_000881,MER_00053,161.91,INR,success,upi,2026-06-21T06:45:53.760363
TXN_000008773,ACC_000862,MER_00026,1465.15,INR,success,wallet,2026-07-13T06:55:46.760363
TXN_000008774,ACC_000967,MER_00048,86.3,INR,failed,wallet,2026-07-23T18:57:40.760363
TXN_000008775,ACC_000821,MER_00109,628.72,INR,success,upi,2026-08-06T03:01:31.760363
TXN_000008776,ACC_000388,MER_00031,254.56,INR,success,net_banking,2026-07-23T19:24:49.760363
TXN_000008777,ACC_000578,MER_00067,301.12,INR,failed,wallet,2026-05-26T23:49:45.760363
TXN_000008778,ACC_000284,MER_00176,524.12,INR,success,net_banking,2026-08-18T00:24:05.760363
TXN_000008779,ACC_000063,MER_00062,159.57,INR,success,net_banking,2026-05-30T19:52:53.760363
TXN_000008780,ACC_000453,MER_00045,38.14,INR,success,net_banking,2026-07-12T14:57:32.760363
TXN_000008781,ACC_000237,MER_00069,1397.99,INR,success,wallet,2026-08-11T14:55:45.760363
TXN_000008782,ACC_000700,MER_00191,479.36,INR,success,card,2026-05-31T01:44:43.760363
TXN_000008783,ACC_000463,MER_00104,1006.99,INR,success,wallet,2026-08-13T07:10:43.760363
TXN_000008784,ACC_000367,MER_00192,150.81,INR,success,wallet,2026-08-14T01:36:57.760363
TXN_000008785,ACC_000181,MER_00200,69.6,INR,success,wallet,2026-06-12T05:35:20.760363
TXN_000008786,ACC_000524,MER_00181,301.25,INR,success,wallet,2026-06-01T12:05:43.760363
TXN_000008787,ACC_000535,MER_00070,279.65,INR,success,net_banking,2026-07-06T16:28:49.760363
TXN_000008788,ACC_000240,MER_00049,229.59,INR,success,wallet,2026-07-28T03:57:00.760363
TXN_000008789,ACC_000727,MER_00092,201.19,INR,success,upi,2026-06-15T02:56:58.760363
TXN_000008790,ACC_000634,MER_00197,275.38,INR,success,upi,2026-06-16T19:41:41.760363
TXN_000008791,ACC_000992,MER_00005,39.91,INR,success,card,2026-06-18T10:35:46.760363
TXN_000008792,ACC_000960,MER_00200,556.89,INR,success,card,2026-07-03T05:35:26.760363
TXN_000008793,ACC_000161,MER_00142,260.14,INR,success,net_banking,2026-07-13T23:30:23.760363
TXN_000008794,ACC_000839,MER_00182,193.53,INR,pending,net_banking,2026-07-30T01:31:40.760363
TXN_000008795,ACC_000121,MER_00027,1156.25,INR,success,upi,2026-05-26T18:44:54.760363
TXN_000008796,ACC_000791,MER_00136,88.21,INR,success,wallet,2026-07-19T15:08:22.760363
TXN_000008797,ACC_000032,MER_00191,427.23,INR,success,upi,2026-07-10T12:43:46.760363
TXN_000008798,ACC_000496,MER_00082,78.48,INR,success,net_banking,2026-06-05T08:44:38.760363
TXN_000008799,ACC_000849,MER_00158,405.19,INR,success,card,2026-07-15T09:23:50.760363
TXN_000008800,ACC_000923,MER_00036,465.2,INR,success,wallet,2026-07-22T15:50:41.760363
TXN_000008801,ACC_000015,MER_00072,90.69,INR,pending,wallet,2026-06-07T11:58:25.760363
TXN_000008802,ACC_000815,MER_00120,153.47,INR,success,card,2026-07-10T15:26:46.760363
TXN_000008803,ACC_000888,MER_00196,359.06,INR,success,card,2026-07-18T07:49:28.760363
TXN_000008804,ACC_000954,MER_00160,268.41,INR,success,wallet,2026-08-19T14:02:05.760363
TXN_000008805,ACC_000886,MER_00154,80.13,INR,success,upi,2026-08-02T22:00:01.760363
TXN_000008806,ACC_000080,MER_00008,519.2,INR,success,upi,2026-06-03T22:13:19.760363
TXN_000008807,ACC_000558,MER_00062,51.08,INR,success,wallet,2026-06-11T12:36:26.760363
TXN_000008808,ACC_000697,MER_00142,611.74,INR,success,net_banking,2026-06-28T11:20:42.760363
TXN_000008809,ACC_000860,MER_00154,521.51,INR,success,card,2026-06-10T02:15:37.760363
TXN_000008810,ACC_000784,MER_00013,250.8,INR,success,upi,2026-08-20T14:29:16.760363
TXN_000008811,ACC_000925,MER_00022,283.98,INR,success,card,2026-06-25T06:01:09.760363
TXN_000008812,ACC_000608,MER_00139,347.46,INR,success,upi,2026-06-06T18:42:39.760363
TXN_000008813,ACC_000585,MER_00041,180.77,INR,success,net_banking,2026-06-27T18:15:22.760363
TXN_000008814,ACC_000068,MER_00115,228.83,INR,success,card,2026-07-31T20:34:29.760363
TXN_000008815,ACC_000767,MER_00184,1109.11,INR,success,net_banking,2026-08-01T22:40:39.760363
TXN_000008816,ACC_000059,MER_00049,604.8,INR,success,card,2026-06-25T07:54:04.760363
TXN_000008817,ACC_000092,MER_00038,3491.37,INR,success,card,2026-07-31T19:57:24.760363
TXN_000008818,ACC_000323,MER_00028,146.98,INR,success,upi,2026-07-25T10:00:16.760363
TXN_000008819,ACC_000231,MER_00067,128.08,INR,success,upi,2026-08-05T18:57:04.760363
TXN_000008820,ACC_000152,MER_00129,355.49,INR,success,upi,2026-06-04T08:40:12.760363
TXN_000008821,ACC_000867,MER_00069,764.38,INR,success,wallet,2026-08-18T01:03:20.760363
TXN_000008822,ACC_000961,MER_00189,143.99,INR,success,card,2026-07-09T03:04:29.760363
TXN_000008823,ACC_000658,MER_00139,298.45,INR,success,card,2026-06-26T15:13:34.760363
TXN_000008824,ACC_000149,MER_00140,819.56,INR,failed,card,2026-05-28T23:23:21.760363
TXN_000008825,ACC_000362,MER_00188,4744.89,INR,success,net_banking,2026-06-11T08:42:49.760363
TXN_000008826,ACC_000191,MER_00038,202.88,INR,success,card,2026-08-15T00:49:18.760363
TXN_000008827,ACC_000231,MER_00028,1557.06,INR,success,card,2026-08-07T17:38:20.760363
TXN_000008828,ACC_000362,MER_00104,275.75,INR,success,wallet,2026-06-30T00:48:27.760363
TXN_000008829,ACC_000902,MER_00167,70.58,INR,failed,upi,2026-08-03T21:27:34.760363
TXN_000008830,ACC_000160,MER_00006,259.04,INR,success,wallet,2026-08-15T03:30:37.760363
TXN_000008831,ACC_000435,MER_00034,849.87,INR,failed,wallet,2026-07-12T07:42:15.760363
TXN_000008832,ACC_000410,MER_00137,150.25,INR,success,upi,2026-07-22T01:29:02.760363
TXN_000008833,ACC_000181,MER_00054,455.33,INR,success,card,2026-06-09T23:37:30.760363
TXN_000008834,ACC_000647,MER_00051,1106.4,INR,success,net_banking,2026-06-20T00:59:48.760363
TXN_000008835,ACC_000633,MER_00176,180.61,INR,success,upi,2026-07-09T04:15:02.760363
TXN_000008836,ACC_000760,MER_00148,207.65,INR,success,card,2026-06-13T23:17:48.760363
TXN_000008837,ACC_000070,MER_00063,228.1,INR,success,net_banking,2026-08-05T17:16:52.760363
TXN_000008838,ACC_000285,MER_00038,160.01,INR,success,net_banking,2026-05-31T23:18:05.760363
TXN_000008839,ACC_000845,MER_00075,704.29,INR,success,upi,2026-07-23T10:15:43.760363
TXN_000008840,ACC_000997,MER_00155,537.6,INR,success,card,2026-06-27T07:17:16.760363
TXN_000008841,ACC_000038,MER_00177,269.48,INR,success,wallet,2026-07-12T17:05:03.760363
TXN_000008842,ACC_000266,MER_00145,387.09,INR,success,net_banking,2026-05-31T17:38:50.760363
TXN_000008843,ACC_000245,MER_00122,292.87,INR,success,wallet,2026-07-02T00:30:34.760363
TXN_000008844,ACC_000877,MER_00144,228.15,INR,success,net_banking,2026-06-04T14:27:38.760363
TXN_000008845,ACC_000250,MER_00017,258.84,INR,success,wallet,2026-07-27T09:03:04.760363
TXN_000008846,ACC_000189,MER_00067,253.51,INR,success,card,2026-08-01T16:09:06.760363
TXN_000008847,ACC_000762,MER_00130,799.67,INR,success,wallet,2026-07-13T05:40:44.760363
TXN_000008848,ACC_000987,MER_00194,1851.92,INR,success,card,2026-06-24T11:27:24.760363
TXN_000008849,ACC_000869,MER_00126,152.12,INR,success,wallet,2026-08-03T08:00:51.760363
TXN_000008850,ACC_000526,MER_00085,280.04,INR,success,wallet,2026-07-01T08:52:45.760363
TXN_000008851,ACC_000689,MER_00010,364.18,INR,success,wallet,2026-07-16T01:18:12.760363
TXN_000008852,ACC_000292,MER_00190,209.75,INR,success,wallet,2026-08-10T13:47:37.760363
TXN_000008853,ACC_000633,MER_00148,243.65,INR,success,wallet,2026-07-09T07:04:21.760363
TXN_000008854,ACC_000114,MER_00195,157.06,INR,success,wallet,2026-06-09T06:16:12.760363
TXN_000008855,ACC_000500,MER_00197,112.35,INR,success,card,2026-06-04T22:24:46.760363
TXN_000008856,ACC_000232,MER_00011,1478.92,INR,success,upi,2026-07-31T23:49:30.760363
TXN_000008857,ACC_000683,MER_00166,236.52,INR,success,upi,2026-05-27T13:25:58.760363
TXN_000008858,ACC_000557,MER_00082,68.05,INR,success,upi,2026-06-16T16:20:12.760363
TXN_000008859,ACC_000777,MER_00194,173.83,INR,success,card,2026-06-18T12:10:15.760363
TXN_000008860,ACC_000302,MER_00105,186.63,INR,success,card,2026-08-03T04:59:18.760363
TXN_000008861,ACC_000965,MER_00024,224.14,INR,success,net_banking,2026-07-17T13:20:18.760363
TXN_000008862,ACC_000326,MER_00136,687.93,INR,success,upi,2026-06-14T05:56:36.760363
TXN_000008863,ACC_000899,MER_00176,118.85,INR,success,upi,2026-06-25T10:11:28.760363
TXN_000008864,ACC_000712,MER_00146,372.76,INR,success,wallet,2026-07-19T21:39:04.760363
TXN_000008865,ACC_000790,MER_00132,72.65,INR,success,card,2026-08-11T21:04:56.760363
TXN_000008866,ACC_000533,MER_00112,214.6,INR,success,card,2026-06-05T23:18:39.760363
TXN_000008867,ACC_000859,MER_00021,133.31,INR,success,net_banking,2026-08-16T23:41:03.760363
TXN_000008868,ACC_000358,MER_00097,244.36,INR,success,upi,2026-06-30T05:16:47.760363
TXN_000008869,ACC_000638,MER_00052,127.39,INR,success,upi,2026-07-02T22:41:19.760363
TXN_000008870,ACC_INVALID,MER_00194,379.0,INR,success,card,2026-06-21T02:58:39.760363
TXN_000008871,ACC_000915,MER_00181,418.39,INR,success,upi,2026-07-12T04:30:39.760363
TXN_000008872,ACC_000323,MER_00113,242.12,INR,success,upi,2026-07-10T01:31:38.760363
TXN_000008873,ACC_000760,MER_00008,48.91,INR,success,card,2026-08-19T02:20:16.760363
TXN_000008874,ACC_000959,MER_00109,413.49,INR,success,card,2026-05-31T17:14:42.760363
TXN_000008875,ACC_000298,MER_00110,67.26,INR,success,wallet,2026-07-27T20:37:13.760363
TXN_000008876,ACC_000952,MER_00127,134.58,INR,success,net_banking,2026-08-03T23:39:55.760363
TXN_000008877,ACC_000695,MER_00087,90.98,INR,success,upi,2026-07-23T21:31:28.760363
TXN_000008878,ACC_000584,MER_00108,139.28,INR,success,card,2026-08-09T05:44:16.760363
TXN_000008879,ACC_000083,MER_00184,348.45,INR,failed,net_banking,2026-06-11T10:30:32.760363
TXN_000008880,ACC_000873,MER_00071,49.35,INR,success,upi,2026-06-14T01:21:49.760363
TXN_000008881,ACC_000058,MER_00192,396.79,INR,success,card,2026-08-22T02:02:12.760363
TXN_000008882,ACC_000415,MER_00112,95.58,INR,success,card,2026-08-19T05:32:34.760363
TXN_000008883,ACC_000306,MER_00035,197.76,INR,success,wallet,2026-06-23T14:07:00.760363
TXN_000008884,ACC_000163,MER_00120,98.01,INR,success,card,2026-06-08T03:22:59.760363
TXN_000008885,ACC_000731,MER_00199,143.41,INR,success,net_banking,2026-08-16T22:42:01.760363
TXN_000008886,ACC_000330,MER_00024,62.8,INR,success,wallet,2026-05-28T23:31:54.760363
TXN_000008887,ACC_000679,MER_00080,1021.69,INR,failed,upi,2026-06-11T18:15:37.760363
TXN_000008888,ACC_000552,MER_00041,942.72,INR,success,upi,2026-08-19T07:02:14.760363
TXN_000008889,ACC_000886,MER_00140,462.0,INR,success,net_banking,2026-07-01T15:04:53.760363
TXN_000008890,ACC_000852,MER_00079,233.36,INR,success,upi,2026-07-05T19:29:41.760363
TXN_000008891,ACC_000025,MER_00082,137.95,INR,success,wallet,2026-08-23T07:06:06.760363
TXN_000008892,ACC_000997,MER_00150,212.71,INR,success,wallet,2026-06-19T18:20:30.760363
TXN_000008893,ACC_000173,MER_00018,99.24,INR,success,net_banking,2026-06-27T15:47:58.760363
TXN_000008894,ACC_000702,MER_00152,636.95,INR,success,upi,2026-07-28T16:51:51.760363
TXN_000008895,ACC_000632,MER_00101,299.7,INR,success,net_banking,2026-08-13T23:17:32.760363
TXN_000008896,ACC_000898,MER_00115,289.85,INR,success,upi,2026-07-31T22:19:03.760363
TXN_000008897,ACC_000832,MER_00189,30.72,INR,failed,card,2026-08-18T22:42:11.760363
TXN_000008898,ACC_000112,MER_00135,235.16,INR,success,card,2026-08-08T12:55:21.760363
TXN_000008899,ACC_000258,MER_00120,169.86,INR,success,net_banking,2026-08-12T18:44:09.760363
TXN_000008900,ACC_000256,MER_00025,1627.37,INR,success,card,2026-08-19T20:52:19.760363
TXN_000008901,ACC_000410,MER_00047,410.17,INR,success,card,2026-07-27T19:46:10.760363
TXN_000008902,ACC_000190,MER_00159,1365.48,INR,success,card,2026-06-20T19:27:24.760363
TXN_000008903,ACC_000741,MER_00061,471.81,INR,success,upi,2026-07-04T21:50:19.760363
TXN_000008904,ACC_000310,MER_00109,582.72,INR,success,card,2026-07-21T17:53:28.760363
TXN_000008905,ACC_000486,MER_00077,313.29,INR,success,net_banking,2026-07-30T22:23:53.760363
TXN_000008906,ACC_000211,MER_00099,260.34,INR,success,upi,2026-07-01T20:26:59.760363
TXN_000008907,ACC_000981,MER_00047,260.76,INR,pending,net_banking,2026-08-05T02:16:43.760363
TXN_000008908,ACC_000390,MER_00154,75.9,INR,success,upi,2026-06-01T05:03:15.760363
TXN_000008909,ACC_000400,MER_00155,377.83,INR,success,card,2026-08-12T16:17:15.760363
TXN_000008910,ACC_000671,MER_00081,77.16,INR,success,wallet,2026-06-01T19:24:41.760363
TXN_000008911,ACC_000421,MER_00036,260.03,INR,success,net_banking,2026-07-24T13:32:35.760363
TXN_000008912,ACC_000906,MER_00112,624.96,INR,success,wallet,2026-06-15T23:59:17.760363
TXN_000008913,ACC_000016,MER_00011,593.94,INR,success,net_banking,2026-06-18T12:50:34.760363
TXN_000008914,ACC_000431,MER_00122,270.61,INR,success,card,2026-06-27T12:42:49.760363
TXN_000008915,ACC_000867,MER_00116,217.4,INR,success,wallet,2026-06-10T06:09:31.760363
TXN_000008916,ACC_000931,MER_00058,28.56,INR,success,net_banking,2026-06-26T12:11:21.760363
TXN_000008917,ACC_000634,MER_00187,203.11,INR,success,wallet,2026-07-31T09:07:03.760363
TXN_000008918,ACC_000524,MER_00034,194.93,INR,success,card,2026-06-27T17:48:37.760363
TXN_000008919,ACC_000047,MER_00068,101.22,INR,success,upi,2026-07-05T04:00:08.760363
TXN_000008920,ACC_000488,MER_00132,3553.82,INR,success,wallet,2026-07-10T11:15:17.760363
TXN_000008921,ACC_000288,MER_00013,117.77,INR,success,wallet,2026-05-31T11:37:02.760363
TXN_000008922,ACC_000444,MER_00194,150.42,INR,success,card,2026-06-07T23:47:09.760363
TXN_000008923,ACC_000324,MER_00138,622.04,INR,success,upi,2026-08-04T12:55:16.760363
TXN_000008924,ACC_000115,MER_00134,101.41,INR,success,net_banking,2026-07-18T15:32:17.760363
TXN_000008925,ACC_000163,MER_00010,328.89,INR,failed,upi,2026-07-30T04:07:02.760363
TXN_000008926,ACC_000748,MER_00181,211.75,INR,success,upi,2026-07-30T19:26:13.760363
TXN_000008927,ACC_000042,MER_00196,2127.25,INR,success,wallet,2026-06-22T14:52:43.760363
TXN_000008928,ACC_000811,MER_00064,57.85,INR,success,card,2026-08-03T04:36:47.760363
TXN_000008929,ACC_000586,MER_00177,73.98,INR,success,wallet,2026-06-12T02:51:36.760363
TXN_000008930,ACC_000742,MER_00079,711.44,INR,success,net_banking,2026-06-22T14:19:14.760363
TXN_000008931,ACC_000225,MER_00076,2224.51,INR,success,upi,2026-06-21T00:39:44.760363
TXN_000008932,ACC_000025,MER_00077,117.75,INR,success,upi,2026-07-17T14:09:48.760363
TXN_000008933,ACC_000582,MER_00039,223.13,INR,success,wallet,2026-08-18T09:40:01.760363
TXN_000008934,ACC_000039,MER_00125,188.46,INR,success,net_banking,2026-08-08T13:57:08.760363
TXN_000008935,ACC_000524,MER_00189,786.59,INR,success,upi,2026-06-23T04:39:44.760363
TXN_000008936,ACC_000240,MER_00114,373.57,INR,success,card,2026-08-19T18:35:19.760363
TXN_000008937,ACC_000341,MER_00001,369.22,INR,failed,card,2026-06-02T12:06:41.760363
TXN_000008938,ACC_000490,MER_00028,52.7,INR,success,net_banking,2026-08-22T02:39:33.760363
TXN_000008939,ACC_000590,MER_00006,691.17,INR,success,upi,2026-07-12T16:41:13.760363
TXN_000008940,ACC_000079,MER_00040,87.42,INR,success,card,2026-07-23T07:16:30.760363
TXN_000008941,ACC_000293,MER_00130,205.23,INR,success,card,2026-06-23T02:24:17.760363
TXN_000008942,ACC_000091,MER_00121,167.09,INR,success,upi,2026-08-07T19:31:12.760363
TXN_000008943,ACC_000199,MER_00005,1481.88,INR,success,net_banking,2026-06-24T17:48:12.760363
TXN_000008944,ACC_000019,MER_00051,106.89,INR,success,upi,2026-07-10T15:04:47.760363
TXN_000008945,ACC_000510,MER_00154,142.35,INR,success,card,2026-07-04T17:02:04.760363
TXN_000008946,ACC_000096,MER_00072,135.24,INR,success,upi,2026-08-12T13:17:15.760363
TXN_000008947,ACC_000975,MER_00136,103.01,INR,success,card,2026-07-20T05:44:02.760363
TXN_000008948,ACC_000571,MER_00153,211.15,INR,success,card,2026-07-28T09:50:45.760363
TXN_000008949,ACC_000256,MER_00179,281.86,INR,success,net_banking,2026-06-10T04:05:59.760363
TXN_000008950,ACC_000245,MER_00038,593.15,INR,success,net_banking,2026-07-21T15:12:00.760363
TXN_000008951,ACC_000485,MER_00136,305.56,INR,success,card,2026-06-28T21:54:15.760363
TXN_000008952,ACC_000368,MER_00177,233.67,INR,success,wallet,2026-05-31T04:36:28.760363
TXN_000008953,ACC_000907,MER_00186,42.6,INR,success,wallet,2026-06-26T04:02:13.760363
TXN_000008954,ACC_000080,MER_00090,196.93,INR,success,wallet,2026-08-04T10:22:04.760363
TXN_000008955,ACC_000032,MER_00091,260.7,INR,success,upi,2026-08-13T12:28:26.760363
TXN_000008956,ACC_000863,MER_00157,463.23,INR,success,wallet,2026-08-16T18:35:39.760363
TXN_000008957,ACC_000009,MER_00183,1163.01,INR,success,net_banking,2026-07-25T10:05:32.760363
TXN_000008958,ACC_000276,MER_00104,242.59,INR,success,card,2026-07-18T18:33:46.760363
TXN_000008959,ACC_000036,MER_00093,250.25,INR,success,net_banking,2026-08-17T02:03:30.760363
TXN_000008960,ACC_000753,MER_00187,94.45,INR,success,card,2026-05-31T18:26:37.760363
TXN_000008961,ACC_000541,MER_00060,247.25,INR,success,upi,2026-06-24T00:56:50.760363
TXN_000008962,ACC_000328,MER_00186,254.81,INR,success,card,2026-05-30T23:02:21.760363
TXN_000008963,ACC_000913,MER_00187,515.5,INR,success,card,2026-08-04T00:16:11.760363
TXN_000008964,ACC_000824,MER_00108,360.71,INR,failed,upi,2026-06-07T23:48:50.760363
TXN_000008965,ACC_000592,MER_00072,224.08,INR,success,card,2026-06-27T18:59:58.760363
TXN_000008966,ACC_000302,MER_00090,1740.55,INR,success,wallet,2026-06-16T06:49:16.760363
TXN_000008967,ACC_000372,MER_00015,102.43,INR,success,card,2026-07-25T01:43:00.760363
TXN_000008968,ACC_000486,MER_00066,104.01,INR,success,net_banking,2026-08-07T23:25:23.760363
TXN_000008969,ACC_000787,MER_00018,71.14,INR,success,upi,2026-07-14T04:41:54.760363
TXN_000008970,ACC_000202,MER_00068,200.68,INR,pending,wallet,2026-06-02T21:27:08.760363
TXN_000008971,ACC_000468,MER_00072,126.19,INR,success,upi,2026-07-10T20:57:42.760363
TXN_000008972,ACC_000475,MER_00050,274.19,INR,success,net_banking,2026-07-12T10:15:28.760363
TXN_000008973,ACC_000066,MER_00155,185.64,INR,failed,card,2026-08-03T08:26:43.760363
TXN_000008974,,MER_00066,173.29,INR,success,net_banking,2026-07-07T08:08:27.760363
TXN_000008975,ACC_000162,MER_00147,270.93,INR,success,wallet,2026-05-27T16:48:32.760363
TXN_000008976,ACC_000156,MER_00029,218.97,INR,success,upi,2026-06-23T10:22:12.760363
TXN_000008977,ACC_000421,MER_00111,202.7,INR,success,card,2026-06-28T22:29:41.760363
TXN_000008978,ACC_000558,MER_00155,318.06,INR,success,upi,2026-07-17T06:55:07.760363
TXN_000008979,ACC_000509,MER_00008,184.63,INR,success,card,2026-07-08T23:36:27.760363
TXN_000008980,ACC_000636,MER_00029,192.09,INR,success,upi,2026-07-14T06:34:12.760363
TXN_000008981,ACC_000165,MER_00147,263.65,INR,success,net_banking,2026-08-04T17:52:33.760363
TXN_000008982,ACC_000822,MER_00067,385.49,INR,success,wallet,2026-08-01T01:47:21.760363
TXN_000008983,ACC_000584,MER_00092,153.23,INR,success,wallet,2026-06-25T00:21:23.760363
TXN_000008984,ACC_000056,MER_00018,31.21,INR,success,wallet,2026-06-26T19:40:51.760363
TXN_000008985,ACC_000300,MER_00175,106.66,INR,success,upi,2026-06-29T23:05:24.760363
TXN_000008986,ACC_000063,MER_00034,32.77,INR,success,wallet,2026-07-11T02:50:42.760363
TXN_000008987,ACC_000156,MER_00004,22.74,INR,success,wallet,2026-07-18T22:14:28.760363
TXN_000008988,ACC_000765,MER_00158,389.21,INR,success,wallet,2026-08-07T03:42:12.760363
TXN_000008989,ACC_000166,MER_00026,152.71,INR,success,upi,2026-06-23T17:22:20.760363
TXN_000008990,ACC_000097,MER_00105,118.61,INR,success,wallet,2026-07-31T07:35:52.760363
TXN_000008991,ACC_000853,MER_00007,142.54,INR,success,wallet,2026-07-13T20:49:50.760363
TXN_000008992,ACC_000103,MER_00197,164.9,INR,success,net_banking,2026-06-09T05:45:52.760363
TXN_000008993,ACC_000985,MER_00006,263.55,INR,success,wallet,2026-06-03T04:55:13.760363
TXN_000008994,ACC_000407,MER_00032,333.44,INR,success,upi,2026-08-23T02:36:19.760363
TXN_000008995,ACC_000026,MER_00040,100.73,INR,success,wallet,2026-08-01T01:59:53.760363
TXN_000008996,ACC_000755,MER_00060,172.08,INR,success,net_banking,2026-06-18T11:12:58.760363
TXN_000008997,ACC_000018,MER_00005,96.93,INR,success,card,2026-08-24T08:23:35.760363
TXN_000008998,ACC_000207,MER_00113,1650.2,INR,success,card,2026-08-05T20:53:17.760363
TXN_000008999,ACC_000001,MER_00199,639.76,INR,failed,card,2026-06-13T18:18:14.760363
TXN_000009000,ACC_000378,MER_00004,251.41,INR,success,card,2026-05-29T22:44:39.760363
TXN_000009001,ACC_000412,MER_00158,1520.17,INR,success,net_banking,2026-07-15T09:48:36.760363
TXN_000009002,ACC_000468,MER_00115,273.07,INR,success,net_banking,2026-06-27T02:39:36.760363
TXN_000009003,ACC_000021,MER_00119,63.34,INR,pending,card,2026-08-03T01:40:30.760363
TXN_000009004,ACC_000777,MER_00059,102.09,INR,success,card,2026-07-02T04:15:47.760363
TXN_000009005,ACC_000560,MER_00121,135.62,INR,success,upi,2026-07-03T10:05:31.760363
TXN_000009006,ACC_000858,MER_00040,715.93,INR,success,upi,2026-07-04T14:55:52.760363
TXN_000009007,ACC_000466,MER_00024,501.88,INR,success,card,2026-07-06T16:09:51.760363
TXN_000009008,ACC_000037,MER_00103,701.13,INR,failed,net_banking,2026-08-02T04:57:23.760363
TXN_000009009,ACC_000304,MER_00092,172.54,INR,success,upi,2026-08-23T07:39:08.760363
TXN_000009010,ACC_000085,MER_00137,79.34,INR,success,upi,2026-06-30T18:27:46.760363
TXN_000009011,ACC_000078,MER_00070,122.99,INR,success,net_banking,2026-07-07T15:26:53.760363
TXN_000009012,ACC_000240,MER_00121,396.03,INR,success,card,2026-07-11T10:40:58.760363
TXN_000009013,ACC_000249,MER_00186,242.8,INR,success,card,2026-07-18T10:47:30.760363
TXN_000009014,ACC_000932,MER_00089,142.08,INR,success,card,2026-06-24T11:11:40.760363
TXN_000009015,ACC_000971,MER_00035,134.21,INR,success,net_banking,2026-08-11T10:56:31.760363
TXN_000009016,ACC_000545,MER_00138,254.15,INR,success,net_banking,2026-07-07T09:46:16.760363
TXN_000009017,ACC_000267,MER_00027,36.0,INR,success,wallet,2026-08-24T01:05:12.760363
TXN_000009018,ACC_000892,MER_00057,55.6,INR,success,wallet,2026-07-29T12:48:13.760363
TXN_000009019,ACC_000800,MER_00004,97.51,INR,success,card,2026-06-29T17:47:21.760363
TXN_000009020,ACC_000339,MER_00031,549.69,INR,success,upi,2026-06-08T21:29:17.760363
TXN_000009021,ACC_000824,MER_00039,169.23,INR,success,upi,2026-08-16T16:30:21.760363
TXN_000009022,ACC_000642,MER_00116,193.36,INR,success,card,2026-06-22T04:00:08.760363
TXN_000009023,ACC_000385,MER_00064,78.09,INR,success,upi,2026-07-09T04:42:33.760363
TXN_000009024,ACC_000818,MER_00110,493.35,INR,success,upi,2026-07-10T16:08:07.760363
TXN_000009025,ACC_000124,MER_00142,241.55,INR,success,net_banking,2026-06-25T05:29:08.760363
TXN_000009026,ACC_000083,MER_00047,210.03,INR,success,net_banking,2026-07-25T19:22:10.760363
TXN_000009027,ACC_000226,MER_00056,248.33,INR,success,net_banking,2026-06-14T12:46:47.760363
TXN_000009028,ACC_000440,MER_00017,76.6,INR,success,wallet,2026-07-25T09:22:14.760363
TXN_000009029,ACC_000943,MER_00007,65.28,INR,success,upi,2026-07-16T16:55:46.760363
TXN_000009030,ACC_000458,MER_00073,82.63,INR,success,wallet,2026-08-13T00:02:02.760363
TXN_000009031,ACC_000670,MER_00190,1054.88,INR,success,upi,2026-06-21T16:08:28.760363
TXN_000009032,ACC_000671,MER_00177,327.79,INR,success,card,2026-07-21T10:37:13.760363
TXN_000009033,ACC_000010,MER_00120,134.72,INR,success,card,2026-07-19T14:44:24.760363
TXN_000009034,ACC_000568,MER_00022,24.33,INR,success,wallet,2026-06-24T22:58:40.760363
TXN_000009035,ACC_000990,MER_00196,312.79,INR,success,upi,2026-06-12T11:07:31.760363
TXN_000009036,ACC_000801,MER_00124,187.5,INR,success,card,2026-08-06T22:23:51.760363
TXN_000009037,ACC_000395,MER_00073,557.19,INR,success,card,2026-07-17T11:31:42.760363
TXN_000009038,ACC_000632,MER_00060,3130.33,INR,success,card,2026-08-06T11:46:59.760363
TXN_000009039,ACC_000014,MER_00119,320.12,INR,success,upi,2026-06-22T21:26:58.760363
TXN_000009040,ACC_000179,MER_00135,210.22,INR,success,upi,2026-06-10T09:08:03.760363
TXN_000009041,ACC_000906,MER_00066,195.27,INR,success,upi,2026-08-05T05:42:33.760363
TXN_000009042,ACC_000063,MER_00048,94.07,INR,success,net_banking,2026-06-29T05:37:45.760363
TXN_000009043,ACC_000615,MER_00040,251.08,INR,success,card,2026-05-30T07:08:27.760363
TXN_000009044,ACC_000446,MER_00072,355.09,INR,success,net_banking,2026-06-30T22:02:34.760363
TXN_000009045,ACC_000825,MER_00001,196.06,INR,success,wallet,2026-05-30T09:34:04.760363
TXN_000009046,ACC_000861,MER_00166,466.87,INR,success,card,2026-07-30T08:19:58.760363
TXN_000009047,ACC_000492,MER_00008,48.64,INR,success,wallet,2026-06-26T19:26:30.760363
TXN_000009048,ACC_000654,MER_00021,1640.38,INR,success,upi,2026-07-10T11:21:17.760363
TXN_000009049,ACC_000261,MER_00001,56.6,INR,success,net_banking,2026-08-18T11:47:50.760363
TXN_000009050,ACC_000675,MER_00098,674.9,INR,success,upi,2026-07-01T00:16:23.760363
TXN_000009051,ACC_000991,MER_00046,484.25,INR,success,card,2026-06-08T09:39:19.760363
TXN_000009052,ACC_000595,MER_00090,334.67,INR,success,upi,2026-06-03T23:21:05.760363
TXN_000009053,ACC_000227,MER_00018,440.05,INR,success,wallet,2026-08-18T11:28:52.760363
TXN_000009054,ACC_000153,MER_00015,364.69,INR,success,net_banking,2026-06-18T01:01:17.760363
TXN_000009055,ACC_000010,MER_00033,430.12,INR,success,upi,2026-06-24T22:06:16.760363
TXN_000009056,ACC_000440,MER_00175,1251.55,INR,success,card,2026-06-30T05:07:42.760363
TXN_000009057,ACC_000768,MER_00099,363.88,INR,success,wallet,2026-08-13T05:49:23.760363
TXN_000009058,ACC_000776,MER_00195,1503.63,INR,success,wallet,2026-06-26T12:09:09.760363
TXN_000009059,ACC_000793,MER_00178,374.55,INR,success,upi,2026-07-24T02:20:26.760363
TXN_000009060,ACC_000376,MER_00031,53.59,INR,success,wallet,2026-08-11T14:26:21.760363
TXN_000009061,ACC_000988,MER_00093,182.08,INR,failed,wallet,2026-07-08T11:48:00.760363
TXN_000009062,ACC_000745,MER_00112,971.68,INR,success,wallet,2026-06-19T10:10:54.760363
TXN_000009063,ACC_000477,MER_00031,411.12,INR,success,card,2026-07-10T22:15:06.760363
TXN_000009064,ACC_000992,MER_00179,353.34,INR,success,card,2026-07-23T22:07:15.760363
TXN_000009065,ACC_000732,MER_00139,108.37,INR,success,net_banking,2026-06-23T01:14:00.760363
TXN_000009066,ACC_000705,MER_00090,248.48,INR,success,upi,2026-06-20T00:08:04.760363
TXN_000009067,ACC_000309,MER_00062,549.16,INR,success,card,2026-06-26T05:27:54.760363
TXN_000009068,ACC_000063,MER_00083,117.67,INR,success,wallet,2026-07-14T17:06:52.760363
TXN_000009069,ACC_000361,MER_00111,561.94,INR,success,card,2026-06-06T05:02:10.760363
TXN_000009070,ACC_000344,MER_00129,781.32,INR,failed,card,2026-08-04T07:10:41.760363
TXN_000009071,ACC_000187,MER_00120,194.23,INR,success,net_banking,2026-07-28T02:58:17.760363
TXN_000009072,ACC_000548,MER_00098,126.34,INR,success,net_banking,2026-05-31T07:24:53.760363
TXN_000009073,ACC_000635,MER_00188,1237.24,INR,success,net_banking,2026-08-09T19:22:10.760363
TXN_000009074,ACC_000885,MER_00013,98.5,INR,success,card,2026-06-09T07:40:50.760363
TXN_000009075,ACC_000433,MER_00105,320.99,INR,success,upi,2026-08-13T05:25:58.760363
TXN_000009076,ACC_000491,MER_00065,1061.36,INR,success,wallet,2026-06-17T23:15:28.760363
TXN_000009077,ACC_000366,MER_00025,81.63,INR,success,net_banking,2026-06-06T08:49:54.760363
TXN_000009078,ACC_000967,MER_00194,296.89,INR,success,card,2026-08-04T18:30:55.760363
TXN_000009079,ACC_000078,MER_00144,65.57,INR,success,card,2026-07-05T21:22:03.760363
TXN_000009080,ACC_000013,MER_00172,46.8,INR,success,wallet,2026-07-16T14:05:59.760363
TXN_000009081,ACC_001000,MER_00112,558.95,INR,success,wallet,2026-06-08T00:01:07.760363
TXN_000009082,ACC_000031,MER_00082,547.32,INR,success,upi,2026-08-12T21:30:25.760363
TXN_000009083,ACC_000844,MER_00047,2050.82,INR,success,upi,2026-07-17T17:38:22.760363
TXN_000009084,ACC_000847,MER_00026,293.41,INR,success,upi,2026-07-18T11:53:01.760363
TXN_000009085,ACC_000381,MER_00106,104.71,INR,success,card,2026-07-16T14:28:45.760363
TXN_000009086,ACC_000997,MER_00187,118.27,INR,success,upi,2026-07-08T20:54:31.760363
TXN_000009087,ACC_000719,MER_00141,195.87,INR,success,card,2026-06-05T20:56:46.760363
TXN_000009088,ACC_000896,MER_00001,494.42,INR,success,card,2026-07-16T10:54:36.760363
TXN_000009089,ACC_000896,MER_00081,466.52,INR,success,card,2026-06-25T08:06:34.760363
TXN_000009090,ACC_000891,MER_00035,222.2,INR,success,net_banking,2026-08-02T14:59:28.760363
TXN_000009091,ACC_000063,MER_00054,543.8,INR,success,card,2026-07-26T18:53:02.760363
TXN_000009092,ACC_000971,MER_00163,206.73,INR,success,net_banking,2026-07-11T11:54:31.760363
TXN_000009093,ACC_000743,MER_00016,31.9,INR,failed,net_banking,2026-06-13T17:35:26.760363
TXN_000009094,ACC_000431,MER_00066,188.49,INR,success,card,2026-06-13T18:16:21.760363
TXN_000009095,ACC_000694,MER_00090,55.18,INR,success,wallet,2026-06-19T09:46:58.760363
TXN_000009096,ACC_000423,MER_00057,282.39,INR,success,wallet,2026-06-24T05:34:56.760363
TXN_000009097,ACC_000853,MER_00188,283.47,INR,success,card,2026-05-28T02:41:52.760363
TXN_000009098,ACC_000774,MER_00063,72.29,INR,success,net_banking,2026-08-20T18:06:56.760363
TXN_000009099,ACC_000913,MER_00188,639.71,INR,success,wallet,2026-07-18T13:55:57.760363
TXN_000009100,ACC_000500,MER_00193,111.09,INR,success,upi,2026-08-20T08:05:20.760363
TXN_000009101,ACC_000071,MER_00120,139.96,INR,success,upi,2026-08-18T18:46:44.760363
TXN_000009102,ACC_000610,MER_00087,542.3,INR,pending,card,2026-06-10T08:50:36.760363
TXN_000009103,ACC_000373,MER_00186,371.67,INR,success,net_banking,2026-08-08T04:00:23.760363
TXN_000009104,ACC_000472,MER_00033,1991.67,INR,success,wallet,2026-07-22T12:49:58.760363
TXN_000009105,ACC_000617,MER_00126,2602.89,INR,success,card,2026-08-20T20:56:39.760363
TXN_000009106,ACC_000415,MER_00170,49.09,INR,success,wallet,2026-06-21T00:24:39.760363
TXN_000009107,ACC_000948,MER_00086,120.51,INR,success,upi,2026-08-19T23:21:54.760363
TXN_000009108,ACC_000868,MER_00034,749.26,INR,success,upi,2026-06-15T10:56:53.760363
TXN_000009109,ACC_000877,MER_00023,259.32,INR,success,wallet,2026-08-23T03:10:56.760363
TXN_000009110,ACC_000211,MER_00110,102.66,INR,success,upi,2026-06-05T12:54:41.760363
TXN_000009111,ACC_000663,MER_00013,143.81,INR,success,card,2026-06-02T07:56:31.760363
TXN_000009112,ACC_000277,MER_00035,263.56,INR,success,upi,2026-07-17T13:38:21.760363
TXN_000009113,ACC_000610,MER_00096,184.85,INR,success,net_banking,2026-07-22T08:27:33.760363
TXN_000009114,ACC_000838,MER_00060,243.64,INR,success,card,2026-08-10T00:57:27.760363
TXN_000009115,ACC_000014,MER_00181,147.26,INR,failed,wallet,2026-08-08T11:52:51.760363
TXN_000009116,ACC_000567,MER_00171,536.35,INR,success,net_banking,2026-08-14T21:51:43.760363
TXN_000009117,ACC_000895,MER_00048,295.67,INR,success,net_banking,2026-06-08T06:11:20.760363
TXN_000009118,ACC_000794,MER_00093,285.33,INR,success,wallet,2026-06-17T22:52:17.760363
TXN_000009119,ACC_000795,MER_00189,55.18,INR,success,upi,2026-06-14T15:42:41.760363
TXN_000009120,ACC_000825,MER_00062,174.44,INR,success,card,2026-06-24T21:34:38.760363
TXN_000009121,ACC_000267,MER_00156,111.42,INR,success,wallet,2026-08-09T18:09:10.760363
TXN_000009122,ACC_000185,MER_00016,357.25,INR,success,upi,2026-08-22T03:13:07.760363
TXN_000009123,ACC_000380,MER_00095,162.21,INR,success,card,2026-08-10T14:22:24.760363
TXN_000009124,ACC_000721,MER_00010,395.44,INR,failed,wallet,2026-08-20T04:30:28.760363
TXN_000009125,ACC_000860,MER_00067,565.61,INR,success,net_banking,2026-06-28T22:03:09.760363
TXN_000009126,ACC_000343,MER_00162,865.8,INR,success,wallet,2026-07-21T10:29:33.760363
TXN_000009127,ACC_000554,MER_00111,175.75,INR,success,card,2026-08-03T14:28:20.760363
TXN_000009128,ACC_000815,MER_00024,125.75,INR,success,card,2026-08-04T05:04:46.760363
TXN_000009129,ACC_000652,MER_00079,223.04,INR,success,wallet,2026-07-28T23:17:27.760363
TXN_000009130,ACC_000148,MER_00078,77.27,INR,success,upi,2026-07-08T01:58:07.760363
TXN_000009131,ACC_000214,MER_00011,264.78,INR,success,wallet,2026-06-19T17:33:42.760363
TXN_000009132,ACC_000453,MER_00129,582.93,INR,success,net_banking,2026-05-26T19:10:02.760363
TXN_000009133,ACC_000630,MER_00184,69.55,INR,success,net_banking,2026-08-09T23:48:48.760363
TXN_000009134,ACC_000662,MER_00007,80.7,INR,success,card,2026-08-09T01:26:48.760363
TXN_000009135,ACC_000548,MER_00181,481.29,INR,success,wallet,2026-07-06T15:48:47.760363
TXN_000009136,ACC_000189,MER_00157,212.89,INR,success,net_banking,2026-07-15T10:49:29.760363
TXN_000009137,ACC_000704,MER_00054,370.37,INR,success,wallet,2026-06-05T00:58:48.760363
TXN_000009138,ACC_000718,MER_00194,179.07,INR,success,upi,2026-07-13T08:46:48.760363
TXN_000009139,ACC_000097,MER_00114,55.56,INR,success,net_banking,2026-06-01T07:28:50.760363
TXN_000009140,ACC_000297,MER_00135,282.67,INR,success,wallet,2026-06-20T14:48:27.760363
TXN_000009141,ACC_000165,MER_00115,228.69,INR,success,upi,2026-07-09T20:51:28.760363
TXN_000009142,ACC_000030,MER_00119,151.67,INR,success,net_banking,2026-06-25T18:18:01.760363
TXN_000009143,ACC_000744,MER_00093,297.47,INR,success,wallet,2026-08-03T10:29:31.760363
TXN_000009144,ACC_000535,MER_00153,259.0,INR,success,net_banking,2026-06-24T11:13:34.760363
TXN_000009145,ACC_000144,MER_00043,43.52,INR,success,net_banking,2026-07-18T05:34:43.760363
TXN_000009146,ACC_000558,MER_00077,218.19,INR,success,upi,2026-07-13T02:24:16.760363
TXN_000009147,ACC_000391,MER_00009,219.83,INR,success,net_banking,2026-08-10T12:35:15.760363
TXN_000009148,ACC_000714,MER_00024,279.42,INR,success,wallet,2026-08-21T03:27:59.760363
TXN_000009149,ACC_000949,MER_00023,60.29,INR,success,wallet,2026-07-13T01:06:49.760363
TXN_000009150,ACC_000663,MER_00110,664.59,INR,success,card,2026-06-17T04:12:43.760363
TXN_000009151,ACC_000846,MER_00079,145.85,INR,success,upi,2026-06-30T06:04:03.760363
TXN_000009152,,MER_00114,75.68,INR,success,net_banking,2026-07-06T02:22:31.760363
TXN_000009153,ACC_000407,MER_00115,301.92,INR,success,wallet,2026-07-04T05:53:03.760363
TXN_000009154,ACC_000646,MER_00189,974.48,INR,success,card,2026-06-03T08:04:34.760363
TXN_000009155,ACC_000096,MER_00115,234.65,INR,success,card,2026-06-26T05:31:37.760363
TXN_000009156,ACC_000130,MER_00152,89.47,INR,success,upi,2026-08-16T16:24:28.760363
TXN_000009157,ACC_000400,MER_00039,265.84,INR,success,wallet,2026-08-17T20:28:59.760363
TXN_000009158,ACC_000449,MER_00140,196.75,INR,success,net_banking,2026-05-31T19:17:32.760363
TXN_000009159,ACC_000809,MER_00014,400.36,INR,success,wallet,2026-06-27T15:17:03.760363
TXN_000009160,ACC_000333,MER_00195,660.2,INR,success,card,2026-08-14T16:23:23.760363
TXN_000009161,ACC_000411,MER_00081,93.88,INR,success,net_banking,2026-08-08T06:49:24.760363
TXN_000009162,ACC_000836,MER_00086,123.33,INR,success,upi,2026-08-23T12:48:10.760363
TXN_000009163,ACC_000456,MER_00181,165.45,INR,success,card,2026-07-07T13:54:01.760363
TXN_000009164,ACC_000957,MER_00003,502.28,INR,success,card,2026-08-14T08:24:20.760363
TXN_000009165,ACC_000632,MER_00183,319.25,INR,success,net_banking,2026-07-02T00:15:53.760363
TXN_000009166,ACC_000644,MER_00090,257.99,INR,success,upi,2026-08-05T12:41:14.760363
TXN_000009167,ACC_000294,MER_00069,543.11,INR,success,net_banking,2026-07-27T08:33:10.760363
TXN_000009168,ACC_000625,MER_00096,779.41,INR,failed,card,2026-07-03T05:12:58.760363
TXN_000009169,ACC_000070,MER_00193,61.82,INR,success,card,2026-07-03T12:40:40.760363
TXN_000009170,ACC_000271,MER_00180,114.93,INR,failed,wallet,2026-07-06T00:11:51.760363
TXN_000009171,ACC_000600,MER_00135,149.19,INR,success,net_banking,2026-07-17T17:21:25.760363
TXN_000009172,ACC_000451,MER_00066,373.56,INR,success,card,2026-05-31T00:36:51.760363
TXN_000009173,ACC_000934,MER_00080,428.62,INR,success,wallet,2026-06-15T00:56:40.760363
TXN_000009174,ACC_000880,MER_00188,363.46,INR,success,net_banking,2026-06-28T01:34:18.760363
TXN_000009175,ACC_000166,MER_00154,33.82,INR,success,net_banking,2026-07-29T15:16:54.760363
TXN_000009176,ACC_000976,MER_00095,195.05,INR,success,card,2026-06-13T20:52:57.760363
TXN_000009177,ACC_000321,MER_00095,33.7,INR,success,card,2026-07-21T18:21:44.760363
TXN_000009178,ACC_000259,MER_00180,439.78,INR,pending,card,2026-07-19T18:47:38.760363
TXN_000009179,ACC_000741,MER_00024,379.23,INR,success,net_banking,2026-06-04T08:35:56.760363
TXN_000009180,ACC_000571,MER_00058,131.18,INR,success,upi,2026-05-31T14:19:07.760363
TXN_000009181,ACC_000637,MER_00031,535.64,INR,success,wallet,2026-05-28T15:54:32.760363
TXN_000009182,ACC_000120,MER_00143,1055.88,INR,success,wallet,2026-08-22T09:49:20.760363
TXN_000009183,ACC_000525,MER_00075,46.98,INR,success,net_banking,2026-07-25T13:41:25.760363
TXN_000009184,ACC_000424,MER_00010,131.87,INR,success,card,2026-07-20T14:10:45.760363
TXN_000009185,ACC_000744,MER_00183,646.22,INR,success,wallet,2026-06-20T22:07:32.760363
TXN_000009186,ACC_000174,MER_00133,448.8,INR,success,wallet,2026-08-11T09:56:05.760363
TXN_000009187,ACC_000788,MER_00141,77.45,INR,success,net_banking,2026-07-29T21:41:17.760363
TXN_000009188,ACC_000773,MER_00070,550.9,INR,success,card,2026-07-30T17:04:57.760363
TXN_000009189,ACC_000218,MER_00186,181.8,INR,success,net_banking,2026-07-21T07:38:52.760363
TXN_000009190,ACC_000179,MER_00148,578.7,INR,success,card,2026-07-09T13:46:56.760363
TXN_000009191,ACC_000750,MER_00170,1007.22,INR,success,upi,2026-06-13T01:30:22.760363
TXN_000009192,ACC_000298,MER_00155,3241.17,INR,success,net_banking,2026-06-23T10:05:15.760363
TXN_000009193,ACC_000177,MER_00030,156.74,INR,success,wallet,2026-08-22T20:09:35.760363
TXN_000009194,ACC_000187,MER_00056,1292.5,INR,success,net_banking,2026-06-14T22:03:52.760363
TXN_000009195,ACC_000192,MER_00193,572.32,INR,success,wallet,2026-07-22T23:22:50.760363
TXN_000009196,ACC_000922,MER_00047,569.77,INR,success,card,2026-08-09T08:27:38.760363
TXN_000009197,ACC_000150,MER_00004,61.89,INR,success,wallet,2026-08-24T16:20:45.760363
TXN_000009198,ACC_000730,MER_00013,384.77,INR,success,net_banking,2026-07-08T02:12:13.760363
TXN_000009199,ACC_000821,MER_00168,65.2,INR,success,wallet,2026-07-15T18:55:04.760363
TXN_000009200,ACC_000750,MER_00129,682.23,INR,success,wallet,2026-08-14T21:57:41.760363
TXN_000009201,ACC_000544,MER_00182,364.89,INR,success,upi,2026-08-02T11:11:21.760363
TXN_000009202,ACC_000506,MER_00140,161.54,INR,success,card,2026-07-18T06:58:30.760363
TXN_000009203,ACC_000360,MER_00023,163.25,INR,success,upi,2026-08-17T19:57:32.760363
TXN_000009204,ACC_000949,MER_00052,1282.4,INR,success,card,2026-08-20T23:49:17.760363
TXN_000009205,ACC_000905,MER_00036,41.78,INR,success,card,2026-06-09T08:05:29.760363
TXN_000009206,ACC_000456,MER_00158,147.47,INR,success,card,2026-06-15T10:38:40.760363
TXN_000009207,ACC_000549,MER_00070,231.26,INR,success,upi,2026-07-12T19:36:28.760363
TXN_000009208,ACC_000783,MER_00140,590.97,INR,success,card,2026-07-07T19:40:02.760363
TXN_000009209,ACC_000575,MER_00110,53.09,INR,success,upi,2026-07-06T14:46:08.760363
TXN_000009210,ACC_000893,MER_00020,245.82,INR,success,wallet,2026-08-22T16:27:20.760363
TXN_000009211,ACC_000600,MER_00162,209.11,INR,success,net_banking,2026-06-07T19:32:28.760363
TXN_000009212,ACC_000487,MER_00023,31.63,INR,success,card,2026-07-13T06:02:59.760363
TXN_000009213,ACC_000432,MER_00041,677.64,INR,success,card,2026-06-28T01:22:25.760363
TXN_000009214,ACC_000571,MER_00016,1570.68,INR,success,upi,2026-06-22T03:38:21.760363
TXN_000009215,ACC_000287,MER_00083,67.89,INR,success,net_banking,2026-05-31T05:40:51.760363
TXN_000009216,ACC_000163,MER_00162,1953.23,INR,success,card,2026-07-29T22:08:38.760363
TXN_000009217,ACC_000714,MER_00174,1688.91,INR,success,wallet,2026-06-30T16:57:36.760363
TXN_000009218,ACC_000977,MER_00127,871.36,INR,success,wallet,2026-05-30T20:28:07.760363
TXN_000009219,ACC_000628,MER_00019,686.6,INR,success,upi,2026-07-23T15:12:40.760363
TXN_000009220,ACC_000317,MER_00168,974.8,INR,success,wallet,2026-08-23T06:36:44.760363
TXN_000009221,ACC_000734,MER_00099,167.48,INR,success,net_banking,2026-08-22T04:11:05.760363
TXN_000009222,ACC_000057,MER_00109,174.32,INR,failed,upi,2026-06-06T13:04:12.760363
TXN_000009223,,MER_00001,404.43,INR,success,net_banking,2026-06-19T12:58:52.760363
TXN_000009224,ACC_000790,MER_00024,47.16,INR,success,card,2026-06-09T17:58:38.760363
TXN_000009225,ACC_000677,MER_00014,803.85,INR,success,upi,2026-07-05T18:51:49.760363
TXN_000009226,ACC_000121,MER_00166,239.93,INR,success,card,2026-06-07T06:35:52.760363
TXN_000009227,ACC_000958,MER_00089,225.17,INR,success,wallet,2026-07-17T12:09:35.760363
TXN_000009228,ACC_000795,MER_00086,603.83,INR,success,net_banking,2026-06-30T07:31:52.760363
TXN_000009229,ACC_000127,MER_00026,113.39,INR,success,upi,2026-07-13T05:21:34.760363
TXN_000009230,ACC_000027,MER_00074,128.9,INR,success,wallet,2026-07-22T03:32:32.760363
TXN_000009231,ACC_000157,MER_00068,176.96,INR,failed,net_banking,2026-07-01T21:59:38.760363
TXN_000009232,ACC_000092,MER_00144,131.8,INR,success,wallet,2026-06-15T13:39:03.760363
TXN_000009233,ACC_000482,MER_00082,277.82,INR,success,net_banking,2026-06-27T09:38:45.760363
TXN_000009234,ACC_000734,MER_00062,435.0,INR,pending,wallet,2026-07-27T15:20:29.760363
TXN_000009235,ACC_000879,MER_00086,442.95,INR,success,card,2026-08-09T01:54:40.760363
TXN_000009236,ACC_000546,MER_00147,375.51,INR,success,net_banking,2026-08-22T09:31:19.760363
TXN_000009237,ACC_000757,MER_00030,257.93,INR,success,wallet,2026-06-09T19:59:49.760363
TXN_000009238,ACC_000707,MER_00137,1640.17,INR,success,wallet,2026-08-15T08:53:08.760363
TXN_000009239,ACC_000629,MER_00127,20.63,INR,success,card,2026-06-26T14:13:18.760363
TXN_000009240,ACC_000166,MER_00123,555.64,INR,success,card,2026-06-13T05:26:55.760363
TXN_000009241,ACC_000819,MER_00199,268.28,INR,success,net_banking,2026-06-15T15:53:19.760363
TXN_000009242,ACC_000688,MER_00033,48.44,INR,success,net_banking,2026-07-20T03:06:34.760363
TXN_000009243,ACC_000992,MER_00089,321.18,INR,success,upi,2026-06-01T05:20:58.760363
TXN_000009244,ACC_000625,MER_00116,85.96,INR,success,card,2026-05-28T21:23:54.760363
TXN_000009245,ACC_000492,MER_00175,107.97,INR,success,card,2026-06-09T04:41:35.760363
TXN_000009246,ACC_000176,MER_00030,87.71,INR,success,wallet,2026-07-31T04:22:56.760363
TXN_000009247,ACC_000361,MER_00197,798.6,INR,success,wallet,2026-06-22T18:00:58.760363
TXN_000009248,ACC_000109,MER_00003,84.72,INR,success,wallet,2026-08-11T09:21:39.760363
TXN_000009249,ACC_000311,MER_00038,175.7,INR,success,net_banking,2026-06-15T02:39:43.760363
TXN_000009250,ACC_000446,MER_00026,179.03,INR,success,net_banking,2026-07-24T02:13:49.760363
TXN_000009251,ACC_000012,MER_00111,171.63,INR,failed,card,2026-07-17T07:37:02.760363
TXN_000009252,ACC_000884,MER_00192,270.21,INR,success,net_banking,2026-08-23T11:41:48.760363
TXN_000009253,ACC_000919,MER_00114,417.24,INR,success,card,2026-08-20T07:15:49.760363
TXN_000009254,ACC_000256,MER_00119,412.02,INR,success,card,2026-06-01T01:53:48.760363
TXN_000009255,ACC_000008,MER_00018,179.77,INR,success,wallet,2026-06-11T07:34:09.760363
TXN_000009256,ACC_000454,MER_00058,102.19,INR,success,upi,2026-05-31T22:10:59.760363
TXN_000009257,ACC_000622,MER_00142,286.6,INR,success,card,2026-06-27T06:46:07.760363
TXN_000009258,ACC_000724,MER_00177,277.21,INR,success,card,2026-06-23T02:39:02.760363
TXN_000009259,ACC_000429,MER_00072,421.55,INR,success,wallet,2026-06-12T10:22:47.760363
TXN_000009260,ACC_000447,MER_00154,221.76,INR,success,net_banking,2026-07-23T19:53:21.760363
TXN_000009261,ACC_000229,MER_00020,365.75,INR,success,card,2026-07-30T09:46:55.760363
TXN_000009262,ACC_000446,MER_00175,594.24,INR,success,wallet,2026-08-09T06:36:20.760363
TXN_000009263,ACC_000392,MER_00121,80.64,INR,success,net_banking,2026-07-03T20:08:01.760363
TXN_000009264,ACC_000011,MER_00070,754.13,INR,success,upi,2026-06-28T09:57:47.760363
TXN_000009265,ACC_000098,MER_00013,1243.39,INR,success,card,2026-06-29T13:39:08.760363
TXN_000009266,ACC_000451,MER_00012,148.67,INR,success,wallet,2026-07-23T04:17:07.760363
TXN_000009267,ACC_000563,MER_00063,1031.01,INR,success,card,2026-08-18T13:28:16.760363
TXN_000009268,ACC_000051,MER_00009,147.38,INR,pending,net_banking,2026-06-09T10:37:27.760363
TXN_000009269,ACC_000200,MER_00188,318.45,INR,success,card,2026-06-05T17:18:17.760363
TXN_000009270,ACC_000161,MER_00019,330.53,INR,success,net_banking,2026-06-05T10:21:08.760363
TXN_000009271,ACC_000407,MER_00030,129.52,INR,success,upi,2026-06-01T23:47:18.760363
TXN_000009272,ACC_000155,MER_00180,707.84,INR,success,upi,2026-07-23T13:16:55.760363
TXN_000009273,ACC_000392,MER_00046,67.16,INR,success,net_banking,2026-08-20T00:27:23.760363
TXN_000009274,ACC_000955,MER_00181,67.32,INR,success,upi,2026-08-20T14:25:05.760363
TXN_000009275,ACC_000215,MER_00038,620.05,INR,success,wallet,2026-06-17T11:34:52.760363
TXN_000009276,ACC_000529,MER_00028,70.21,INR,success,upi,2026-07-03T14:07:46.760363
TXN_000009277,ACC_000853,MER_00091,152.89,INR,success,net_banking,2026-06-27T03:14:30.760363
TXN_000009278,ACC_000973,MER_00200,714.88,INR,success,card,2026-07-16T20:24:50.760363
TXN_000009279,ACC_000189,MER_00025,98.14,INR,success,net_banking,2026-08-21T00:34:07.760363
TXN_000009280,ACC_000216,MER_00107,33.04,INR,success,upi,2026-07-23T05:59:41.760363
TXN_000009281,ACC_000587,MER_00177,162.4,INR,success,wallet,2026-08-18T13:07:34.760363
TXN_000009282,ACC_000471,MER_00127,113.17,INR,success,upi,2026-08-24T05:44:07.760363
TXN_000009283,ACC_000932,MER_00152,147.36,INR,success,upi,2026-08-10T09:34:26.760363
TXN_000009284,ACC_000226,MER_00024,207.81,INR,success,card,2026-08-19T11:50:38.760363
TXN_000009285,ACC_000599,MER_00196,404.09,INR,success,upi,2026-06-08T05:27:41.760363
TXN_000009286,ACC_000538,MER_00051,184.35,INR,success,net_banking,2026-06-26T02:51:51.760363
TXN_000009287,ACC_000896,MER_00065,2080.97,INR,success,wallet,2026-06-11T02:01:41.760363
TXN_000009288,ACC_000354,MER_00036,33.8,INR,success,net_banking,2026-06-12T04:42:06.760363
TXN_000009289,ACC_000366,MER_00199,98.57,INR,success,net_banking,2026-07-13T12:02:00.760363
TXN_000009290,ACC_000592,MER_00005,131.29,INR,success,card,2026-08-03T11:37:24.760363
TXN_000009291,ACC_000070,MER_00199,543.5,INR,success,upi,2026-08-21T19:48:26.760363
TXN_000009292,ACC_000501,MER_00199,543.48,INR,success,net_banking,2026-08-14T06:12:04.760363
TXN_000009293,ACC_000384,MER_00090,123.95,INR,failed,card,2026-07-01T04:22:02.760363
TXN_000009294,ACC_000946,MER_00182,364.76,INR,success,net_banking,2026-08-24T14:27:34.760363
TXN_000009295,ACC_000331,MER_00072,80.59,INR,success,card,2026-08-20T07:03:38.760363
TXN_000009296,ACC_000334,MER_00136,648.69,INR,success,upi,2026-06-17T14:24:30.760363
TXN_000009297,ACC_000989,MER_00096,130.95,INR,success,card,2026-08-12T19:15:46.760363
TXN_000009298,ACC_000634,MER_00148,62.5,INR,success,upi,2026-06-23T01:59:37.760363
TXN_000009299,ACC_000679,MER_00098,84.27,INR,success,card,2026-07-25T20:25:50.760363
TXN_000009300,ACC_000680,MER_00153,511.27,INR,success,net_banking,2026-05-30T15:43:32.760363
TXN_000009301,ACC_000516,MER_00107,518.19,INR,failed,card,2026-08-23T06:40:38.760363
TXN_000009302,ACC_000547,MER_00101,69.51,INR,success,card,2026-06-14T13:49:40.760363
TXN_000009303,ACC_000041,MER_00030,238.7,INR,success,upi,2026-07-03T07:26:02.760363
TXN_000009304,ACC_000859,MER_00129,500.66,INR,success,wallet,2026-06-03T11:40:01.760363
TXN_000009305,ACC_000040,MER_00105,77.71,INR,success,wallet,2026-07-11T15:00:23.760363
TXN_000009306,ACC_000978,MER_00032,112.79,INR,success,net_banking,2026-08-16T11:46:01.760363
TXN_000009307,ACC_000651,MER_00170,288.8,INR,success,card,2026-08-21T03:49:47.760363
TXN_000009308,ACC_000922,MER_00074,378.5,INR,success,wallet,2026-07-10T04:56:01.760363
TXN_000009309,ACC_000171,MER_00173,10.38,INR,failed,card,2026-07-29T17:17:05.760363
TXN_000009310,ACC_000223,MER_00122,158.21,INR,success,net_banking,2026-07-16T05:25:42.760363
TXN_000009311,ACC_000675,MER_00102,399.72,INR,success,card,2026-08-13T02:56:01.760363
TXN_000009312,ACC_000447,MER_00104,59.9,INR,success,net_banking,2026-08-16T08:19:10.760363
TXN_000009313,ACC_000172,MER_00111,283.2,INR,failed,wallet,2026-06-05T18:44:33.760363
TXN_000009314,ACC_000941,MER_00079,356.54,INR,success,wallet,2026-06-28T09:16:39.760363
TXN_000009315,ACC_000364,MER_00169,67.63,INR,success,net_banking,2026-07-28T15:50:44.760363
TXN_000009316,ACC_000140,MER_00014,256.81,INR,success,upi,2026-08-23T06:25:31.760363
TXN_000009317,ACC_000723,MER_00196,81.6,INR,success,upi,2026-07-01T17:50:27.760363
TXN_000009318,ACC_000471,MER_00102,44.98,INR,success,upi,2026-06-26T01:08:14.760363
TXN_000009319,ACC_000388,MER_00116,1023.41,INR,success,wallet,2026-08-20T15:57:10.760363
TXN_000009320,ACC_000403,MER_00006,1727.67,INR,success,wallet,2026-06-18T10:02:04.760363
TXN_000009321,ACC_000310,MER_00189,476.98,INR,success,net_banking,2026-08-23T09:28:24.760363
TXN_000009322,ACC_000799,MER_00035,130.75,INR,success,wallet,2026-06-27T18:00:51.760363
TXN_000009323,ACC_000604,MER_00162,653.25,INR,success,card,2026-05-27T02:09:29.760363
TXN_000009324,ACC_000965,MER_00177,731.88,INR,success,wallet,2026-06-30T08:02:24.760363
TXN_000009325,ACC_000436,MER_00115,131.41,INR,success,net_banking,2026-07-24T10:11:15.760363
TXN_000009326,ACC_000640,MER_00119,307.32,INR,success,upi,2026-07-09T10:08:49.760363
TXN_000009327,ACC_000427,MER_00167,271.12,INR,pending,upi,2026-05-31T17:03:39.760363
TXN_000009328,ACC_000158,MER_00044,509.0,INR,success,wallet,2026-07-22T18:26:44.760363
TXN_000009329,ACC_000893,MER_00013,268.14,INR,success,wallet,2026-08-02T08:29:13.760363
TXN_000009330,ACC_000420,MER_00089,246.66,INR,success,net_banking,2026-07-06T09:20:35.760363
TXN_000009331,ACC_000548,MER_00042,293.1,INR,success,net_banking,2026-07-04T22:45:33.760363
TXN_000009332,ACC_000938,MER_00173,117.01,INR,success,card,2026-07-18T21:08:28.760363
TXN_000009333,ACC_000502,MER_00143,166.87,INR,success,upi,2026-06-06T14:56:33.760363
TXN_000009334,ACC_000164,MER_00028,646.75,INR,success,upi,2026-07-07T13:19:35.760363
TXN_000009335,ACC_000339,MER_00173,130.62,INR,success,card,2026-06-30T16:51:21.760363
TXN_000009336,ACC_000464,MER_00103,658.06,INR,success,card,2026-06-15T06:31:16.760363
TXN_000009337,ACC_000953,MER_00116,509.69,INR,success,net_banking,2026-06-02T07:27:12.760363
TXN_000009338,ACC_000071,MER_00122,607.3,INR,success,wallet,2026-06-15T04:38:29.760363
TXN_000009339,ACC_000721,MER_00065,94.7,INR,success,upi,2026-08-20T02:25:35.760363
TXN_000009340,ACC_000176,MER_00149,49.04,INR,success,upi,2026-06-24T06:20:11.760363
TXN_000009341,ACC_000565,MER_00166,151.52,INR,success,wallet,2026-08-14T20:42:53.760363
TXN_000009342,ACC_000338,MER_00094,67.97,INR,success,upi,2026-06-04T15:27:52.760363
TXN_000009343,ACC_000342,MER_00134,164.92,INR,success,card,2026-07-02T09:55:41.760363
TXN_000009344,ACC_000282,MER_00022,138.07,INR,success,wallet,2026-07-14T21:37:59.760363
TXN_000009345,ACC_000416,MER_00123,41.95,INR,failed,card,2026-07-25T14:26:37.760363
TXN_000009346,ACC_000085,MER_00121,198.66,INR,success,wallet,2026-07-23T18:47:27.760363
TXN_000009347,ACC_000763,MER_00096,559.25,INR,success,card,2026-05-31T07:53:03.760363
TXN_000009348,ACC_000590,MER_00046,283.93,INR,success,card,2026-06-11T13:59:05.760363
TXN_000009349,ACC_000099,MER_00095,1578.04,INR,success,upi,2026-05-29T23:39:43.760363
TXN_000009350,ACC_000888,MER_00147,341.26,INR,success,card,2026-07-08T11:28:16.760363
TXN_000009351,ACC_000655,MER_00088,193.49,INR,success,upi,2026-07-15T04:55:25.760363
TXN_000009352,ACC_000209,MER_00108,70.62,INR,success,card,2026-07-14T20:49:31.760363
TXN_000009353,ACC_000040,MER_00026,634.88,INR,success,wallet,2026-08-03T00:05:25.760363
TXN_000009354,ACC_000913,MER_00004,430.71,INR,success,wallet,2026-05-30T23:35:25.760363
TXN_000009355,ACC_000485,MER_00199,184.09,INR,success,card,2026-08-01T06:31:26.760363
TXN_000009356,ACC_000230,MER_00150,229.27,INR,success,net_banking,2026-06-19T15:38:24.760363
TXN_000009357,ACC_000203,MER_00074,442.92,INR,success,net_banking,2026-07-02T22:38:23.760363
TXN_000009358,ACC_000344,MER_00008,41.35,INR,success,upi,2026-07-01T11:10:33.760363
TXN_000009359,ACC_000048,MER_00193,546.7,INR,pending,card,2026-06-03T12:23:21.760363
TXN_000009360,ACC_000263,MER_00133,79.94,INR,success,wallet,2026-07-09T17:48:43.760363
TXN_000009361,ACC_INVALID,MER_00087,669.37,INR,success,card,2026-07-14T00:54:57.760363
TXN_000009362,ACC_000206,MER_00185,239.19,INR,success,wallet,2026-07-27T10:17:29.760363
TXN_000009363,ACC_000574,MER_00073,49.53,INR,success,net_banking,2026-06-07T07:45:10.760363
TXN_000009364,ACC_000067,MER_00153,612.86,INR,success,card,2026-06-03T11:41:43.760363
TXN_000009365,ACC_000657,MER_00024,47.78,INR,success,net_banking,2026-06-18T15:41:59.760363
TXN_000009366,ACC_000743,MER_00122,214.83,INR,success,upi,2026-08-01T02:42:11.760363
TXN_000009367,ACC_000288,MER_00046,235.19,INR,success,net_banking,2026-05-28T06:34:44.760363
TXN_000009368,ACC_000301,MER_00122,184.68,INR,success,upi,2026-07-02T00:10:58.760363
TXN_000009369,ACC_000391,MER_00077,170.71,INR,success,net_banking,2026-05-31T17:05:24.760363
TXN_000009370,ACC_000317,MER_00077,106.15,INR,success,wallet,2026-07-20T12:44:43.760363
TXN_000009371,ACC_000217,MER_00098,823.82,INR,success,net_banking,2026-06-13T15:07:06.760363
TXN_000009372,ACC_000271,MER_00197,155.47,INR,success,card,2026-08-15T02:55:29.760363
TXN_000009373,ACC_000425,MER_00192,61.87,INR,success,net_banking,2026-08-04T07:34:49.760363
TXN_000009374,ACC_000435,MER_00058,400.1,INR,success,net_banking,2026-06-04T23:13:09.760363
TXN_000009375,ACC_000026,MER_00166,93.51,INR,success,card,2026-06-12T11:37:51.760363
TXN_000009376,ACC_000549,MER_00010,189.75,INR,success,upi,2026-06-19T15:56:06.760363
TXN_000009377,ACC_000694,MER_00154,57.77,INR,success,card,2026-06-17T17:14:09.760363
TXN_000009378,ACC_000852,MER_00160,158.87,INR,success,card,2026-08-06T21:26:59.760363
TXN_000009379,ACC_000880,MER_00130,114.77,INR,success,upi,2026-07-12T00:54:40.760363
TXN_000009380,ACC_000412,MER_00114,64.98,INR,success,card,2026-06-29T11:24:21.760363
TXN_000009381,ACC_000009,MER_00090,185.3,INR,success,net_banking,2026-05-29T09:31:49.760363
TXN_000009382,ACC_000898,MER_00069,241.11,INR,success,wallet,2026-06-28T19:14:10.760363
TXN_000009383,ACC_000031,MER_00127,735.0,INR,success,wallet,2026-06-11T01:11:10.760363
TXN_000009384,ACC_000721,MER_00173,70.06,INR,success,wallet,2026-08-12T13:32:57.760363
TXN_000009385,ACC_000128,MER_00075,30.92,INR,failed,card,2026-07-15T05:57:21.760363
TXN_000009386,ACC_000784,MER_00068,1453.53,INR,success,wallet,2026-05-26T19:10:29.760363
TXN_000009387,ACC_000227,MER_00015,875.73,INR,success,net_banking,2026-08-16T00:13:53.760363
TXN_000009388,ACC_000790,MER_00124,464.4,INR,success,card,2026-06-12T14:14:59.760363
TXN_000009389,ACC_000771,MER_00068,28.76,INR,success,upi,2026-06-12T18:51:45.760363
TXN_000009390,ACC_000575,MER_00147,319.19,INR,success,wallet,2026-07-21T12:40:29.760363
TXN_000009391,ACC_000652,MER_00193,421.85,INR,success,card,2026-06-30T03:38:50.760363
TXN_000009392,ACC_000785,MER_00069,178.02,INR,success,upi,2026-08-11T03:43:36.760363
TXN_000009393,ACC_000707,MER_00083,89.03,INR,success,card,2026-07-30T22:58:07.760363
TXN_000009394,ACC_000988,MER_00156,105.46,INR,success,upi,2026-07-27T09:21:32.760363
TXN_000009395,ACC_000594,MER_00009,309.59,INR,success,card,2026-06-18T06:05:44.760363
TXN_000009396,ACC_000466,MER_00105,1009.45,INR,success,net_banking,2026-08-22T05:21:20.760363
TXN_000009397,ACC_000420,MER_00152,226.35,INR,success,net_banking,2026-05-28T01:45:43.760363
TXN_000009398,ACC_000912,MER_00120,705.94,INR,success,net_banking,2026-07-21T17:53:58.760363
TXN_000009399,ACC_000896,MER_00138,35.52,INR,success,net_banking,2026-07-03T00:54:43.760363
TXN_000009400,ACC_000023,MER_00070,166.7,INR,pending,wallet,2026-06-08T04:02:48.760363
TXN_000009401,ACC_000170,MER_00060,210.34,INR,success,upi,2026-08-16T00:40:38.760363
TXN_000009402,ACC_000244,MER_00072,132.21,INR,success,wallet,2026-07-04T21:18:30.760363
TXN_000009403,ACC_000385,MER_00184,2296.7,INR,success,wallet,2026-08-08T21:10:08.760363
TXN_000009404,ACC_000549,MER_00137,608.39,INR,success,card,2026-08-14T13:02:28.760363
TXN_000009405,ACC_000119,MER_00082,651.89,INR,success,wallet,2026-06-22T07:16:11.760363
TXN_000009406,ACC_000072,MER_00003,61.63,INR,success,upi,2026-05-31T04:12:55.760363
TXN_000009407,ACC_000461,MER_00048,288.59,INR,success,upi,2026-07-23T12:53:24.760363
TXN_000009408,ACC_000282,MER_00155,418.58,INR,success,wallet,2026-08-13T08:32:37.760363
TXN_000009409,ACC_000115,MER_00038,630.5,INR,success,net_banking,2026-06-30T19:53:58.760363
TXN_000009410,ACC_000530,MER_00195,159.31,INR,success,card,2026-06-09T10:39:59.760363
TXN_000009411,ACC_000293,MER_00172,704.92,INR,pending,wallet,2026-08-03T05:03:13.760363
TXN_000009412,ACC_000516,MER_00007,703.43,INR,success,upi,2026-07-04T20:59:09.760363
TXN_000009413,ACC_000339,MER_00083,255.37,INR,success,net_banking,2026-07-03T07:36:12.760363
TXN_000009414,ACC_000087,MER_00071,263.52,INR,success,net_banking,2026-07-01T12:26:03.760363
TXN_000009415,ACC_000863,MER_00111,692.36,INR,success,net_banking,2026-06-13T20:38:28.760363
TXN_000009416,ACC_000081,MER_00123,125.9,INR,success,card,2026-08-07T08:00:23.760363
TXN_000009417,ACC_000410,MER_00074,892.01,INR,success,card,2026-06-10T20:22:56.760363
TXN_000009418,ACC_000787,MER_00139,300.27,INR,success,upi,2026-06-16T14:40:27.760363
TXN_000009419,ACC_000847,MER_00192,225.93,INR,success,card,2026-08-02T02:36:47.760363
TXN_000009420,ACC_000249,MER_00181,572.35,INR,success,upi,2026-07-04T10:06:59.760363
TXN_000009421,ACC_000353,MER_00119,273.77,INR,success,upi,2026-07-17T13:19:14.760363
TXN_000009422,ACC_000007,MER_00002,490.92,INR,success,upi,2026-07-07T01:21:58.760363
TXN_000009423,ACC_000271,MER_00132,320.07,INR,success,card,2026-06-09T02:21:45.760363
TXN_000009424,ACC_000285,MER_00033,2606.83,INR,success,upi,2026-08-15T03:58:09.760363
TXN_000009425,ACC_000996,MER_00054,468.11,INR,success,wallet,2026-08-10T22:59:28.760363
TXN_000009426,ACC_000983,MER_00143,163.65,INR,failed,card,2026-07-01T19:27:04.760363
TXN_000009427,ACC_000565,MER_00077,69.3,INR,success,upi,2026-07-16T05:13:21.760363
TXN_000009428,ACC_000806,MER_00055,423.18,INR,success,upi,2026-06-06T08:04:46.760363
TXN_000009429,ACC_000653,MER_00156,76.41,INR,success,upi,2026-07-11T00:22:58.760363
TXN_000009430,ACC_000976,MER_00100,21.09,INR,failed,card,2026-08-20T15:10:14.760363
TXN_000009431,ACC_000827,MER_00125,274.25,INR,success,wallet,2026-07-03T15:13:07.760363
TXN_000009432,ACC_000971,MER_00146,223.96,INR,success,wallet,2026-07-20T05:27:12.760363
TXN_000009433,ACC_000687,MER_00146,105.25,INR,success,net_banking,2026-07-21T21:58:42.760363
TXN_000009434,ACC_000506,MER_00052,40.08,INR,success,net_banking,2026-08-19T16:57:53.760363
TXN_000009435,ACC_000876,MER_00084,256.26,INR,success,net_banking,2026-07-04T02:02:56.760363
TXN_000009436,ACC_000253,MER_00101,986.51,INR,success,card,2026-05-29T10:51:56.760363
TXN_000009437,ACC_000826,MER_00040,2221.77,INR,success,upi,2026-06-18T09:51:16.760363
TXN_000009438,ACC_000356,MER_00128,274.07,INR,success,net_banking,2026-06-11T13:22:07.760363
TXN_000009439,ACC_000745,MER_00041,60.03,INR,success,upi,2026-08-04T19:51:22.760363
TXN_000009440,ACC_000752,MER_00118,259.4,INR,success,wallet,2026-08-01T10:23:56.760363
TXN_000009441,ACC_000820,MER_00049,1102.34,INR,success,card,2026-07-13T01:01:29.760363
TXN_000009442,ACC_000671,MER_00018,50.98,INR,success,card,2026-06-07T21:37:02.760363
TXN_000009443,ACC_000320,MER_00128,185.44,INR,success,card,2026-06-13T00:25:38.760363
TXN_000009444,ACC_000303,MER_00040,188.08,INR,success,net_banking,2026-06-29T03:19:23.760363
TXN_000009445,ACC_000712,MER_00144,99.25,INR,success,wallet,2026-06-05T12:41:27.760363
TXN_000009446,ACC_000105,MER_00079,136.86,INR,success,upi,2026-08-10T20:44:27.760363
TXN_000009447,ACC_000453,MER_00179,760.74,INR,success,wallet,2026-07-07T17:56:39.760363
TXN_000009448,ACC_000653,MER_00016,253.05,INR,success,upi,2026-07-29T23:03:46.760363
TXN_000009449,ACC_000400,MER_00157,116.77,INR,success,net_banking,2026-06-28T14:16:40.760363
TXN_000009450,ACC_000281,MER_00187,80.68,INR,success,net_banking,2026-08-11T13:53:17.760363
TXN_000009451,ACC_000747,MER_00189,360.52,INR,success,upi,2026-07-12T00:34:04.760363
TXN_000009452,ACC_000352,MER_00045,1966.22,INR,success,upi,2026-05-27T04:27:50.760363
TXN_000009453,ACC_000502,MER_00168,122.51,INR,success,wallet,2026-06-22T06:14:58.760363
TXN_000009454,ACC_000380,MER_00198,332.67,INR,success,card,2026-07-19T14:27:25.760363
TXN_000009455,ACC_000740,MER_00144,70.13,INR,success,wallet,2026-07-14T11:56:48.760363
TXN_000009456,ACC_000015,MER_00192,1743.05,INR,success,upi,2026-05-30T19:37:46.760363
TXN_000009457,ACC_000237,MER_00051,112.22,INR,success,upi,2026-07-20T19:22:55.760363
TXN_000009458,ACC_000914,MER_00063,899.13,INR,success,card,2026-06-10T15:35:28.760363
TXN_000009459,ACC_000514,MER_00175,321.11,INR,success,net_banking,2026-07-17T02:01:50.760363
TXN_000009460,ACC_000595,MER_00178,33.42,INR,success,wallet,2026-07-13T18:01:48.760363
TXN_000009461,ACC_000102,MER_00155,120.68,INR,success,upi,2026-07-26T09:21:58.760363
TXN_000009462,ACC_000970,MER_00064,1561.56,INR,success,wallet,2026-06-26T04:00:22.760363
TXN_000009463,ACC_000892,MER_00115,335.59,INR,success,card,2026-08-14T18:08:32.760363
TXN_000009464,ACC_000616,MER_00077,1652.48,INR,success,net_banking,2026-05-28T00:32:46.760363
TXN_000009465,ACC_000582,MER_00040,1215.53,INR,success,wallet,2026-07-09T06:02:55.760363
TXN_000009466,ACC_000274,MER_00003,147.49,INR,success,wallet,2026-08-13T18:57:15.760363
TXN_000009467,ACC_000352,MER_00013,735.96,INR,success,upi,2026-06-14T03:57:31.760363
TXN_000009468,ACC_000327,MER_00196,91.24,INR,success,upi,2026-08-22T13:16:58.760363
TXN_000009469,ACC_000737,MER_00052,608.93,INR,success,wallet,2026-08-21T17:05:38.760363
TXN_000009470,ACC_000793,MER_00118,188.76,INR,success,net_banking,2026-06-22T16:00:35.760363
TXN_000009471,ACC_000386,MER_00079,300.48,INR,success,net_banking,2026-08-16T12:53:47.760363
TXN_000009472,ACC_000681,MER_00101,1351.44,INR,success,upi,2026-07-09T11:34:01.760363
TXN_000009473,ACC_000750,MER_00032,1441.61,INR,success,upi,2026-07-29T10:37:33.760363
TXN_000009474,ACC_000339,MER_00188,849.91,INR,success,wallet,2026-08-07T01:59:51.760363
TXN_000009475,ACC_000285,MER_00113,102.6,INR,success,card,2026-05-27T07:13:58.760363
TXN_000009476,ACC_000003,MER_00006,61.02,INR,success,net_banking,2026-08-13T03:21:00.760363
TXN_000009477,ACC_000475,MER_00026,126.95,INR,success,net_banking,2026-08-07T17:11:01.760363
TXN_000009478,ACC_000506,MER_00041,40.55,INR,success,net_banking,2026-07-02T23:37:09.760363
TXN_000009479,ACC_000007,MER_00182,339.26,INR,success,wallet,2026-07-07T09:29:54.760363
TXN_000009480,ACC_000235,MER_00192,244.31,INR,success,wallet,2026-07-12T22:41:41.760363
TXN_000009481,ACC_000056,MER_00023,307.8,INR,success,net_banking,2026-06-19T07:57:43.760363
TXN_000009482,ACC_000405,MER_00070,170.68,INR,success,wallet,2026-07-17T02:30:25.760363
TXN_000009483,ACC_000379,MER_00136,405.45,INR,success,card,2026-08-09T04:59:45.760363
TXN_000009484,ACC_000357,MER_00062,201.86,INR,success,card,2026-08-05T23:11:01.760363
TXN_000009485,ACC_000259,MER_00037,87.96,INR,success,wallet,2026-08-12T07:07:16.760363
TXN_000009486,ACC_000400,MER_00144,159.16,INR,success,wallet,2026-06-19T18:18:28.760363
TXN_000009487,ACC_000022,MER_00134,281.45,INR,success,wallet,2026-06-23T07:20:40.760363
TXN_000009488,ACC_000794,MER_00009,408.68,INR,success,wallet,2026-07-28T08:48:09.760363
TXN_000009489,ACC_000522,MER_00170,48.04,INR,success,upi,2026-06-30T15:41:36.760363
TXN_000009490,ACC_000900,MER_00057,268.19,INR,success,upi,2026-05-27T21:32:54.760363
TXN_000009491,ACC_000755,MER_00031,503.3,INR,success,net_banking,2026-07-03T17:01:48.760363
TXN_000009492,ACC_000336,MER_00167,228.5,INR,success,upi,2026-08-07T12:53:28.760363
TXN_000009493,ACC_000705,MER_00079,38.59,INR,success,wallet,2026-07-18T03:52:15.760363
TXN_000009494,ACC_000723,MER_00154,87.74,INR,success,net_banking,2026-06-11T17:30:37.760363
TXN_000009495,ACC_000172,MER_00094,439.69,INR,success,net_banking,2026-07-11T01:42:04.760363
TXN_000009496,ACC_000125,MER_00103,125.19,INR,success,net_banking,2026-06-30T09:39:02.760363
TXN_000009497,ACC_000623,MER_00150,55.83,INR,success,card,2026-07-29T02:53:56.760363
TXN_000009498,ACC_000869,MER_00124,183.82,INR,success,wallet,2026-06-25T01:36:37.760363
TXN_000009499,ACC_000589,MER_00165,489.54,INR,success,wallet,2026-06-22T20:04:53.760363
TXN_000009500,ACC_000742,MER_00011,516.7,INR,success,wallet,2026-07-26T21:04:07.760363
TXN_000009501,ACC_000724,MER_00102,198.93,INR,success,net_banking,2026-06-22T00:55:02.760363
TXN_000009502,ACC_000917,MER_00076,537.56,INR,success,wallet,2026-07-27T11:06:13.760363
TXN_000009503,ACC_000936,MER_00059,86.58,INR,success,wallet,2026-06-10T07:43:17.760363
TXN_000009504,ACC_000520,MER_00190,134.65,INR,success,net_banking,2026-07-23T04:49:47.760363
TXN_000009505,ACC_000078,MER_00188,35.47,INR,success,net_banking,2026-08-17T06:23:39.760363
TXN_000009506,ACC_000064,MER_00036,103.93,INR,success,upi,2026-08-18T01:27:39.760363
TXN_000009507,ACC_000983,MER_00182,2800.92,INR,success,card,2026-07-04T22:48:59.760363
TXN_000009508,ACC_000343,MER_00167,434.14,INR,success,card,2026-07-14T09:42:56.760363
TXN_000009509,ACC_000231,MER_00036,719.04,INR,success,net_banking,2026-07-12T15:46:33.760363
TXN_000009510,ACC_000144,MER_00133,339.38,INR,success,upi,2026-07-02T01:07:57.760363
TXN_000009511,ACC_000933,MER_00143,295.62,INR,success,upi,2026-06-20T13:06:00.760363
TXN_000009512,ACC_000861,MER_00066,87.77,INR,success,upi,2026-08-08T15:02:08.760363
TXN_000009513,ACC_000719,MER_00110,194.61,INR,success,upi,2026-07-05T22:44:28.760363
TXN_000009514,ACC_000817,MER_00003,199.79,INR,success,net_banking,2026-07-29T04:51:04.760363
TXN_000009515,ACC_000688,MER_00004,489.51,INR,success,wallet,2026-06-25T18:42:02.760363
TXN_000009516,ACC_000381,MER_00095,403.08,INR,success,upi,2026-06-06T13:12:01.760363
TXN_000009517,ACC_000241,MER_00108,1238.84,INR,failed,net_banking,2026-06-07T17:24:49.760363
TXN_000009518,ACC_000514,MER_00008,414.85,INR,success,net_banking,2026-06-11T14:58:14.760363
TXN_000009519,ACC_000422,MER_00075,54.89,INR,success,upi,2026-05-26T18:56:08.760363
TXN_000009520,ACC_000304,MER_00041,368.09,INR,success,card,2026-08-11T03:28:00.760363
TXN_000009521,ACC_000410,MER_00091,75.99,INR,success,net_banking,2026-07-02T12:06:39.760363
TXN_000009522,ACC_000299,MER_00194,557.99,INR,success,net_banking,2026-07-08T18:04:14.760363
TXN_000009523,ACC_000486,MER_00148,408.77,INR,success,wallet,2026-08-16T13:26:49.760363
TXN_000009524,ACC_000402,MER_00068,67.72,INR,success,net_banking,2026-07-28T19:14:10.760363
TXN_000009525,ACC_000865,MER_00034,156.04,INR,success,card,2026-07-29T11:59:00.760363
TXN_000009526,ACC_000126,MER_00080,215.21,INR,success,wallet,2026-07-05T14:34:56.760363
TXN_000009527,ACC_000871,MER_00091,328.19,INR,success,net_banking,2026-08-17T00:59:10.760363
TXN_000009528,ACC_000186,MER_00010,268.84,INR,success,upi,2026-08-04T11:25:39.760363
TXN_000009529,ACC_000173,MER_00172,279.24,INR,success,wallet,2026-07-21T18:59:12.760363
TXN_000009530,ACC_000207,MER_00128,467.55,INR,success,net_banking,2026-08-08T13:01:31.760363
TXN_000009531,ACC_000178,MER_00141,55.16,INR,success,net_banking,2026-07-08T05:53:05.760363
TXN_000009532,ACC_000522,MER_00143,47.63,INR,success,card,2026-07-20T18:26:40.760363
TXN_000009533,ACC_000414,MER_00192,63.11,INR,success,wallet,2026-08-18T18:43:57.760363
TXN_000009534,ACC_000083,MER_00112,658.59,INR,success,wallet,2026-06-20T06:20:51.760363
TXN_000009535,ACC_000528,MER_00154,225.95,INR,success,wallet,2026-08-18T02:14:14.760363
TXN_000009536,ACC_000775,MER_00165,306.86,INR,success,net_banking,2026-08-20T10:53:08.760363
TXN_000009537,ACC_000028,MER_00088,183.9,INR,success,net_banking,2026-07-20T14:49:28.760363
TXN_000009538,ACC_000900,MER_00093,195.46,INR,success,wallet,2026-07-14T16:42:05.760363
TXN_000009539,ACC_000249,MER_00104,3195.86,INR,success,card,2026-07-28T11:04:50.760363
TXN_000009540,ACC_000962,MER_00089,2326.05,INR,success,wallet,2026-08-19T03:27:00.760363
TXN_000009541,ACC_000321,MER_00015,393.94,INR,success,net_banking,2026-07-17T05:42:07.760363
TXN_000009542,ACC_000498,MER_00039,27.16,INR,success,card,2026-08-14T14:54:46.760363
TXN_000009543,ACC_000069,MER_00168,239.43,INR,success,upi,2026-08-13T22:10:31.760363
TXN_000009544,ACC_000401,MER_00170,768.72,INR,success,wallet,2026-06-25T07:45:27.760363
TXN_000009545,ACC_000866,MER_00126,104.27,INR,success,card,2026-06-15T12:48:49.760363
TXN_000009546,ACC_000979,MER_00082,38.92,INR,success,net_banking,2026-07-16T05:29:23.760363
TXN_000009547,ACC_000486,MER_00162,637.32,INR,success,upi,2026-06-22T17:04:52.760363
TXN_000009548,ACC_000062,MER_00149,839.17,INR,success,card,2026-06-26T19:01:39.760363
TXN_000009549,ACC_000967,MER_00175,394.52,INR,success,net_banking,2026-07-16T05:02:52.760363
TXN_000009550,ACC_000333,MER_00041,650.6,INR,success,card,2026-07-08T00:57:41.760363
TXN_000009551,ACC_000873,MER_00059,215.5,INR,success,net_banking,2026-06-25T06:55:50.760363
TXN_000009552,ACC_000169,MER_00149,148.41,INR,success,card,2026-07-29T07:04:49.760363
TXN_000009553,ACC_000181,MER_00120,153.96,INR,success,upi,2026-08-01T23:58:49.760363
TXN_000009554,ACC_000925,MER_00157,137.39,INR,success,net_banking,2026-08-11T11:46:19.760363
TXN_000009555,ACC_000046,MER_00055,639.31,INR,success,net_banking,2026-07-27T00:08:38.760363
TXN_000009556,ACC_000324,MER_00055,266.0,INR,success,upi,2026-07-14T11:30:14.760363
TXN_000009557,ACC_000289,MER_00196,289.21,INR,success,net_banking,2026-07-28T02:42:33.760363
TXN_000009558,ACC_000283,MER_00167,804.05,INR,success,card,2026-07-09T16:28:12.760363
TXN_000009559,ACC_000127,MER_00053,103.42,INR,success,net_banking,2026-08-03T02:14:36.760363
TXN_000009560,ACC_000907,MER_00061,1634.45,INR,success,card,2026-06-26T03:02:34.760363
TXN_000009561,ACC_000932,MER_00173,69.67,INR,success,net_banking,2026-06-13T21:14:30.760363
TXN_000009562,ACC_000254,MER_00172,280.68,INR,success,upi,2026-06-20T10:27:21.760363
TXN_000009563,ACC_000937,MER_00114,111.18,INR,success,wallet,2026-07-04T10:22:37.760363
TXN_000009564,ACC_000212,MER_00082,1045.2,INR,success,net_banking,2026-08-22T19:59:22.760363
TXN_000009565,ACC_000904,MER_00073,470.63,INR,success,wallet,2026-06-22T21:11:26.760363
TXN_000009566,ACC_000686,MER_00070,210.25,INR,success,card,2026-07-01T06:43:03.760363
TXN_000009567,ACC_000706,MER_00052,999.95,INR,success,upi,2026-06-03T06:05:00.760363
TXN_000009568,ACC_000233,MER_00169,742.52,INR,success,wallet,2026-08-18T20:42:30.760363
TXN_000009569,ACC_000249,MER_00012,343.48,INR,success,net_banking,2026-08-07T17:47:11.760363
TXN_000009570,ACC_000590,MER_00198,177.98,INR,success,wallet,2026-08-09T16:12:59.760363
TXN_000009571,ACC_000347,MER_00157,259.97,INR,success,upi,2026-07-04T04:49:37.760363
TXN_000009572,ACC_000067,MER_00063,369.38,INR,success,net_banking,2026-06-22T10:10:37.760363
TXN_000009573,ACC_000306,MER_00085,324.41,INR,success,wallet,2026-07-31T20:57:16.760363
TXN_000009574,ACC_000219,MER_00037,449.54,INR,success,upi,2026-06-12T19:17:27.760363
TXN_000009575,ACC_000286,MER_00181,643.63,INR,success,wallet,2026-07-24T22:28:45.760363
TXN_000009576,ACC_000656,MER_00165,79.87,INR,success,card,2026-06-12T00:00:12.760363
TXN_000009577,ACC_000510,MER_00151,445.26,INR,success,upi,2026-07-08T19:02:47.760363
TXN_000009578,ACC_000038,MER_00093,441.21,INR,success,wallet,2026-08-05T18:32:16.760363
TXN_000009579,ACC_000471,MER_00019,352.95,INR,success,upi,2026-06-30T07:13:29.760363
TXN_000009580,ACC_000118,MER_00116,741.42,INR,success,card,2026-07-20T15:41:11.760363
TXN_000009581,ACC_000714,MER_00121,180.87,INR,success,upi,2026-06-24T09:53:36.760363
TXN_000009582,ACC_000198,MER_00192,113.13,INR,success,net_banking,2026-05-31T07:57:58.760363
TXN_000009583,ACC_000741,MER_00188,222.95,INR,success,wallet,2026-08-12T11:34:44.760363
TXN_000009584,ACC_000930,MER_00029,492.96,INR,success,net_banking,2026-07-05T21:59:04.760363
TXN_000009585,ACC_000594,MER_00150,36.19,INR,pending,card,2026-06-12T01:11:33.760363
TXN_000009586,ACC_000550,MER_00073,69.09,INR,success,net_banking,2026-07-21T05:05:06.760363
TXN_000009587,ACC_000061,MER_00024,33.87,INR,failed,upi,2026-08-22T08:32:11.760363
TXN_000009588,ACC_000323,MER_00117,161.18,INR,success,wallet,2026-07-24T12:06:48.760363
TXN_000009589,ACC_000098,MER_00127,79.59,INR,success,upi,2026-07-16T12:24:48.760363
TXN_000009590,ACC_000841,MER_00107,150.37,INR,success,wallet,2026-06-07T11:47:06.760363
TXN_000009591,ACC_000761,MER_00138,88.69,INR,success,wallet,2026-06-24T10:20:41.760363
TXN_000009592,ACC_000540,MER_00033,1234.92,INR,success,wallet,2026-08-03T08:10:08.760363
TXN_000009593,ACC_000131,MER_00189,72.91,INR,success,net_banking,2026-07-30T02:00:53.760363
TXN_000009594,ACC_000834,MER_00088,2959.66,INR,success,upi,2026-07-04T03:39:04.760363
TXN_000009595,ACC_000601,MER_00146,35.99,INR,failed,wallet,2026-06-04T11:51:51.760363
TXN_000009596,ACC_000497,MER_00044,403.4,INR,success,net_banking,2026-05-27T00:12:39.760363
TXN_000009597,ACC_000429,MER_00102,602.79,INR,success,upi,2026-05-29T16:12:44.760363
TXN_000009598,ACC_INVALID,MER_00178,28.09,INR,failed,card,2026-06-03T17:16:00.760363
TXN_000009599,ACC_000405,MER_00065,558.02,INR,success,net_banking,2026-06-01T05:32:33.760363
TXN_000009600,ACC_000061,MER_00040,36.31,INR,success,upi,2026-08-19T00:09:40.760363
TXN_000009601,ACC_000061,MER_00023,293.97,INR,success,net_banking,2026-06-15T05:08:12.760363
TXN_000009602,ACC_000462,MER_00107,477.45,INR,success,upi,2026-06-05T11:03:20.760363
TXN_000009603,ACC_000957,MER_00167,59.48,INR,success,net_banking,2026-08-07T03:15:36.760363
TXN_000009604,ACC_000729,MER_00155,30.56,INR,success,net_banking,2026-07-08T03:56:40.760363
TXN_000009605,ACC_000045,MER_00042,275.95,INR,success,card,2026-08-03T10:53:31.760363
TXN_000009606,ACC_000258,MER_00068,189.27,INR,success,wallet,2026-07-10T07:38:55.760363
TXN_000009607,ACC_000796,MER_00197,107.12,INR,success,card,2026-06-06T03:57:48.760363
TXN_000009608,ACC_000652,MER_00053,1081.94,INR,success,net_banking,2026-07-14T05:14:49.760363
TXN_000009609,ACC_000631,MER_00160,87.39,INR,success,card,2026-06-17T12:01:00.760363
TXN_000009610,ACC_000732,MER_00106,1565.57,INR,failed,upi,2026-06-20T02:15:27.760363
TXN_000009611,ACC_000673,MER_00193,169.19,INR,success,wallet,2026-05-30T17:58:17.760363
TXN_000009612,ACC_000217,MER_00071,452.57,INR,success,upi,2026-07-09T22:31:22.760363
TXN_000009613,ACC_000841,MER_00179,1555.87,INR,failed,card,2026-06-02T10:08:41.760363
TXN_000009614,ACC_000085,MER_00200,356.95,INR,success,upi,2026-06-12T13:14:08.760363
TXN_000009615,ACC_000326,MER_00197,92.78,INR,success,net_banking,2026-06-08T16:37:33.760363
TXN_000009616,ACC_000242,MER_00095,218.6,INR,success,net_banking,2026-07-05T00:10:16.760363
TXN_000009617,ACC_000627,MER_00057,340.69,INR,success,card,2026-06-30T18:50:32.760363
TXN_000009618,ACC_INVALID,MER_00134,232.72,INR,success,wallet,2026-06-09T04:14:43.760363
TXN_000009619,ACC_000610,MER_00159,142.82,INR,success,net_banking,2026-07-14T13:44:27.760363
TXN_000009620,ACC_000260,MER_00092,519.12,INR,success,net_banking,2026-07-22T20:03:12.760363
TXN_000009621,ACC_000856,MER_00053,206.44,INR,success,net_banking,2026-08-20T04:24:30.760363
TXN_000009622,ACC_000952,MER_00200,278.31,INR,success,upi,2026-07-16T02:50:34.760363
TXN_000009623,ACC_000641,MER_00091,145.27,INR,success,wallet,2026-07-28T20:05:54.760363
TXN_000009624,ACC_000546,MER_00152,360.88,INR,success,net_banking,2026-07-22T09:06:25.760363
TXN_000009625,ACC_000444,MER_00149,172.23,INR,success,card,2026-06-20T04:04:29.760363
TXN_000009626,ACC_000997,MER_00012,1348.51,INR,success,net_banking,2026-05-30T05:24:31.760363
TXN_000009627,ACC_000008,MER_00042,243.51,INR,failed,wallet,2026-07-16T21:37:20.760363
TXN_000009628,ACC_000992,MER_00169,23.89,INR,success,net_banking,2026-06-04T20:27:16.760363
TXN_000009629,ACC_000224,MER_00174,158.96,INR,success,upi,2026-07-28T00:36:45.760363
TXN_000009630,ACC_000788,MER_00153,209.53,INR,success,upi,2026-05-26T22:19:17.760363
TXN_000009631,ACC_000086,MER_00074,182.67,INR,success,card,2026-08-20T12:35:36.760363
TXN_000009632,ACC_000847,MER_00168,196.34,INR,success,wallet,2026-07-28T09:28:36.760363
TXN_000009633,ACC_000483,MER_00014,240.94,INR,success,wallet,2026-07-29T13:01:59.760363
TXN_000009634,ACC_000687,MER_00038,191.04,INR,success,card,2026-06-01T09:28:15.760363
TXN_000009635,ACC_000846,MER_00111,181.96,INR,success,card,2026-07-18T18:37:30.760363
TXN_000009636,ACC_000137,MER_00197,116.74,INR,success,net_banking,2026-06-15T23:46:34.760363
TXN_000009637,ACC_000029,MER_00079,125.05,INR,success,card,2026-07-25T16:03:07.760363
TXN_000009638,ACC_000815,MER_00089,827.06,INR,success,upi,2026-07-21T23:22:42.760363
TXN_000009639,ACC_000469,MER_00199,211.98,INR,success,wallet,2026-07-18T21:01:54.760363
TXN_000009640,ACC_000983,MER_00047,306.05,INR,success,card,2026-08-03T06:55:28.760363
TXN_000009641,ACC_000039,MER_00173,263.28,INR,success,wallet,2026-08-04T12:23:13.760363
TXN_000009642,ACC_000972,MER_00106,233.03,INR,success,upi,2026-08-04T14:58:48.760363
TXN_000009643,ACC_000828,MER_00112,1015.37,INR,success,wallet,2026-08-06T01:44:22.760363
TXN_000009644,ACC_000264,MER_00078,198.98,INR,success,net_banking,2026-06-04T20:39:28.760363
TXN_000009645,ACC_000331,MER_00045,192.62,INR,success,wallet,2026-05-31T04:07:40.760363
TXN_000009646,ACC_000498,MER_00124,153.3,INR,success,wallet,2026-07-30T18:28:11.760363
TXN_000009647,ACC_000784,MER_00138,163.28,INR,success,wallet,2026-05-30T10:12:45.760363
TXN_000009648,ACC_000805,MER_00034,395.02,INR,success,card,2026-08-21T13:13:52.760363
TXN_000009649,ACC_000487,MER_00170,194.52,INR,success,upi,2026-07-09T03:48:50.760363
TXN_000009650,ACC_000958,MER_00161,851.31,INR,success,card,2026-07-16T13:17:22.760363
TXN_000009651,ACC_000998,MER_00080,550.21,INR,success,wallet,2026-08-07T22:43:09.760363
TXN_000009652,ACC_000256,MER_00051,750.72,INR,success,card,2026-06-14T05:32:38.760363
TXN_000009653,ACC_000728,MER_00030,55.55,INR,success,card,2026-07-12T06:09:30.760363
TXN_000009654,ACC_000096,MER_00159,223.42,INR,success,upi,2026-06-11T16:50:59.760363
TXN_000009655,ACC_000425,MER_00117,388.03,INR,success,upi,2026-08-06T02:32:03.760363
TXN_000009656,ACC_000732,MER_00049,775.97,INR,success,card,2026-07-05T09:54:59.760363
TXN_000009657,ACC_000012,MER_00006,813.69,INR,success,wallet,2026-07-30T00:29:41.760363
TXN_000009658,ACC_000026,MER_00124,450.27,INR,success,upi,2026-08-09T12:53:07.760363
TXN_000009659,ACC_000290,MER_00100,156.93,INR,success,card,2026-08-12T22:29:30.760363
TXN_000009660,ACC_000820,MER_00032,170.09,INR,success,upi,2026-06-10T18:10:41.760363
TXN_000009661,ACC_000935,MER_00166,230.69,INR,success,card,2026-08-15T15:49:31.760363
TXN_000009662,ACC_000120,MER_00077,152.25,INR,success,wallet,2026-07-22T07:21:11.760363
TXN_000009663,ACC_000314,MER_00147,762.25,INR,success,upi,2026-05-28T10:07:51.760363
TXN_000009664,ACC_000084,MER_00023,345.16,INR,success,card,2026-07-20T13:56:20.760363
TXN_000009665,ACC_000429,MER_00137,241.06,INR,success,wallet,2026-07-13T04:41:46.760363
TXN_000009666,ACC_000128,MER_00184,249.64,INR,success,net_banking,2026-07-30T00:34:04.760363
TXN_000009667,ACC_000873,MER_00067,944.63,INR,success,card,2026-08-15T23:29:53.760363
TXN_000009668,ACC_000840,MER_00104,127.26,INR,success,wallet,2026-06-13T00:37:11.760363
TXN_000009669,ACC_000073,MER_00024,448.13,INR,success,wallet,2026-05-28T12:01:56.760363
TXN_000009670,ACC_000161,MER_00020,390.74,INR,success,net_banking,2026-08-02T15:30:04.760363
TXN_000009671,ACC_000790,MER_00199,181.41,INR,success,net_banking,2026-07-15T13:44:02.760363
TXN_000009672,ACC_000516,MER_00016,227.03,INR,success,card,2026-06-06T22:33:34.760363
TXN_000009673,ACC_000932,MER_00183,336.49,INR,success,upi,2026-07-11T19:01:41.760363
TXN_000009674,ACC_000860,MER_00183,1387.04,INR,success,upi,2026-08-20T06:25:49.760363
TXN_000009675,ACC_000577,MER_00060,86.91,INR,success,upi,2026-06-21T08:28:27.760363
TXN_000009676,ACC_000415,MER_00093,1841.23,INR,success,wallet,2026-05-31T08:50:00.760363
TXN_000009677,ACC_000392,MER_00043,220.27,INR,success,upi,2026-07-14T22:46:44.760363
TXN_000009678,ACC_000570,MER_00150,108.31,INR,success,card,2026-06-29T07:31:31.760363
TXN_000009679,ACC_000534,MER_00088,42.49,INR,success,upi,2026-07-11T06:13:00.760363
TXN_000009680,ACC_000070,MER_00140,183.09,INR,success,wallet,2026-06-01T21:40:05.760363
TXN_000009681,ACC_000584,MER_00039,1059.59,INR,success,upi,2026-07-07T06:21:12.760363
TXN_000009682,ACC_000450,MER_00117,127.23,INR,success,card,2026-07-24T06:12:56.760363
TXN_000009683,ACC_000017,MER_00054,294.33,INR,success,net_banking,2026-07-22T09:03:47.760363
TXN_000009684,ACC_000968,MER_00161,155.47,INR,success,upi,2026-08-11T19:29:55.760363
TXN_000009685,ACC_000591,MER_00199,1200.59,INR,success,wallet,2026-05-27T17:55:40.760363
TXN_000009686,ACC_000479,MER_00165,186.95,INR,success,upi,2026-07-04T11:04:39.760363
TXN_000009687,ACC_000185,MER_00053,531.01,INR,success,card,2026-06-06T08:53:18.760363
TXN_000009688,ACC_000438,MER_00188,-500.00,INR,success,card,2026-06-11T05:48:43.760363
TXN_000009689,ACC_000319,MER_00084,1409.14,INR,success,net_banking,2026-06-29T14:39:19.760363
TXN_000009690,ACC_000824,MER_00125,363.38,INR,success,card,2026-08-12T14:12:12.760363
TXN_000009691,ACC_000339,MER_00163,958.03,INR,success,wallet,2026-07-12T14:19:05.760363
TXN_000009692,ACC_000453,MER_00094,87.7,INR,success,upi,2026-07-19T22:03:28.760363
TXN_000009693,ACC_000136,MER_00100,790.39,INR,success,wallet,2026-08-03T08:03:36.760363
TXN_000009694,ACC_000843,MER_00067,314.91,INR,success,net_banking,2026-07-03T21:44:33.760363
TXN_000009695,ACC_000813,MER_00004,75.16,INR,success,card,2026-06-21T15:26:28.760363
TXN_000009696,ACC_000373,MER_00095,162.27,INR,success,card,2026-06-14T05:59:56.760363
TXN_000009697,ACC_000018,,111.74,INR,success,net_banking,2026-08-03T03:04:59.760363
TXN_000009698,ACC_000507,MER_00125,1187.92,INR,failed,net_banking,2026-08-07T18:08:12.760363
TXN_000009699,ACC_000237,MER_00088,229.41,INR,success,upi,2026-07-15T16:18:58.760363
TXN_000009700,ACC_000990,MER_00039,188.11,INR,success,wallet,2026-07-05T08:41:18.760363
TXN_000009701,ACC_000288,MER_00188,330.0,INR,success,card,2026-08-10T12:46:50.760363
TXN_000009702,ACC_000277,MER_00186,158.87,INR,success,card,2026-07-05T03:25:59.760363
TXN_000009703,ACC_000363,MER_00040,1637.22,INR,success,net_banking,2026-07-01T00:07:01.760363
TXN_000009704,ACC_000492,MER_00111,926.34,INR,success,upi,2026-05-29T03:50:19.760363
TXN_000009705,ACC_000840,MER_00019,50.7,INR,success,upi,2026-06-17T16:57:29.760363
TXN_000009706,ACC_000919,MER_00101,317.01,INR,success,wallet,2026-06-07T02:35:42.760363
TXN_000009707,ACC_000965,MER_00194,73.12,INR,success,wallet,2026-06-03T20:40:28.760363
TXN_000009708,ACC_000866,MER_00092,744.89,INR,failed,card,2026-07-14T19:08:10.760363
TXN_000009709,ACC_000051,MER_00121,71.23,INR,success,wallet,2026-05-30T05:41:09.760363
TXN_000009710,ACC_000842,MER_00127,1588.53,INR,success,wallet,2026-06-25T03:39:24.760363
TXN_000009711,ACC_000242,MER_00178,47.11,INR,success,net_banking,2026-07-12T13:11:54.760363
TXN_000009712,ACC_000131,MER_00102,509.3,INR,success,net_banking,2026-07-17T18:03:27.760363
TXN_000009713,ACC_000898,MER_00018,48.55,INR,success,wallet,2026-07-11T20:08:18.760363
TXN_000009714,ACC_000414,MER_00107,627.94,INR,success,upi,2026-08-06T08:14:53.760363
TXN_000009715,ACC_000518,MER_00042,161.34,INR,success,card,2026-06-30T00:38:13.760363
TXN_000009716,ACC_000350,MER_00161,41.08,INR,success,upi,2026-06-29T12:49:28.760363
TXN_000009717,ACC_000836,MER_00152,233.56,INR,success,upi,2026-06-07T17:43:24.760363
TXN_000009718,ACC_000454,MER_00071,65.57,INR,success,card,2026-07-08T10:14:04.760363
TXN_000009719,ACC_000744,MER_00183,199.06,INR,success,card,2026-05-30T04:39:05.760363
TXN_000009720,ACC_000823,MER_00044,998.62,INR,success,card,2026-07-12T06:51:29.760363
TXN_000009721,ACC_000901,MER_00191,245.79,INR,success,net_banking,2026-07-04T00:02:37.760363
TXN_000009722,ACC_000505,MER_00140,388.49,INR,success,wallet,2026-08-10T07:09:42.760363
TXN_000009723,ACC_000519,MER_00160,224.9,INR,success,card,2026-05-26T23:56:50.760363
TXN_000009724,ACC_000861,MER_00176,63.54,INR,failed,net_banking,2026-08-13T20:20:54.760363
TXN_000009725,ACC_000891,MER_00172,325.79,INR,success,card,2026-07-28T19:47:35.760363
TXN_000009726,ACC_000006,MER_00178,591.1,INR,success,net_banking,2026-08-19T18:03:52.760363
TXN_000009727,ACC_000007,MER_00027,27.32,INR,success,wallet,2026-06-22T11:02:08.760363
TXN_000009728,ACC_000404,MER_00035,517.5,INR,success,wallet,2026-06-15T07:59:58.760363
TXN_000009729,ACC_000027,MER_00060,338.54,INR,success,wallet,2026-06-13T18:41:23.760363
TXN_000009730,ACC_000380,MER_00188,133.31,INR,success,upi,2026-06-10T13:46:40.760363
TXN_000009731,ACC_000687,MER_00085,1352.11,INR,success,net_banking,2026-07-14T10:24:58.760363
TXN_000009732,ACC_000454,MER_00146,233.29,INR,success,wallet,2026-08-19T09:10:59.760363
TXN_000009733,ACC_000409,MER_00184,395.03,INR,failed,upi,2026-05-29T20:04:47.760363
TXN_000009734,ACC_000350,MER_00059,606.96,INR,failed,net_banking,2026-06-13T04:07:16.760363
TXN_000009735,ACC_000493,MER_00034,56.85,INR,success,upi,2026-08-08T18:04:25.760363
TXN_000009736,ACC_000347,MER_00069,572.46,INR,success,card,2026-08-07T00:58:40.760363
TXN_000009737,ACC_000848,MER_00074,162.61,INR,success,card,2026-08-03T01:13:00.760363
TXN_000009738,ACC_000043,MER_00096,265.87,INR,success,card,2026-06-06T03:01:10.760363
TXN_000009739,ACC_000022,MER_00019,69.94,INR,success,net_banking,2026-07-17T03:03:03.760363
TXN_000009740,ACC_000482,MER_00084,326.7,INR,success,upi,2026-07-19T22:24:07.760363
TXN_000009741,ACC_000105,MER_00090,82.81,INR,success,net_banking,2026-08-22T03:33:40.760363
TXN_000009742,ACC_000281,MER_00088,150.47,INR,success,card,2026-07-05T16:37:05.760363
TXN_000009743,ACC_000935,MER_00049,187.14,INR,success,net_banking,2026-06-16T09:36:49.760363
TXN_000009744,ACC_000617,MER_00024,112.99,INR,success,card,2026-06-17T15:12:38.760363
TXN_000009745,ACC_000593,MER_00045,1144.09,INR,success,wallet,2026-05-26T23:13:59.760363
TXN_000009746,ACC_000891,MER_00002,249.66,INR,success,upi,2026-08-14T07:04:11.760363
TXN_000009747,ACC_000422,MER_00101,144.48,INR,success,card,2026-07-19T08:17:07.760363
TXN_000009748,ACC_000254,MER_00181,290.8,INR,success,upi,2026-07-20T22:39:43.760363
TXN_000009749,ACC_000844,MER_00003,1211.4,INR,success,card,2026-07-09T06:03:41.760363
TXN_000009750,ACC_000999,MER_00111,56.73,INR,failed,net_banking,2026-07-27T10:43:57.760363
TXN_000009751,ACC_000880,MER_00118,143.15,INR,success,net_banking,2026-06-17T03:34:58.760363
TXN_000009752,ACC_000986,MER_00068,125.44,INR,success,card,2026-07-05T23:07:41.760363
TXN_000009753,ACC_000361,MER_00014,163.51,INR,success,card,2026-08-12T14:39:44.760363
TXN_000009754,ACC_000669,MER_00167,1522.85,INR,success,net_banking,2026-07-12T14:35:09.760363
TXN_000009755,ACC_000634,MER_00177,316.01,INR,success,net_banking,2026-07-11T13:20:44.760363
TXN_000009756,ACC_000654,MER_00189,4076.19,INR,success,card,2026-07-03T12:41:18.760363
TXN_000009757,ACC_000035,MER_00015,559.09,INR,success,upi,2026-07-26T03:20:02.760363
TXN_000009758,ACC_000420,MER_00144,382.84,INR,success,wallet,2026-06-19T06:38:38.760363
TXN_000009759,ACC_000800,MER_00028,117.59,INR,success,card,2026-06-07T05:13:42.760363
TXN_000009760,ACC_000263,MER_00174,883.94,INR,success,upi,2026-06-12T05:10:49.760363
TXN_000009761,ACC_000011,MER_00163,42.53,INR,success,wallet,2026-05-28T11:41:32.760363
TXN_000009762,ACC_000085,MER_00199,157.62,INR,success,net_banking,2026-06-02T11:58:21.760363
TXN_000009763,ACC_000242,MER_00018,442.64,INR,success,upi,2026-08-03T02:17:42.760363
TXN_000009764,ACC_000692,MER_00169,668.08,INR,success,upi,2026-06-29T04:09:12.760363
TXN_000009765,ACC_000047,MER_00169,70.69,INR,success,card,2026-07-16T20:01:29.760363
TXN_000009766,ACC_000861,MER_00161,246.64,INR,failed,net_banking,2026-08-18T13:11:40.760363
TXN_000009767,ACC_000507,MER_00059,98.14,INR,success,net_banking,2026-08-20T19:27:17.760363
TXN_000009768,ACC_000609,MER_00013,56.44,INR,success,upi,2026-06-09T19:40:08.760363
TXN_000009769,ACC_000534,MER_00133,12.89,INR,success,wallet,2026-07-15T11:38:53.760363
TXN_000009770,ACC_000019,MER_00044,171.88,INR,success,card,2026-05-27T07:07:47.760363
TXN_000009771,ACC_000522,MER_00156,556.23,INR,failed,net_banking,2026-07-17T12:45:10.760363
TXN_000009772,ACC_000203,MER_00109,235.17,INR,success,card,2026-06-28T00:27:11.760363
TXN_000009773,ACC_000242,MER_00072,189.65,INR,success,wallet,2026-08-22T03:41:50.760363
TXN_000009774,ACC_000825,MER_00073,1002.3,INR,success,upi,2026-06-23T13:14:14.760363
TXN_000009775,ACC_000314,MER_00052,1202.41,INR,success,wallet,2026-07-20T19:01:50.760363
TXN_000009776,ACC_000885,MER_00194,573.54,INR,success,upi,2026-07-30T22:56:15.760363
TXN_000009777,ACC_000620,MER_00056,155.45,INR,success,card,2026-07-03T22:02:11.760363
TXN_000009778,ACC_000011,MER_00033,90.34,INR,success,upi,2026-07-03T19:14:46.760363
TXN_000009779,ACC_000408,MER_00189,363.93,INR,success,wallet,2026-08-21T10:09:03.760363
TXN_000009780,ACC_000485,MER_00048,345.08,INR,success,net_banking,2026-08-10T06:58:20.760363
TXN_000009781,ACC_000547,MER_00114,526.72,INR,success,net_banking,2026-06-11T11:11:26.760363
TXN_000009782,ACC_000796,MER_00102,344.0,INR,success,wallet,2026-08-14T03:58:55.760363
TXN_000009783,ACC_000289,MER_00138,230.76,INR,success,net_banking,2026-07-14T13:51:31.760363
TXN_000009784,ACC_000337,MER_00169,632.81,INR,success,card,2026-07-18T10:49:21.760363
TXN_000009785,ACC_000967,MER_00129,629.05,INR,success,wallet,2026-07-01T13:13:37.760363
TXN_000009786,ACC_000814,MER_00029,266.8,INR,success,net_banking,2026-07-17T05:39:47.760363
TXN_000009787,ACC_000689,MER_00138,77.23,INR,success,upi,2026-07-22T22:50:04.760363
TXN_000009788,ACC_000738,MER_00010,242.18,INR,failed,net_banking,2026-08-20T01:42:58.760363
TXN_000009789,ACC_000193,MER_00023,1016.37,INR,success,net_banking,2026-07-03T07:17:20.760363
TXN_000009790,ACC_000168,MER_00066,369.27,INR,success,net_banking,2026-06-29T04:34:49.760363
TXN_000009791,ACC_000465,MER_00036,223.82,INR,failed,wallet,2026-08-20T12:40:39.760363
TXN_000009792,ACC_000390,MER_00072,104.63,INR,success,upi,2026-06-14T22:10:35.760363
TXN_000009793,ACC_000883,MER_00124,42.59,INR,success,upi,2026-07-10T17:26:23.760363
TXN_000009794,ACC_000540,MER_00109,349.55,INR,success,card,2026-07-05T17:41:45.760363
TXN_000009795,ACC_000427,MER_00039,325.14,INR,success,net_banking,2026-08-10T15:47:57.760363
TXN_000009796,ACC_000701,MER_00179,836.73,INR,success,upi,2026-07-07T13:11:04.760363
TXN_000009797,ACC_000932,MER_00109,87.04,INR,success,wallet,2026-07-29T09:35:38.760363
TXN_000009798,ACC_000936,MER_00173,90.79,INR,success,upi,2026-06-01T00:50:19.760363
TXN_000009799,ACC_000198,MER_00031,208.18,INR,success,net_banking,2026-08-23T08:57:09.760363
TXN_000009800,ACC_000492,MER_00149,50.41,INR,success,wallet,2026-07-21T11:43:22.760363
TXN_000009801,ACC_000666,MER_00046,472.92,INR,success,card,2026-07-19T05:01:51.760363
TXN_000009802,ACC_000125,MER_00107,1193.34,INR,success,card,2026-06-17T00:55:15.760363
TXN_000009803,ACC_000888,MER_00193,780.85,INR,success,net_banking,2026-07-23T14:31:30.760363
TXN_000009804,ACC_000814,MER_00062,524.37,INR,success,upi,2026-08-21T16:28:45.760363
TXN_000009805,ACC_000623,MER_00138,201.42,INR,success,wallet,2026-07-17T09:03:41.760363
TXN_000009806,ACC_000840,MER_00095,766.13,INR,success,net_banking,2026-05-26T20:39:09.760363
TXN_000009807,ACC_000904,MER_00185,320.61,INR,success,wallet,2026-06-09T04:33:14.760363
TXN_000009808,ACC_000983,MER_00020,154.6,INR,success,upi,2026-06-17T09:39:02.760363
TXN_000009809,ACC_000527,MER_00133,151.02,INR,success,net_banking,2026-06-05T22:55:32.760363
TXN_000009810,ACC_000728,MER_00069,2779.93,INR,success,upi,2026-08-20T20:48:56.760363
TXN_000009811,ACC_000221,MER_00062,77.07,INR,success,net_banking,2026-07-04T09:16:00.760363
TXN_000009812,ACC_000050,MER_00138,239.81,INR,success,net_banking,2026-06-19T16:24:44.760363
TXN_000009813,ACC_000931,MER_00093,499.42,INR,success,wallet,2026-07-19T18:07:58.760363
TXN_000009814,ACC_000377,MER_00134,143.96,INR,success,card,2026-07-24T00:35:09.760363
TXN_000009815,ACC_000443,MER_00102,102.39,INR,success,card,2026-08-13T16:20:36.760363
TXN_000009816,ACC_000307,MER_00167,502.9,INR,success,net_banking,2026-06-08T14:45:21.760363
TXN_000009817,ACC_000204,MER_00002,450.06,INR,success,net_banking,2026-06-24T11:18:10.760363
TXN_000009818,ACC_000248,MER_00136,114.24,INR,success,upi,2026-07-26T14:56:04.760363
TXN_000009819,ACC_000030,MER_00161,129.79,INR,success,net_banking,2026-07-10T11:56:04.760363
TXN_000009820,ACC_000202,MER_00102,111.98,INR,success,card,2026-06-21T13:21:05.760363
TXN_000009821,ACC_000157,MER_00155,168.05,INR,success,card,2026-06-30T05:47:42.760363
TXN_000009822,ACC_000473,MER_00094,51.27,INR,success,wallet,2026-07-11T16:41:12.760363
TXN_000009823,ACC_000519,MER_00130,317.92,INR,success,wallet,2026-06-15T02:15:35.760363
TXN_000009824,ACC_000710,MER_00091,482.32,INR,success,upi,2026-07-27T07:58:24.760363
TXN_000009825,ACC_000225,MER_00004,117.85,INR,success,card,2026-07-02T01:59:19.760363
TXN_000009826,ACC_000650,MER_00022,386.88,INR,success,card,2026-06-18T06:57:36.760363
TXN_000009827,ACC_000646,MER_00048,432.04,INR,success,wallet,2026-08-05T20:59:07.760363
TXN_000009828,ACC_000726,MER_00172,589.6,INR,success,card,2026-07-23T14:47:41.760363
TXN_000009829,ACC_000826,MER_00072,689.25,INR,success,upi,2026-06-14T22:53:28.760363
TXN_000009830,ACC_000166,MER_00088,56.5,INR,success,upi,2026-07-03T22:22:22.760363
TXN_000009831,ACC_000123,MER_00181,292.32,INR,success,wallet,2026-06-22T21:27:03.760363
TXN_000009832,ACC_000184,MER_00061,1376.33,INR,success,net_banking,2026-06-29T11:38:01.760363
TXN_000009833,ACC_000248,MER_00113,130.05,INR,success,wallet,2026-07-04T11:13:07.760363
TXN_000009834,ACC_000083,MER_00105,1593.2,INR,success,net_banking,2026-08-08T22:08:10.760363
TXN_000009835,ACC_000145,MER_00191,437.05,INR,success,upi,2026-06-01T10:47:57.760363
TXN_000009836,ACC_000498,MER_00133,208.73,INR,success,net_banking,2026-06-17T11:25:16.760363
TXN_000009837,ACC_000127,MER_00167,421.78,INR,success,net_banking,2026-07-28T04:20:47.760363
TXN_000009838,ACC_000205,MER_00092,637.16,INR,success,upi,2026-06-06T00:36:05.760363
TXN_000009839,ACC_000234,MER_00039,144.89,INR,success,net_banking,2026-08-19T02:32:00.760363
TXN_000009840,ACC_000585,MER_00132,260.91,INR,success,upi,2026-08-15T08:49:18.760363
TXN_000009841,ACC_000449,MER_00118,764.69,INR,success,upi,2026-07-18T03:25:33.760363
TXN_000009842,ACC_000921,MER_00013,126.98,INR,success,net_banking,2026-05-29T00:53:11.760363
TXN_000009843,ACC_000284,MER_00148,74.59,INR,success,net_banking,2026-06-15T20:58:00.760363
TXN_000009844,ACC_000270,MER_00135,743.7,INR,success,net_banking,2026-08-11T00:28:15.760363
TXN_000009845,ACC_000353,MER_00149,344.34,INR,success,net_banking,2026-07-07T20:38:48.760363
TXN_000009846,ACC_000861,MER_00070,387.21,INR,success,net_banking,2026-07-04T19:26:26.760363
TXN_000009847,ACC_000931,MER_00162,325.21,INR,success,wallet,2026-07-03T07:55:53.760363
TXN_000009848,ACC_000647,MER_00022,68.67,INR,success,wallet,2026-06-08T01:47:37.760363
TXN_000009849,ACC_000498,MER_00162,528.66,INR,success,net_banking,2026-06-11T13:48:31.760363
TXN_000009850,ACC_000393,MER_00094,141.47,INR,success,net_banking,2026-07-01T15:37:20.760363
TXN_000009851,ACC_000288,MER_00006,70.82,INR,success,net_banking,2026-08-22T05:36:54.760363
TXN_000009852,ACC_000771,MER_00083,220.13,INR,success,wallet,2026-06-02T01:41:11.760363
TXN_000009853,ACC_000461,MER_00016,252.06,INR,pending,net_banking,2026-05-30T23:59:53.760363
TXN_000009854,ACC_000255,MER_00176,389.3,INR,success,wallet,2026-07-17T11:39:04.760363
TXN_000009855,ACC_000893,MER_00037,548.11,INR,success,wallet,2026-08-05T23:39:22.760363
TXN_000009856,ACC_000281,MER_00125,604.48,INR,success,upi,2026-07-05T04:09:43.760363
TXN_000009857,ACC_000772,MER_00195,238.35,INR,success,card,2026-08-07T23:18:43.760363
TXN_000009858,ACC_000546,MER_00140,254.03,INR,success,net_banking,2026-07-21T15:07:57.760363
TXN_000009859,ACC_000430,MER_00049,219.32,INR,success,net_banking,2026-06-04T17:43:30.760363
TXN_000009860,ACC_000992,MER_00169,211.9,INR,success,card,2026-06-06T13:50:20.760363
TXN_000009861,ACC_000352,MER_00120,1633.57,INR,success,upi,2026-07-05T11:03:29.760363
TXN_000009862,ACC_000763,MER_00128,164.39,INR,success,upi,2026-07-29T10:01:59.760363
TXN_000009863,ACC_000004,MER_00082,540.02,INR,success,wallet,2026-08-07T02:15:07.760363
TXN_000009864,ACC_000148,MER_00058,371.44,INR,success,card,2026-07-05T17:04:31.760363
TXN_000009865,ACC_000561,MER_00112,121.91,INR,success,wallet,2026-08-16T10:58:10.760363
TXN_000009866,ACC_000793,MER_00086,459.82,INR,success,net_banking,2026-07-19T10:43:28.760363
TXN_000009867,ACC_000594,MER_00172,286.13,INR,success,card,2026-08-13T04:36:02.760363
TXN_000009868,ACC_000765,MER_00100,743.57,INR,pending,upi,2026-06-14T20:57:47.760363
TXN_000009869,ACC_000984,MER_00053,4.81,INR,success,upi,2026-07-07T07:02:14.760363
TXN_000009870,ACC_000254,MER_00158,603.51,INR,success,card,2026-07-26T00:10:47.760363
TXN_000009871,ACC_000796,MER_00180,14.93,INR,success,upi,2026-07-30T05:33:57.760363
TXN_000009872,ACC_000215,MER_00079,226.48,INR,success,wallet,2026-07-11T19:37:01.760363
TXN_000009873,ACC_000129,MER_00104,347.49,INR,success,net_banking,2026-06-04T05:24:15.760363
TXN_000009874,ACC_000341,MER_00091,414.56,INR,success,card,2026-07-02T00:08:11.760363
TXN_000009875,ACC_000020,MER_00060,148.55,INR,success,card,2026-07-24T22:02:08.760363
TXN_000009876,ACC_000185,MER_00072,257.78,INR,failed,wallet,2026-06-16T13:42:51.760363
TXN_000009877,ACC_000979,MER_00172,956.94,INR,success,upi,2026-06-01T01:30:40.760363
TXN_000009878,ACC_000595,MER_00189,180.63,INR,success,net_banking,2026-06-20T08:12:57.760363
TXN_000009879,ACC_000063,MER_00161,204.24,INR,success,net_banking,2026-05-30T22:16:50.760363
TXN_000009880,ACC_000503,MER_00015,108.7,INR,success,card,2026-06-22T21:35:04.760363
TXN_000009881,ACC_000838,MER_00197,229.84,INR,success,card,2026-07-28T23:45:57.760363
TXN_000009882,ACC_000229,MER_00012,694.99,INR,failed,net_banking,2026-08-06T21:41:08.760363
TXN_000009883,ACC_000473,MER_00096,138.63,INR,success,card,2026-08-12T14:17:17.760363
TXN_000009884,ACC_000058,MER_00147,235.23,INR,success,upi,2026-07-07T08:16:34.760363
TXN_000009885,ACC_000453,MER_00107,258.6,INR,success,upi,2026-07-28T04:33:10.760363
TXN_000009886,ACC_000322,MER_00164,211.84,INR,success,card,2026-07-30T04:04:25.760363
TXN_000009887,ACC_000078,MER_00042,147.5,INR,success,wallet,2026-08-16T01:01:51.760363
TXN_000009888,ACC_000502,MER_00061,142.88,INR,success,upi,2026-07-10T09:11:34.760363
TXN_000009889,ACC_000241,MER_00158,319.82,INR,success,net_banking,2026-06-29T10:28:03.760363
TXN_000009890,ACC_000542,MER_00052,43.81,INR,success,wallet,2026-06-20T21:43:15.760363
TXN_000009891,ACC_000906,MER_00126,809.62,INR,success,net_banking,2026-06-12T16:07:29.760363
TXN_000009892,ACC_000884,MER_00023,478.13,INR,success,card,2026-06-14T21:37:59.760363
TXN_000009893,ACC_000016,MER_00022,196.27,INR,success,wallet,2026-06-12T01:00:55.760363
TXN_000009894,ACC_000276,MER_00096,287.45,INR,success,wallet,2026-08-07T10:33:55.760363
TXN_000009895,ACC_000766,MER_00059,315.05,INR,pending,upi,2026-08-13T18:55:54.760363
TXN_000009896,ACC_000128,MER_00174,951.25,INR,success,upi,2026-06-12T13:30:59.760363
TXN_000009897,ACC_000111,MER_00008,446.56,INR,success,wallet,2026-08-07T14:23:31.760363
TXN_000009898,ACC_000190,MER_00174,281.52,INR,success,upi,2026-06-02T03:16:39.760363
TXN_000009899,ACC_000040,MER_00145,11.85,INR,success,upi,2026-08-08T19:03:43.760363
TXN_000009900,ACC_000078,MER_00074,45.57,INR,success,wallet,2026-06-28T03:50:05.760363
TXN_000009901,ACC_000713,MER_00002,318.58,INR,success,wallet,2026-06-26T12:45:27.760363
TXN_000009902,ACC_000698,MER_00058,233.82,INR,success,card,2026-08-10T14:02:46.760363
TXN_000009903,ACC_000302,MER_00011,134.14,INR,success,upi,2026-07-09T23:33:06.760363
TXN_000009904,ACC_000764,MER_00098,317.38,INR,success,upi,2026-07-12T22:55:43.760363
TXN_000009905,ACC_000852,MER_00147,128.8,INR,success,card,2026-07-06T01:28:37.760363
TXN_000009906,ACC_000807,MER_00155,55.13,INR,success,wallet,2026-06-27T16:21:19.760363
TXN_000009907,ACC_000466,MER_00033,438.34,INR,success,net_banking,2026-06-23T02:44:36.760363
TXN_000009908,ACC_000606,MER_00049,114.57,INR,success,card,2026-07-23T01:09:47.760363
TXN_000009909,ACC_000008,MER_00141,205.06,INR,success,net_banking,2026-07-21T01:48:05.760363
TXN_000009910,ACC_000601,MER_00176,367.73,INR,success,net_banking,2026-06-28T03:35:52.760363
TXN_000009911,ACC_000953,MER_00122,54.26,INR,success,card,2026-06-27T12:14:09.760363
TXN_000009912,ACC_000879,MER_00146,495.54,INR,success,card,2026-06-07T17:57:58.760363
TXN_000009913,ACC_000596,MER_00127,461.57,INR,success,net_banking,2026-06-17T20:36:12.760363
TXN_000009914,ACC_000656,MER_00166,934.01,INR,success,card,2026-07-27T10:30:56.760363
TXN_000009915,ACC_000871,MER_00007,68.43,INR,success,upi,2026-08-07T01:51:05.760363
TXN_000009916,ACC_000472,MER_00039,296.46,INR,success,card,2026-08-08T16:22:39.760363
TXN_000009917,ACC_000601,MER_00038,730.7,INR,success,wallet,2026-06-24T03:18:07.760363
TXN_000009918,ACC_000762,MER_00194,162.3,INR,success,upi,2026-07-27T11:13:59.760363
TXN_000009919,ACC_000037,MER_00088,93.7,INR,success,card,2026-07-02T22:00:27.760363
TXN_000009920,ACC_000743,MER_00136,202.22,INR,success,wallet,2026-08-22T10:08:52.760363
TXN_000009921,ACC_000363,MER_00143,121.84,INR,failed,card,2026-07-31T20:58:53.760363
TXN_000009922,ACC_000947,MER_00055,103.21,INR,success,upi,2026-07-28T00:42:42.760363
TXN_000009923,ACC_000409,MER_00003,463.26,INR,success,net_banking,2026-07-03T14:05:25.760363
TXN_000009924,ACC_000629,MER_00105,164.6,INR,success,wallet,2026-07-28T00:36:41.760363
TXN_000009925,ACC_000076,MER_00136,58.41,INR,success,net_banking,2026-06-11T13:06:03.760363
TXN_000009926,ACC_000823,MER_00016,740.49,INR,success,net_banking,2026-06-19T15:29:30.760363
TXN_000009927,ACC_000760,MER_00113,103.42,INR,success,upi,2026-06-20T06:36:32.760363
TXN_000009928,ACC_000202,MER_00066,592.7,INR,success,upi,2026-06-04T13:03:29.760363
TXN_000009929,ACC_000383,MER_00070,2302.43,INR,success,upi,2026-06-13T15:24:26.760363
TXN_000009930,ACC_000195,MER_00040,84.07,INR,success,upi,2026-08-02T07:34:34.760363
TXN_000009931,ACC_000102,MER_00024,234.61,INR,success,wallet,2026-06-27T10:40:23.760363
TXN_000009932,ACC_000968,MER_00152,169.72,INR,success,wallet,2026-07-19T00:42:45.760363
TXN_000009933,ACC_000078,MER_00054,222.28,INR,success,card,2026-07-04T23:51:47.760363
TXN_000009934,ACC_000064,MER_00069,1362.08,INR,success,net_banking,2026-08-11T15:22:01.760363
TXN_000009935,ACC_000400,MER_00027,422.3,INR,success,card,2026-06-01T03:22:20.760363
TXN_000009936,ACC_000093,MER_00016,800.66,INR,success,net_banking,2026-06-24T17:36:12.760363
TXN_000009937,ACC_000885,MER_00124,88.14,INR,success,card,2026-08-21T23:18:02.760363
TXN_000009938,ACC_000574,MER_00021,4284.99,INR,success,upi,2026-08-18T21:14:49.760363
TXN_000009939,ACC_000085,MER_00120,114.88,INR,success,card,2026-05-30T08:20:55.760363
TXN_000009940,ACC_000476,MER_00076,199.4,INR,success,wallet,2026-05-29T14:17:40.760363
TXN_000009941,ACC_000170,MER_00039,75.11,INR,failed,upi,2026-07-22T17:11:42.760363
TXN_000009942,ACC_000327,MER_00103,1483.42,INR,success,wallet,2026-08-18T08:26:17.760363
TXN_000009943,ACC_000499,MER_00006,56.61,INR,success,wallet,2026-06-22T04:29:36.760363
TXN_000009944,ACC_000707,MER_00015,376.18,INR,success,wallet,2026-07-12T00:45:43.760363
TXN_000009945,ACC_000796,MER_00161,183.8,INR,success,card,2026-06-05T12:14:24.760363
TXN_000009946,ACC_000328,MER_00104,124.87,INR,success,wallet,2026-07-12T18:35:04.760363
TXN_000009947,ACC_000987,MER_00150,860.01,INR,failed,wallet,2026-07-17T07:28:16.760363
TXN_000009948,ACC_000389,MER_00075,85.68,INR,success,upi,2026-08-12T06:50:55.760363
TXN_000009949,ACC_000412,MER_00165,213.03,INR,success,card,2026-06-11T17:13:30.760363
TXN_000009950,ACC_000257,MER_00111,20.45,INR,success,upi,2026-07-01T06:11:19.760363
TXN_000009951,ACC_000150,MER_00021,391.77,INR,success,wallet,2026-06-17T21:43:55.760363
TXN_000009952,ACC_000773,MER_00078,52.63,INR,success,card,2026-07-19T18:08:36.760363
TXN_000009953,ACC_000956,MER_00082,2084.89,INR,success,upi,2026-07-25T23:29:04.760363
TXN_000009954,ACC_000756,MER_00086,682.04,INR,success,wallet,2026-08-07T22:28:00.760363
TXN_000009955,ACC_000660,MER_00047,859.55,INR,success,net_banking,2026-08-05T20:30:18.760363
TXN_000009956,ACC_000832,MER_00048,63.4,INR,success,card,2026-08-17T11:53:17.760363
TXN_000009957,ACC_000313,MER_00062,58.77,INR,success,card,2026-08-20T16:34:52.760363
TXN_000009958,ACC_000645,MER_00048,258.67,INR,success,upi,2026-08-07T07:33:16.760363
TXN_000009959,ACC_000016,MER_00172,240.93,INR,success,wallet,2026-07-29T09:18:26.760363
TXN_000009960,ACC_000866,MER_00163,632.87,INR,success,net_banking,2026-06-07T20:04:00.760363
TXN_000009961,ACC_000614,MER_00133,101.64,INR,success,upi,2026-07-22T14:59:10.760363
TXN_000009962,ACC_000409,MER_00092,1009.67,INR,success,upi,2026-07-25T00:50:37.760363
TXN_000009963,ACC_000127,MER_00020,501.67,INR,success,wallet,2026-06-17T22:04:58.760363
TXN_000009964,ACC_000980,MER_00116,226.44,INR,success,card,2026-06-06T00:37:10.760363
TXN_000009965,ACC_000904,MER_00152,1827.44,INR,success,card,2026-06-27T04:21:24.760363
TXN_000009966,ACC_000949,MER_00024,131.2,INR,success,net_banking,2026-05-28T08:15:30.760363
TXN_000009967,ACC_000494,MER_00177,571.02,INR,success,net_banking,2026-07-29T06:16:24.760363
TXN_000009968,ACC_000197,MER_00080,70.58,INR,success,wallet,2026-07-10T09:29:07.760363
TXN_000009969,ACC_000219,MER_00135,180.96,INR,success,card,2026-06-19T21:02:29.760363
TXN_000009970,ACC_000869,MER_00101,307.39,INR,failed,net_banking,2026-07-23T08:28:09.760363
TXN_000009971,ACC_000241,MER_00113,44.48,INR,success,upi,2026-08-22T21:39:22.760363
TXN_000009972,ACC_000564,MER_00189,52.79,INR,success,upi,2026-08-15T14:52:21.760363
TXN_000009973,ACC_000968,MER_00117,44.06,INR,success,wallet,2026-06-25T11:30:47.760363
TXN_000009974,ACC_000114,MER_00173,335.16,INR,success,upi,2026-06-15T18:27:06.760363
TXN_000009975,ACC_000867,MER_00010,266.72,INR,success,upi,2026-07-04T08:56:07.760363
TXN_000009976,ACC_000561,MER_00161,199.81,INR,success,net_banking,2026-08-07T09:29:36.760363
TXN_000009977,ACC_000800,MER_00124,594.62,INR,success,card,2026-06-06T11:36:46.760363
TXN_000009978,ACC_000657,MER_00001,94.79,INR,success,net_banking,2026-06-30T06:21:35.760363
TXN_000009979,ACC_000747,MER_00185,344.32,INR,success,card,2026-07-17T17:39:08.760363
TXN_000009980,ACC_000463,MER_00093,112.0,INR,success,wallet,2026-08-01T23:28:31.760363
TXN_000009981,ACC_000014,MER_00087,161.36,INR,success,wallet,2026-08-21T21:19:29.760363
TXN_000009982,ACC_000688,MER_00160,191.92,INR,failed,upi,2026-07-11T15:10:04.760363
TXN_000009983,ACC_000447,MER_00152,188.17,INR,success,wallet,2026-06-15T08:34:32.760363
TXN_000009984,ACC_000755,MER_00036,108.92,INR,success,wallet,2026-07-09T19:58:40.760363
TXN_000009985,ACC_000081,MER_00154,137.2,INR,success,net_banking,2026-07-03T11:20:24.760363
TXN_000009986,ACC_000257,MER_00104,114.87,INR,success,card,2026-08-22T18:16:16.760363
TXN_000009987,ACC_000314,MER_00146,853.54,INR,success,upi,2026-06-19T00:47:47.760363
TXN_000009988,ACC_000732,MER_00020,141.62,INR,success,card,2026-08-02T20:50:43.760363
TXN_000009989,ACC_000023,MER_00096,30.02,INR,success,wallet,2026-07-16T10:10:41.760363
TXN_000009990,ACC_000014,MER_00168,113.31,INR,success,card,2026-08-21T20:38:12.760363
TXN_000009991,ACC_000533,MER_00098,-500.00,INR,success,card,2026-08-08T19:31:05.760363
TXN_000009992,ACC_000209,MER_00167,59.73,INR,failed,upi,2026-08-11T10:44:03.760363
TXN_000009993,ACC_000202,MER_00009,613.82,INR,success,upi,2026-07-02T02:32:50.760363
TXN_000009994,ACC_000291,MER_00164,952.4,INR,success,wallet,2026-08-11T04:25:25.760363
TXN_000009995,ACC_000440,MER_00084,779.42,INR,success,upi,2026-07-24T02:55:57.760363
TXN_000009996,ACC_000121,MER_00021,68.84,INR,failed,card,2026-08-01T08:55:01.760363
TXN_000009997,ACC_000316,MER_00034,483.18,INR,success,wallet,2026-08-10T22:41:01.760363
TXN_000009998,ACC_000670,MER_00046,71.07,INR,success,card,2026-06-25T01:43:38.760363
TXN_000009999,ACC_000623,MER_00102,329.89,INR,success,wallet,2026-08-01T17:09:36.760363
TXN_000010000,ACC_000382,MER_00146,341.9,INR,success,upi,2026-06-29T14:47:25.760363
TXN_000005747,ACC_000989,MER_00130,398.37,INR,pending,net_banking,2026-07-28T20:00:53.760363
TXN_000009443,ACC_000320,MER_00128,185.44,INR,success,card,2026-06-13T00:25:38.760363
TXN_000000579,ACC_000515,MER_00003,115.0,INR,success,card,2026-08-15T07:32:41.760363
TXN_000001893,ACC_000946,MER_00129,354.64,INR,success,net_banking,2026-08-10T05:56:32.760363
TXN_000006423,ACC_000286,MER_00039,753.35,INR,success,upi,2026-07-16T10:07:12.760363
TXN_000008433,ACC_000496,MER_00084,304.47,INR,success,card,2026-06-28T23:05:25.760363
TXN_000006879,ACC_000121,MER_00097,339.49,INR,success,net_banking,2026-08-04T20:53:48.760363
TXN_000002043,ACC_000402,MER_00042,1589.27,INR,success,net_banking,2026-07-08T19:02:40.760363
TXN_000004086,ACC_000706,MER_00074,136.24,INR,success,upi,2026-08-13T12:01:04.760363
TXN_000004308,ACC_000454,MER_00144,242.11,INR,success,wallet,2026-07-24T14:07:33.760363
TXN_000006564,ACC_000768,MER_00019,822.21,INR,success,card,2026-07-22T13:32:15.760363
TXN_000009032,ACC_000671,MER_00177,327.79,INR,success,card,2026-07-21T10:37:13.760363
TXN_000008658,ACC_000277,MER_00163,102.31,INR,pending,card,2026-06-25T00:00:31.760363
TXN_000001596,ACC_000386,MER_00114,27.5,INR,success,net_banking,2026-08-23T10:35:57.760363
TXN_000003354,ACC_000597,MER_00039,1436.72,INR,success,net_banking,2026-06-12T13:55:40.760363
TXN_000005616,ACC_000554,MER_00012,227.46,INR,success,upi,2026-07-29T16:05:17.760363
TXN_000000093,ACC_000091,MER_00041,585.94,INR,success,upi,2026-07-21T02:04:36.760363
TXN_000009046,ACC_000861,MER_00166,466.87,INR,success,card,2026-07-30T08:19:58.760363
TXN_000005809,ACC_000407,MER_00011,119.62,INR,success,wallet,2026-06-27T07:15:31.760363
TXN_000008585,ACC_000888,MER_00169,121.01,INR,success,upi,2026-06-13T17:08:11.760363
TXN_000000883,ACC_000003,MER_00172,65.73,INR,success,wallet,2026-07-26T10:23:45.760363
TXN_000004274,ACC_000118,MER_00173,1550.31,INR,success,net_banking,2026-06-27T22:31:36.760363
TXN_000007881,ACC_000968,MER_00198,777.71,INR,success,upi,2026-08-16T04:29:19.760363
TXN_000007635,ACC_000555,MER_00197,366.66,INR,success,wallet,2026-07-02T04:08:42.760363
TXN_000005186,ACC_000604,MER_00028,251.61,INR,success,card,2026-08-09T06:28:40.760363
TXN_000009763,ACC_000242,MER_00018,442.64,INR,success,upi,2026-08-03T02:17:42.760363
TXN_000006083,ACC_000216,MER_00100,1530.55,INR,success,wallet,2026-07-22T13:55:57.760363
TXN_000002978,ACC_000228,MER_00163,163.54,INR,success,upi,2026-08-02T22:43:35.760363
TXN_000005125,ACC_000666,MER_00076,367.64,INR,success,net_banking,2026-05-31T14:03:20.760363
TXN_000007323,ACC_000854,MER_00136,543.27,INR,failed,upi,2026-07-17T21:54:51.760363
TXN_000006514,ACC_000480,MER_00092,187.19,INR,success,upi,2026-06-28T13:11:06.760363
TXN_000005369,ACC_000002,MER_00010,52.54,INR,success,wallet,2026-08-17T20:51:18.760363
TXN_000002972,ACC_000260,MER_00167,288.15,INR,success,wallet,2026-08-10T03:51:01.760363
TXN_000001165,ACC_000987,MER_00010,1250.66,INR,success,wallet,2026-05-27T06:41:36.760363
TXN_000004201,ACC_000510,MER_00095,246.86,INR,success,card,2026-05-31T14:21:42.760363
TXN_000006220,ACC_000195,MER_00158,336.11,INR,success,card,2026-06-24T21:39:42.760363
TXN_000003151,ACC_000646,MER_00023,760.83,INR,success,net_banking,2026-07-10T05:17:11.760363
TXN_000001261,ACC_000957,MER_00108,232.59,INR,success,card,2026-07-10T06:33:27.760363
TXN_000004356,ACC_000095,MER_00068,435.41,INR,success,wallet,2026-06-20T03:44:42.760363
TXN_000005152,ACC_000378,MER_00065,1017.86,INR,pending,card,2026-06-28T16:39:14.760363
TXN_000002546,ACC_000082,MER_00170,221.95,INR,success,wallet,2026-07-08T11:45:35.760363
TXN_000004099,ACC_000920,MER_00053,263.27,INR,success,wallet,2026-08-06T15:37:15.760363
TXN_000007912,ACC_000703,MER_00177,291.73,INR,success,upi,2026-06-23T16:06:03.760363
TXN_000001521,ACC_000961,MER_00076,417.14,INR,failed,wallet,2026-08-12T08:49:06.760363
TXN_000007488,ACC_000922,MER_00171,126.25,INR,success,wallet,2026-08-18T00:01:03.760363
TXN_000006491,ACC_000625,MER_00124,378.34,INR,success,upi,2026-08-08T17:10:46.760363
TXN_000006620,ACC_000726,MER_00058,470.79,INR,success,card,2026-07-23T13:01:50.760363
TXN_000006598,ACC_000723,MER_00029,301.93,INR,pending,upi,2026-07-24T07:20:44.760363
TXN_000006530,ACC_000124,MER_00013,454.49,INR,success,wallet,2026-07-16T23:53:38.760363
TXN_000000352,ACC_000266,MER_00167,1027.47,INR,success,net_banking,2026-08-07T10:47:56.760363
TXN_000010001,ACC_000274,MER_00193,4984.78,INR,success,card,2026-08-24T19:12:23.963250
TXN_000010002,ACC_000392,MER_00085,4120.7,INR,success,upi,2026-08-24T19:12:23.963277
TXN_000010003,ACC_000892,MER_00055,2726.57,INR,success,card,2026-08-24T19:12:23.963284
TXN_000010004,ACC_000949,MER_00043,3465.49,INR,failed,upi,2026-08-24T19:12:23.963288
TXN_000010005,ACC_000109,MER_00198,4173.96,INR,failed,net_banking,2026-08-24T19:12:23.963293
TXN_000010006,ACC_000861,MER_00111,3567.16,INR,success,wallet,2026-08-24T19:12:23.963297
TXN_000010007,ACC_000582,MER_00051,195.29,INR,success,net_banking,2026-08-24T19:12:23.963301
TXN_000010008,ACC_000141,MER_00058,3542.01,INR,success,net_banking,2026-08-24T19:12:23.963304
TXN_000010009,ACC_000196,MER_00133,4410.2,INR,success,net_banking,2026-08-24T19:12:23.963307
TXN_000010010,ACC_000765,MER_00103,3537.82,INR,success,upi,2026-08-24T19:12:23.963311
TXN_000010011,ACC_000864,MER_00173,230.95,INR,success,card,2026-08-24T19:12:23.963315
TXN_000010012,ACC_000862,MER_00090,3632.42,INR,success,wallet,2026-08-24T19:12:23.963318
TXN_000010013,ACC_000345,MER_00102,898.43,INR,success,upi,2026-08-24T19:12:23.963322
TXN_000010014,ACC_000569,MER_00178,3141.81,INR,success,upi,2026-08-24T19:12:23.963327
TXN_000010015,ACC_000322,MER_00088,1395.39,INR,success,upi,2026-08-24T19:12:23.963330
TXN_000010016,ACC_000421,MER_00162,525.34,INR,success,wallet,2026-08-24T19:12:23.963337
TXN_000010017,ACC_000098,MER_00189,4609.21,INR,success,wallet,2026-08-24T19:12:23.963340
TXN_000010018,ACC_000925,MER_00196,2753.77,INR,success,card,2026-08-24T19:12:23.963344
TXN_000010019,ACC_000471,MER_00048,3158.17,INR,success,card,2026-08-24T19:12:23.963347
TXN_000010020,ACC_000210,MER_00165,1369.45,INR,success,upi,2026-08-24T19:12:23.963351
TXN_000010021,ACC_000307,MER_00007,1720.39,INR,success,net_banking,2026-08-24T19:12:23.963354
TXN_000010022,ACC_000024,MER_00024,2472.27,INR,success,upi,2026-08-24T19:12:23.963358
TXN_000010023,ACC_000998,MER_00079,1296.75,INR,success,upi,2026-08-24T19:12:23.963361
TXN_000010024,ACC_000748,MER_00146,2332.94,INR,success,net_banking,2026-08-24T19:12:23.963365
TXN_000010025,ACC_000479,MER_00040,973.12,INR,success,card,2026-08-24T19:12:23.963368
TXN_000010026,ACC_000260,MER_00071,1020.77,INR,success,wallet,2026-08-24T19:12:23.963372
TXN_000010027,ACC_000142,MER_00012,4736.62,INR,success,wallet,2026-08-24T19:12:23.963375
TXN_000010028,ACC_000776,MER_00040,488.61,INR,success,wallet,2026-08-24T19:12:23.963378
TXN_000010029,ACC_000405,MER_00101,1379.79,INR,success,card,2026-08-24T19:12:23.963382
TXN_000010030,ACC_000597,MER_00089,3012.23,INR,success,net_banking,2026-08-24T19:12:23.963385
TXN_000010031,ACC_000848,MER_00105,2730.57,INR,success,wallet,2026-08-24T19:12:23.963389
TXN_000010032,ACC_000002,MER_00103,4499.83,INR,success,wallet,2026-08-24T19:12:23.963392
TXN_000010033,ACC_000474,MER_00061,3554.58,INR,success,upi,2026-08-24T19:12:23.963396
TXN_000010034,ACC_000371,MER_00189,3158.15,INR,success,card,2026-08-24T19:12:23.963399
TXN_000010035,ACC_000253,MER_00080,3381.04,INR,success,upi,2026-08-24T19:12:23.963406
TXN_000010036,ACC_000396,MER_00035,1756.63,INR,success,wallet,2026-08-24T19:12:23.963413
TXN_000010037,ACC_000897,MER_00076,4517.06,INR,success,card,2026-08-24T19:12:23.963417
TXN_000010038,ACC_000805,MER_00162,802.7,INR,success,net_banking,2026-08-24T19:12:23.963420
TXN_000010039,ACC_000377,MER_00111,2641.07,INR,success,card,2026-08-24T19:12:23.963424
TXN_000010040,ACC_000706,MER_00067,428.43,INR,success,net_banking,2026-08-24T19:12:23.963427
TXN_000010041,ACC_000875,MER_00081,2097.24,INR,success,upi,2026-08-24T19:12:23.963430
TXN_000010042,ACC_000952,MER_00120,1229.38,INR,success,card,2026-08-24T19:12:23.963434
TXN_000010043,ACC_000845,MER_00068,2429.91,INR,success,card,2026-08-24T19:12:23.963437
TXN_000010044,ACC_000583,MER_00143,2362.24,INR,success,net_banking,2026-08-24T19:12:23.963440
TXN_000010045,ACC_000665,MER_00083,645.09,INR,success,card,2026-08-24T19:12:23.963444
TXN_000010046,ACC_000186,MER_00109,3004.31,INR,success,net_banking,2026-08-24T19:12:23.963447
TXN_000010047,ACC_000628,MER_00102,200.58,INR,pending,wallet,2026-08-24T19:12:23.963450
TXN_000010048,ACC_000695,MER_00141,263.96,INR,success,wallet,2026-08-24T19:12:23.963453
TXN_000010049,ACC_000508,MER_00140,3858.62,INR,success,upi,2026-08-24T19:12:23.963457
TXN_000010050,ACC_000928,MER_00120,196.82,INR,success,upi,2026-08-24T19:12:23.963460
TXN_000010051,ACC_000420,MER_00076,1061.16,INR,success,card,2026-08-24T19:12:23.963463
TXN_000010052,ACC_000603,MER_00182,874.27,INR,success,card,2026-08-24T19:12:23.963467
TXN_000010053,ACC_000598,MER_00071,2528.28,INR,success,net_banking,2026-08-24T19:12:23.963470
TXN_000010054,ACC_000818,MER_00006,3469.88,INR,success,card,2026-08-24T19:12:23.963474
TXN_000010055,ACC_000395,MER_00181,2093.74,INR,success,upi,2026-08-24T19:12:23.963479
TXN_000010056,ACC_000477,MER_00112,4486.08,INR,success,upi,2026-08-24T19:12:23.963482
TXN_000010057,ACC_000158,MER_00161,114.06,INR,success,wallet,2026-08-24T19:12:23.963487
TXN_000010058,ACC_000802,MER_00117,2151.31,INR,pending,card,2026-08-24T19:12:23.963490
TXN_000010059,ACC_000079,MER_00155,4675.44,INR,success,upi,2026-08-24T19:12:23.963493
TXN_000010060,ACC_000512,MER_00026,1374.58,INR,success,card,2026-08-24T19:12:23.963497
TXN_000010061,ACC_000312,MER_00051,1126.46,INR,pending,card,2026-08-24T19:12:23.963500
TXN_000010062,ACC_000539,MER_00192,2883.49,INR,success,wallet,2026-08-24T19:12:23.963504
TXN_000010063,ACC_000264,MER_00151,1215.54,INR,success,upi,2026-08-24T19:12:23.963507
TXN_000010064,ACC_000361,MER_00072,4115.14,INR,success,wallet,2026-08-24T19:12:23.963510
TXN_000010065,ACC_000257,MER_00072,1966.47,INR,success,card,2026-08-24T19:12:23.963514
TXN_000010066,ACC_000795,MER_00022,4066.96,INR,success,card,2026-08-24T19:12:23.963518
TXN_000010067,ACC_000144,MER_00073,3059.6,INR,success,wallet,2026-08-24T19:12:23.963521
TXN_000010068,ACC_000125,MER_00023,3501.76,INR,success,net_banking,2026-08-24T19:12:23.963524
TXN_000010069,ACC_000883,MER_00050,2460.48,INR,success,upi,2026-08-24T19:12:23.963528
TXN_000010070,ACC_000799,MER_00035,3567.14,INR,success,net_banking,2026-08-24T19:12:23.963531
TXN_000010071,ACC_000202,MER_00032,2739.84,INR,success,card,2026-08-24T19:12:23.963535
TXN_000010072,ACC_000339,MER_00167,1466.56,INR,success,wallet,2026-08-24T19:12:23.963538
TXN_000010073,ACC_000194,MER_00058,2938.16,INR,success,wallet,2026-08-24T19:12:23.963542
TXN_000010074,ACC_000027,MER_00094,2685.47,INR,success,net_banking,2026-08-24T19:12:23.963546
TXN_000010075,ACC_000085,MER_00081,4460.23,INR,success,upi,2026-08-24T19:12:23.963551
TXN_000010076,ACC_000959,MER_00095,2920.9,INR,success,wallet,2026-08-24T19:12:23.963554
TXN_000010077,ACC_000608,MER_00173,2957.25,INR,success,wallet,2026-08-24T19:12:23.963557
TXN_000010078,ACC_000980,MER_00085,3618.98,INR,success,wallet,2026-08-24T19:12:23.963561
TXN_000010079,ACC_000442,MER_00018,1530.59,INR,success,net_banking,2026-08-24T19:12:23.963565
TXN_000010080,ACC_000645,MER_00052,3269.3,INR,success,upi,2026-08-24T19:12:23.963568
TXN_000010081,ACC_000665,MER_00050,3449.93,INR,success,upi,2026-08-24T19:12:23.963571
TXN_000010082,ACC_000588,MER_00129,2424.57,INR,success,wallet,2026-08-24T19:12:23.963578
TXN_000010083,ACC_000232,MER_00007,3622.98,INR,success,wallet,2026-08-24T19:12:23.963582
TXN_000010084,ACC_000335,MER_00133,4407.29,INR,success,net_banking,2026-08-24T19:12:23.963585
TXN_000010085,ACC_000429,MER_00077,1962.08,INR,success,net_banking,2026-08-24T19:12:23.963588
TXN_000010086,ACC_000319,MER_00151,662.96,INR,success,net_banking,2026-08-24T19:12:23.963592
TXN_000010087,ACC_000799,MER_00110,3168.65,INR,success,upi,2026-08-24T19:12:23.963595
TXN_000010088,ACC_000588,MER_00043,569.9,INR,success,wallet,2026-08-24T19:12:23.963601
TXN_000010089,ACC_000323,MER_00075,3324.6,INR,pending,upi,2026-08-24T19:12:23.963605
TXN_000010090,ACC_000079,MER_00013,4819.67,INR,success,upi,2026-08-24T19:12:23.963608
TXN_000010091,ACC_000215,MER_00034,611.93,INR,success,upi,2026-08-24T19:12:23.963612
TXN_000010092,ACC_000374,MER_00148,3745.27,INR,success,upi,2026-08-24T19:12:23.963615
TXN_000010093,ACC_000709,MER_00119,1725.8,INR,success,wallet,2026-08-24T19:12:23.963618
TXN_000010094,ACC_000014,MER_00039,1965.19,INR,success,upi,2026-08-24T19:12:23.963625
TXN_000010095,ACC_000848,MER_00144,3252.87,INR,success,upi,2026-08-24T19:12:23.963628
TXN_000010096,ACC_000850,MER_00054,3403.6,INR,success,wallet,2026-08-24T19:12:23.963632
TXN_000010097,ACC_000230,MER_00093,463.22,INR,success,wallet,2026-08-24T19:12:23.963635
TXN_000010098,ACC_000639,MER_00037,338.45,INR,success,card,2026-08-24T19:12:23.963638
TXN_000010099,ACC_000701,MER_00175,880.76,INR,success,card,2026-08-24T19:12:23.963642
TXN_000010100,ACC_000556,MER_00045,2136.99,INR,success,upi,2026-08-24T19:12:23.963646
